loan_id,month_index,reporting_month,origination_month,loan_age_months,remaining_term_months,original_balance,current_balance,interest_rate,credit_score_band,ltv_band,dti_band,state,loan_purpose,occupancy_type,property_type,servicer_name,current_status,days_past_due,modification_flag,prepayment_flag,default_flag,loss_severity_band,last_updated_at,source_system,document_status,next_3m_delinquency_flag,next_6m_delinquency_flag,next_12m_default_flag,next_12m_prepayment_flag,next_state,exception_required,exception_type
F19Q30113359,17,2020-06,2019-08,10,350,216000.0,205549.57,4.0,780+,70-80,36-43,KS,purchase,primary,pud,OTHER,Current,0.0,0,0,0,,2020-07-03 00:00:00,investor_feed,complete,0.0,0.0,0.0,1.0,Current,0,none
F23Q30214853,59,2023-12,2023-09,3,357,180000.0,180000.0,7.75,700-739,70-80,>43,AZ,purchase,primary,condo,"UNITED WHOLESALE MORTGAGE, LLC",Current,0.0,0,0,0,,2024-01-08 00:00:00,investor_feed,complete,0.0,1.0,0.0,1.0,Current,0,none
F22Q40015003,62,2024-03,2022-11,16,344,647000.0,633937.17,5.99,780+,60-70,36-43,FL,purchase,primary,pud,MATRIX FINANCIAL SERVICES CORPORATION,Current,0.0,0,0,0,,2024-04-17 00:00:00,core_servicing,complete,0.0,0.0,0.0,0.0,Current,0,none
F21Q20617538,45,2022-10,2021-07,15,345,264000.0,257347.44,3.375,700-739,>95,30-36,NJ,purchase,primary,condo,"CALIBER HOME LOANS, INC.",Current,0.0,0,0,0,,2022-11-19 00:00:00,core_servicing,complete,0.0,0.0,0.0,0.0,Current,0,none
F23Q20204465,86,2026-03,2023-06,33,327,300000.0,224288.22,5.625,740-779,<=60,,NY,purchase,primary,single_family,"JPMORGAN CHASE BANK, NATIONAL ASSOCIATION",Current,0.0,0,0,0,,2026-04-08 00:00:00,investor_feed,pending,,,,,,0,none
F20Q30227907,79,2025-08,2020-08,60,180,253000.0,203339.93,3.25,780+,70-80,20-30,PA,rate_term_refi,primary,single_family,"JPMORGAN CHASE BANK, NATIONAL ASSOCIATION",Current,0.0,0,0,0,,2025-09-06 00:00:00,core_servicing,complete,0.0,0.0,,,Current,0,none
F23Q40168139,67,2024-08,2024-01,7,353,700000.0,695904.54,6.99,780+,<=60,,NM,purchase,primary,condo,OTHER,Current,0.0,0,0,0,,2024-09-07 00:00:00,core_servicing,complete,0.0,0.0,0.0,0.0,Current,0,none
F21Q40650283,53,2023-06,2022-01,17,157,80000.0,73596.14,2.875,740-779,<=60,20-30,WV,rate_term_refi,primary,pud,FREEDOM MORTGAGE CORPORATION,Current,0.0,0,0,0,,2023-07-02 00:00:00,core_servicing,complete,0.0,0.0,0.0,0.0,Current,0,none
F20Q20303671,58,2023-11,2020-06,41,319,554000.0,514549.59,3.25,740-779,<=60,36-43,CA,rate_term_refi,primary,single_family,ONSLOW BAY FINANCIAL LLC,Current,0.0,0,0,0,,2023-12-07 00:00:00,core_servicing,complete,0.0,0.0,0.0,0.0,Current,0,none
F19Q40292400,58,2023-11,2019-12,47,313,208000.0,191138.85,3.75,740-779,70-80,30-36,GA,purchase,primary,single_family,"AMERIHOME MORTGAGE COMPANY, LLC",Current,0.0,0,0,0,,2023-12-12 00:00:00,core_servicing,complete,0.0,0.0,0.0,0.0,Current,0,none
F19Q40368638,23,2020-12,2019-12,12,168,212000.0,198565.2,3.625,740-779,70-80,36-43,MO,cash_out_refi,primary,single_family,"JPMORGAN CHASE BANK, NATIONAL ASSOCIATION",Current,0.0,0,0,0,,2021-01-28 00:00:00,investor_feed,complete,0.0,0.0,0.0,1.0,Current,0,none
F20Q30521049,66,2024-07,2020-09,46,134,189000.0,147151.13,2.75,740-779,60-70,20-30,IL,rate_term_refi,primary,single_family,"JPMORGAN CHASE BANK, NATIONAL ASSOCIATION",Current,0.0,0,0,0,,2024-08-11 00:00:00,core_servicing,complete,0.0,0.0,0.0,0.0,Current,0,none
F21Q20477845,53,2023-06,2021-05,25,155,250000.0,221122.91,2.75,780+,60-70,<=20,OH,cash_out_refi,primary,pud,OTHER,Current,0.0,0,0,0,,2023-07-07 00:00:00,core_servicing,complete,0.0,0.0,0.0,0.0,Current,0,none
F21Q12437345,27,2021-04,2021-04,0,180,204000.0,203000.0,2.375,780+,60-70,>43,VA,cash_out_refi,primary,single_family,PENNYMAC CORP.,Current,0.0,0,0,0,,2021-05-17 00:00:00,investor_feed,complete,0.0,0.0,0.0,0.0,Current,0,none
F19Q10216946,40,2022-05,2019-04,37,143,120000.0,97643.06,3.875,780+,<=60,20-30,FL,rate_term_refi,primary,pud,NATIONSTAR MORTGAGE LLC DBA MR. COOPER,Current,0.0,0,0,0,,2022-06-03 00:00:00,core_servicing,complete,0.0,0.0,0.0,0.0,Current,0,none
F22Q10238961,55,2023-08,2022-03,17,331,444000.0,430875.12,3.467,700-739,60-70,36-43,UT,cash_out_refi,primary,single_family,"ROCKET MORTGAGE, LLC",Current,0.0,0,0,0,,2023-09-12 00:00:00,core_servicing,complete,1.0,1.0,0.0,1.0,Current,0,none
F21Q11398130,45,2022-10,2021-02,20,340,298000.0,287480.63,2.99,780+,<=60,36-43,CA,cash_out_refi,investment,condo,FREEDOM MORTGAGE CORPORATION,Current,0.0,0,0,0,,2022-11-02 00:00:00,core_servicing,complete,0.0,0.0,0.0,0.0,Current,0,none
F19Q40543314,59,2023-12,2020-01,47,313,300000.0,276639.37,3.75,780+,70-80,,FL,purchase,primary,pud,OTHER,Current,0.0,0,0,0,,2024-01-09 00:00:00,core_servicing,complete,0.0,0.0,0.0,0.0,Current,0,none
F22Q10400396,80,2025-09,2022-03,42,318,317000.0,294302.87,3.375,700-739,70-80,>43,PA,cash_out_refi,primary,single_family,"WELLS FARGO BANK, N.A.",Current,0.0,0,0,0,,2025-10-05 00:00:00,core_servicing,complete,0.0,0.0,,,Current,0,none
F21Q12325715,68,2024-09,2021-04,41,319,468000.0,434035.14,3.125,740-779,70-80,20-30,TX,purchase,second_home,pud,FREEDOM MORTGAGE CORPORATION,Current,0.0,0,0,0,,2024-10-25 00:00:00,investor_feed,complete,0.0,0.0,0.0,0.0,Current,0,none
F21Q11779986,73,2025-02,2021-02,48,312,161000.0,147774.45,3.5,660-699,70-80,36-43,TX,purchase,primary,pud,OTHER,Current,0.0,0,0,0,,2025-03-02 00:00:00,investor_feed,complete,0.0,0.0,0.0,0.0,Current,0,none
F20Q31001967,46,2022-11,2020-11,24,336,666000.0,637270.28,2.875,780+,60-70,30-36,CA,rate_term_refi,primary,single_family,"JPMORGAN CHASE BANK, NATIONAL ASSOCIATION",Current,0.0,0,0,0,,2022-12-10 00:00:00,core_servicing,complete,0.0,0.0,0.0,1.0,Current,0,none
F22Q30318144,66,2024-07,2022-10,21,339,240000.0,233657.13,5.25,700-739,70-80,36-43,MD,cash_out_refi,,single_family,"LAKEVIEW LOAN SERVICING, LLC",Current,0.0,0,0,0,,2024-08-04 00:00:00,core_servicing,complete,0.0,0.0,0.0,0.0,Current,0,none
F21Q40302171,79,2025-08,2021-12,44,196,297000.0,250123.89,2.739,780+,,36-43,MO,rate_term_refi,primary,single_family,OTHER,Current,0.0,0,0,0,,2025-09-16 00:00:00,core_servicing,complete,0.0,0.0,,,Current,0,none
F22Q10215184,63,2024-04,2022-02,26,334,190000.0,179970.31,3.375,740-779,90-95,<=20,OK,purchase,primary,,OTHER,Current,,0,0,0,,2024-05-03 00:00:00,core_servicing,complete,0.0,0.0,0.0,1.0,Current,0,none
F21Q40417280,71,2024-12,2021-12,36,324,378000.0,353512.9,3.0,740-779,80-90,<=20,NJ,purchase,primary,single_family,OTHER,Current,0.0,0,0,0,,2025-01-10 00:00:00,core_servicing,complete,0.0,0.0,0.0,0.0,Current,0,none
F22Q10422127,47,2022-12,2022-04,8,352,324000.0,320053.6,4.125,780+,70-80,20-30,VA,cash_out_refi,,single_family,"LAKEVIEW LOAN SERVICING, LLC",Current,0.0,0,0,0,,2023-01-11 00:00:00,investor_feed,complete,0.0,0.0,0.0,0.0,Current,0,none
F22Q20277656,55,2023-08,2022-06,14,346,78000.0,76926.61,4.625,740-779,70-80,20-30,MD,purchase,,condo,"AMERIHOME MORTGAGE COMPANY, LLC",Current,0.0,0,0,0,,2023-09-20 00:00:00,core_servicing,complete,0.0,0.0,0.0,0.0,Current,0,none
F19Q20204185,54,2023-07,2019-07,48,312,113000.0,97232.29,4.125,780+,70-80,30-36,WI,purchase,second_home,single_family,OTHER,Current,0.0,0,0,0,,2023-10-03 00:00:00,investor_feed,complete,0.0,0.0,0.0,0.0,Current,0,none
F20Q40001429,47,2022-12,2020-10,26,334,450000.0,429077.4,3.0,660-699,<=60,>43,WI,rate_term_refi,primary,single_family,OTHER,Current,0.0,0,0,0,,2023-01-05 00:00:00,investor_feed,complete,0.0,0.0,0.0,0.0,Current,0,none
F21Q30792202,33,2021-10,2021-10,0,360,172000.0,172000.0,4.75,620-659,70-80,30-36,IN,cash_out_refi,primary,single_family,MATRIX FINANCIAL SERVICES CORPORATION,Current,0.0,0,0,0,,2021-11-16 00:00:00,manual_upload,complete,0.0,0.0,0.0,0.0,Current,0,none
F23Q30021801,63,2024-04,2023-08,8,352,260000.0,108052.81,5.875,780+,70-80,>43,OH,purchase,primary,condo,OTHER,Current,0.0,0,0,0,,2024-05-07 00:00:00,core_servicing,complete,0.0,0.0,0.0,0.0,Current,0,none
F20Q31024334,72,2025-01,2020-10,51,309,702000.0,636553.09,2.99,780+,80-90,36-43,CA,purchase,primary,pud,"JPMORGAN CHASE BANK, NATIONAL ASSOCIATION",Current,0.0,0,0,0,,2025-02-12 00:00:00,manual_upload,missing,0.0,0.0,0.0,0.0,Current,1,missing_documentation
F20Q20676349,38,2022-03,2020-07,20,280,255000.0,242546.76,3.0,780+,<=60,20-30,MA,cash_out_refi,primary,single_family,"JPMORGAN CHASE BANK, NATIONAL ASSOCIATION",Current,0.0,0,0,0,,2022-04-17 00:00:00,core_servicing,complete,0.0,0.0,0.0,0.0,Current,0,none
F21Q40803188,71,2024-12,2022-01,35,325,159000.0,149137.01,3.375,660-699,60-70,36-43,OH,rate_term_refi,primary,single_family,OTHER,Current,0.0,0,0,0,,2025-01-07 00:00:00,core_servicing,complete,0.0,0.0,0.0,0.0,Current,0,none
F21Q12337070,45,2022-10,2021-04,18,342,775000.0,748942.33,2.95,780+,<=60,>43,CA,cash_out_refi,primary,single_family,"CALIBER HOME LOANS, INC.",Current,0.0,0,0,0,,2022-11-12 00:00:00,investor_feed,pending,0.0,0.0,0.0,0.0,Current,0,none
F21Q11655207,61,2024-02,2021-03,35,325,739000.0,445236.81,2.5,780+,70-80,30-36,CA,rate_term_refi,second_home,,"JPMORGAN CHASE BANK, NATIONAL ASSOCIATION",Current,0.0,0,0,0,,2024-03-08 00:00:00,core_servicing,complete,0.0,0.0,0.0,0.0,Current,0,none
F20Q10436974,36,2022-01,2020-04,21,159,587000.0,531269.94,2.99,780+,70-80,20-30,CA,rate_term_refi,primary,,OTHER,Current,0.0,0,0,0,,2022-06-16 00:00:00,core_servicing,complete,0.0,0.0,0.0,0.0,Current,0,none
F21Q40199675,82,2025-11,2021-11,48,132,156000.0,118388.7,2.5,780+,60-70,36-43,AL,cash_out_refi,primary,single_family,NATIONSTAR MORTGAGE LLC DBA MR. COOPER,Current,0.0,0,0,0,,2025-12-04 00:00:00,manual_upload,pending,0.0,,,,Current,0,none
F20Q10467737,62,2024-03,2020-04,47,313,130000.0,73610.12,3.375,740-779,<=60,20-30,FL,cash_out_refi,primary,single_family,OTHER,Current,0.0,0,0,0,,2024-04-26 00:00:00,core_servicing,complete,0.0,0.0,0.0,0.0,Current,0,none
F22Q30271967,68,2024-09,2022-09,24,336,117000.0,113832.62,5.0,780+,<=60,20-30,IN,purchase,primary,pud,"FIFTH THIRD BANK, NATIONAL ASSOCIATION",Current,0.0,0,0,0,,2024-10-09 00:00:00,core_servicing,missing,0.0,0.0,0.0,0.0,Current,1,missing_documentation
F20Q20168193,68,2024-09,2020-05,52,308,160000.0,145335.55,3.25,740-779,70-80,20-30,LA,purchase,primary,single_family,NATIONSTAR MORTGAGE LLC DBA MR. COOPER,Current,0.0,0,0,0,,2024-10-17 00:00:00,core_servicing,complete,0.0,0.0,0.0,0.0,Current,0,none
F22Q20401548,79,2025-08,2022-07,37,323,354000.0,334465.95,4.5,740-779,>95,20-30,MD,purchase,primary,single_family,"LAKEVIEW LOAN SERVICING, LLC",Current,0.0,0,0,0,,2025-09-07 00:00:00,core_servicing,exception,0.0,0.0,,,Current,0,none
F19Q20126542,51,2023-04,2019-05,47,313,105000.0,96014.55,4.875,620-659,<=60,,CA,cash_out_refi,primary,single_family,"AMERIHOME MORTGAGE COMPANY, LLC",Current,,0,0,0,,2023-05-22 00:00:00,core_servicing,complete,0.0,1.0,0.0,0.0,Current,0,none
F21Q12423763,81,2025-10,2021-04,54,126,349000.0,257928.1,2.625,780+,<=60,>43,GA,rate_term_refi,primary,single_family,TRUIST BANK,Current,0.0,0,0,0,,2025-11-06 00:00:00,core_servicing,complete,0.0,,,,Current,0,none
F21Q11972566,35,2021-12,2021-04,8,172,225000.0,214905.6,2.875,660-699,70-80,30-36,MD,cash_out_refi,primary,pud,NATIONSTAR MORTGAGE LLC DBA MR. COOPER,Current,0.0,0,0,0,,2022-01-02 00:00:00,core_servicing,complete,0.0,0.0,0.0,0.0,Current,0,none
F22Q20435646,72,2025-01,2022-07,30,330,260000.0,250667.48,5.375,700-739,<=60,36-43,TX,purchase,primary,pud,OTHER,Current,0.0,0,0,0,,2025-02-07 00:00:00,core_servicing,complete,0.0,0.0,0.0,0.0,Current,0,none
F19Q40347608,24,2021-01,2019-12,13,347,272000.0,268021.34,5.5,620-659,70-80,20-30,CA,purchase,primary,single_family,OTHER,Current,0.0,0,0,0,,2021-02-08 00:00:00,core_servicing,complete,0.0,0.0,0.0,0.0,Current,0,none
F22Q10446173,42,2022-07,2022-04,3,357,225000.0,223000.0,3.875,700-739,70-80,36-43,KY,purchase,primary,single_family,OTHER,Current,0.0,0,0,0,,2022-08-06 00:00:00,core_servicing,complete,0.0,1.0,0.0,0.0,Current,0,none
F23Q40119663,67,2024-08,2024-01,7,353,409000.0,406652.35,7.5,740-779,80-90,>43,MI,rate_term_refi,primary,single_family,NATIONSTAR MORTGAGE LLC DBA MR. COOPER,DQ30,30.0,0,0,0,,2024-09-10 00:00:00,investor_feed,complete,0.0,1.0,0.0,0.0,Current,0,none
F23Q10171344,58,2023-11,2023-03,8,352,322000.0,318769.17,5.75,660-699,70-80,>43,FL,purchase,primary,pud,"PENNYMAC LOAN SERVICES, LLC",Current,0.0,0,0,0,,2023-12-07 00:00:00,core_servicing,complete,0.0,0.0,0.0,1.0,Current,0,none
F20Q10503756,25,2021-02,2020-05,9,231,173000.0,165788.39,3.0,700-739,<=60,>43,FL,rate_term_refi,,pud,HOME POINT FINANCIAL CORPORATION,Current,,0,0,0,,2021-03-17 00:00:00,manual_upload,complete,0.0,0.0,0.0,0.0,Current,0,none
F20Q20013863,21,2020-10,2020-06,4,176,76000.0,74000.0,2.625,740-779,<=60,20-30,SC,rate_term_refi,primary,single_family,OTHER,Current,0.0,0,0,0,,2020-11-02 00:00:00,core_servicing,complete,0.0,0.0,0.0,0.0,Current,0,none
F23Q10028454,69,2024-10,2023-03,19,341,720000.0,730513.53,6.375,660-699,80-90,20-30,NJ,purchase,,pud,"LAKEVIEW LOAN SERVICING, LLC",DQ60,60.0,0,0,0,,2024-11-07 00:00:00,core_servicing,complete,1.0,1.0,1.0,0.0,DQ90plus,0,none
F22Q10286156,44,2022-09,2022-03,6,174,201000.0,196000.0,2.99,700-739,60-70,>43,FL,cash_out_refi,primary,single_family,"ROCKET MORTGAGE, LLC",Current,0.0,0,0,0,,2022-10-03 00:00:00,core_servicing,complete,0.0,0.0,0.0,0.0,Current,1,balance_reconciliation_break
F20Q41042214,53,2023-06,2021-01,29,331,292000.0,273287.29,2.99,700-739,70-80,30-36,CO,rate_term_refi,primary,pud,OTHER,Current,0.0,0,0,0,,2023-07-08 00:00:00,core_servicing,complete,0.0,0.0,0.0,0.0,Current,0,none
F22Q10378594,69,2024-10,2022-04,30,330,634000.0,605154.24,3.99,740-779,70-80,30-36,FL,purchase,primary,pud,OTHER,Current,0.0,0,0,0,,2024-11-08 00:00:00,core_servicing,complete,0.0,0.0,0.0,0.0,Current,0,none
F22Q20402233,60,2024-01,2022-07,18,342,632000.0,344562.58,5.25,780+,70-80,<=20,TX,purchase,primary,,FREEDOM MORTGAGE CORPORATION,Current,0.0,0,0,0,,2024-06-13 00:00:00,core_servicing,missing,0.0,0.0,0.0,0.0,Current,1,missing_documentation
F22Q20435768,74,2025-03,2022-07,32,328,96000.0,92676.08,5.5,,80-90,20-30,AR,rate_term_refi,primary,single_family,NEW RESIDENTIAL MORTGAGE LLC,Current,0.0,0,0,0,,2025-04-08 00:00:00,core_servicing,complete,0.0,0.0,0.0,0.0,Current,0,none
F23Q10158427,62,2024-03,2023-04,11,349,133000.0,131873.81,6.75,660-699,>95,20-30,IA,purchase,primary,single_family,OTHER,Current,0.0,0,0,0,,2024-08-30 00:00:00,investor_feed,missing,0.0,0.0,0.0,0.0,Current,1,stale_servicer_reporting
F22Q10464658,43,2022-08,2022-04,4,176,200000.0,197000.0,3.5,660-699,<=60,36-43,TX,cash_out_refi,primary,pud,OTHER,Current,0.0,0,0,0,,2022-09-15 00:00:00,core_servicing,complete,0.0,0.0,0.0,0.0,Current,0,none
F19Q30205368,45,2022-10,2019-09,37,323,155000.0,145828.19,3.875,780+,<=60,20-30,CA,cash_out_refi,primary,single_family,"JPMORGAN CHASE BANK, NATIONAL ASSOCIATION",Current,0.0,0,0,0,,2022-11-15 00:00:00,core_servicing,complete,0.0,0.0,0.0,0.0,Current,0,none
F23Q40091923,80,2025-09,2023-12,21,339,240000.0,233566.7,7.125,700-739,70-80,36-43,NC,purchase,primary,pud,NATIONSTAR MORTGAGE LLC DBA MR. COOPER,Current,0.0,0,0,0,,2025-10-10 00:00:00,core_servicing,pending,0.0,0.0,,,Current,0,none
F21Q20235379,63,2024-04,2021-05,35,325,252000.0,227071.0,3.375,780+,70-80,36-43,OH,purchase,primary,single_family,"JPMORGAN CHASE BANK, NATIONAL ASSOCIATION",Current,0.0,0,0,0,,2024-05-12 00:00:00,core_servicing,complete,0.0,0.0,0.0,0.0,Current,0,none
F20Q30369555,50,2023-03,2020-09,30,330,81000.0,76716.0,3.625,660-699,90-95,20-30,OH,purchase,primary,single_family,OTHER,Current,0.0,0,0,0,,2023-04-18 00:00:00,core_servicing,pending,0.0,0.0,0.0,0.0,Current,0,none
F19Q30039944,12,2020-01,2019-08,5,355,279000.0,276000.0,3.375,700-739,70-80,20-30,AZ,rate_term_refi,primary,pud,QUICKEN LOANS INC.,Current,0.0,0,0,0,,2020-02-14 00:00:00,manual_upload,complete,0.0,0.0,0.0,1.0,Current,0,none
F22Q30014435,60,2024-01,2022-08,17,343,131000.0,117416.61,5.5,740-779,80-90,,CT,purchase,primary,condo,NEW RESIDENTIAL MORTGAGE LLC,Current,,0,0,0,,2024-02-08 00:00:00,core_servicing,complete,0.0,0.0,0.0,0.0,Current,0,none
F22Q40160831,82,2025-11,2022-12,35,325,404000.0,391806.27,7.375,660-699,80-90,>43,TN,purchase,primary,pud,NEW RESIDENTIAL MORTGAGE LLC,Current,0.0,0,0,0,,2025-12-07 00:00:00,core_servicing,pending,0.0,,,,Current,0,none
F22Q30019729,43,2022-08,2022-08,0,360,518000.0,518000.0,5.55,740-779,80-90,>43,GA,purchase,primary,single_family,OTHER,Current,0.0,0,0,0,,2022-09-16 00:00:00,core_servicing,missing,0.0,0.0,0.0,0.0,Current,1,missing_documentation
F21Q12435023,35,2021-12,2021-04,8,172,168000.0,161076.06,2.625,740-779,60-70,<=20,NY,cash_out_refi,primary,single_family,NATIONSTAR MORTGAGE LLC DBA MR. COOPER,Current,0.0,0,0,0,,2022-01-05 00:00:00,core_servicing,complete,0.0,0.0,0.0,0.0,Current,0,none
F19Q10207408,32,2021-09,2019-03,30,330,105000.0,100568.08,4.5,780+,70-80,>43,FL,purchase,primary,single_family,OTHER,Current,0.0,0,0,0,,2021-10-08 00:00:00,investor_feed,missing,0.0,0.0,0.0,0.0,Current,1,missing_documentation
F23Q40129216,77,2025-06,2024-01,17,343,318000.0,169308.87,6.99,740-779,70-80,>43,TN,purchase,primary,single_family,OTHER,Current,0.0,0,0,0,,2025-07-08 00:00:00,core_servicing,complete,0.0,0.0,,,Current,0,none
F19Q40063047,12,2020-01,2019-11,2,358,281000.0,280000.0,4.0,740-779,,>43,OR,cash_out_refi,primary,,OTHER,Current,0.0,0,0,0,,2020-02-13 00:00:00,core_servicing,complete,0.0,0.0,0.0,0.0,Current,0,none
F22Q40165156,58,2023-11,2023-01,10,350,107000.0,105359.36,6.625,660-699,70-80,36-43,OH,cash_out_refi,primary,single_family,NATIONSTAR MORTGAGE LLC DBA MR. COOPER,Current,0.0,0,0,0,,2023-12-04 00:00:00,investor_feed,complete,0.0,0.0,0.0,0.0,Current,0,none
F20Q40405852,40,2022-05,2020-12,17,343,295000.0,285149.31,2.999,740-779,70-80,36-43,CA,rate_term_refi,primary,,"UNITED WHOLESALE MORTGAGE, LLC",Current,0.0,0,0,0,,2022-06-11 00:00:00,core_servicing,complete,0.0,0.0,0.0,0.0,Current,0,none
F20Q41202673,86,2026-03,2021-01,62,298,395000.0,347460.86,2.875,740-779,70-80,20-30,CA,rate_term_refi,primary,pud,"JPMORGAN CHASE BANK, NATIONAL ASSOCIATION",Current,0.0,0,0,0,,2026-07-11 00:00:00,core_servicing,pending,,,,,,1,stale_servicer_reporting
F21Q40342962,56,2023-09,2021-11,22,218,299000.0,278138.94,2.875,780+,70-80,30-36,UT,rate_term_refi,primary,,NATIONSTAR MORTGAGE LLC DBA MR. COOPER,Current,0.0,0,0,0,,2023-10-11 00:00:00,core_servicing,complete,0.0,0.0,0.0,0.0,Current,0,none
F19Q20222742,14,2020-03,2019-06,9,351,340000.0,322222.57,4.0,780+,<=60,<=20,CO,rate_term_refi,primary,pud,OTHER,Current,0.0,0,0,0,,2020-04-02 00:00:00,core_servicing,complete,0.0,0.0,0.0,1.0,Current,0,none
F21Q40132966,39,2022-04,2021-11,5,355,181000.0,179000.0,3.375,700-739,90-95,36-43,OH,purchase,primary,single_family,OTHER,Current,0.0,0,0,0,,2022-05-04 00:00:00,core_servicing,complete,0.0,0.0,0.0,0.0,Current,0,none
F20Q10449585,53,2023-06,2020-04,38,322,395000.0,367803.75,3.125,780+,70-80,30-36,OR,rate_term_refi,primary,single_family,"JPMORGAN CHASE BANK, NATIONAL ASSOCIATION",Current,0.0,0,0,0,,2023-07-12 00:00:00,core_servicing,complete,0.0,0.0,0.0,0.0,Current,0,none
F22Q10370457,46,2022-11,2022-03,8,172,529000.0,509256.16,2.625,740-779,<=60,20-30,DC,rate_term_refi,primary,single_family,"JPMORGAN CHASE BANK, NATIONAL ASSOCIATION",Current,0.0,0,0,0,,2022-12-09 00:00:00,manual_upload,complete,0.0,0.0,0.0,0.0,Current,0,none
F22Q20168800,69,2024-10,2022-05,29,331,380000.0,363930.41,4.25,700-739,90-95,>43,PA,purchase,primary,single_family,FREEDOM MORTGAGE CORPORATION,Current,0.0,0,0,0,,2024-11-20 00:00:00,core_servicing,complete,0.0,0.0,0.0,0.0,Current,0,none
F20Q40334910,42,2022-07,2020-11,20,340,301000.0,290202.61,2.875,740-779,60-70,36-43,CA,rate_term_refi,primary,,HOME POINT FINANCIAL CORPORATION,Current,0.0,0,0,0,,2022-08-06 00:00:00,manual_upload,complete,0.0,0.0,0.0,0.0,Current,0,none
F20Q40978082,48,2023-01,2021-01,24,216,173000.0,158791.6,3.125,700-739,<=60,,FL,cash_out_refi,primary,single_family,OTHER,Current,0.0,0,0,0,,2023-02-14 00:00:00,core_servicing,complete,0.0,0.0,0.0,0.0,Current,0,none
F19Q40207223,71,2024-12,2019-12,60,300,214000.0,192556.59,3.875,740-779,90-95,30-36,TX,rate_term_refi,primary,single_family,"JPMORGAN CHASE BANK, NATIONAL ASSOCIATION",Current,0.0,0,0,0,,2025-01-02 00:00:00,core_servicing,complete,0.0,0.0,0.0,0.0,Current,0,none
F21Q30519581,42,2022-07,2021-09,10,350,244000.0,239425.26,3.375,620-659,90-95,20-30,OH,purchase,primary,single_family,OTHER,Current,0.0,0,0,0,,2022-08-08 00:00:00,investor_feed,complete,0.0,0.0,0.0,0.0,Current,0,none
F19Q30344008,34,2021-11,2019-10,25,155,129000.0,109589.41,3.875,780+,<=60,20-30,MD,cash_out_refi,investment,pud,NATIONSTAR MORTGAGE LLC DBA MR. COOPER,Current,0.0,0,0,0,,2021-12-02 00:00:00,investor_feed,complete,0.0,0.0,0.0,0.0,Current,0,none
F23Q30107735,74,2025-03,2023-09,18,342,135000.0,133216.46,7.0,660-699,>95,>43,IN,purchase,primary,single_family,OTHER,Current,0.0,0,0,0,,2025-04-05 00:00:00,core_servicing,missing,0.0,0.0,0.0,1.0,Current,1,missing_documentation
F21Q30638879,34,2021-11,2021-09,2,358,200000.0,199000.0,3.25,740-779,<=60,20-30,OR,cash_out_refi,second_home,single_family,OTHER,Current,0.0,0,0,0,,2021-12-07 00:00:00,manual_upload,complete,0.0,0.0,0.0,0.0,Current,0,none
F20Q20706026,32,2021-09,2020-06,15,345,70000.0,68100.87,3.5,660-699,60-70,>43,MI,rate_term_refi,,single_family,"WELLS FARGO BANK, N.A.",Current,0.0,0,0,0,,2021-10-05 00:00:00,investor_feed,complete,0.0,0.0,0.0,0.0,Current,0,none
F21Q30902808,83,2025-12,2021-10,50,130,120000.0,91170.4,2.5,700-739,<=60,<=20,FL,rate_term_refi,primary,condo,"WELLS FARGO BANK, N.A.",Current,0.0,0,0,0,,2026-01-19 00:00:00,core_servicing,complete,0.0,,,,Current,0,none
F21Q11847122,47,2022-12,2021-04,20,340,218000.0,203187.85,3.375,740-779,70-80,>43,IL,purchase,investment,2-4_unit,OTHER,Current,0.0,0,0,0,,2023-01-15 00:00:00,core_servicing,complete,0.0,0.0,0.0,0.0,Current,0,none
F20Q10017096,24,2021-01,2020-02,11,349,168000.0,165729.02,5.375,700-739,70-80,30-36,KY,purchase,investment,single_family,OTHER,Current,0.0,0,0,0,,2021-02-03 00:00:00,core_servicing,complete,0.0,0.0,0.0,1.0,Current,0,none
F19Q30001106,54,2023-07,2019-07,48,132,93000.0,73059.62,3.75,740-779,70-80,36-43,KY,cash_out_refi,primary,single_family,OTHER,Current,0.0,0,0,0,,2023-08-03 00:00:00,core_servicing,complete,0.0,0.0,0.0,0.0,Current,0,none
F21Q20295012,84,2026-01,2021-06,55,185,504000.0,397061.13,2.75,740-779,70-80,20-30,WA,cash_out_refi,primary,single_family,"ROCKET MORTGAGE, LLC",Current,0.0,0,0,0,,2026-02-20 00:00:00,core_servicing,complete,,,,,Current,0,none
F21Q11420884,76,2025-05,2021-02,51,129,191000.0,144802.7,2.75,780+,70-80,30-36,CA,cash_out_refi,investment,single_family,"UNITED WHOLESALE MORTGAGE, LLC",Current,,0,0,0,,2025-06-06 00:00:00,manual_upload,complete,0.0,0.0,,,Current,0,none
F20Q40700972,78,2025-07,2020-12,55,125,77000.0,53398.86,3.5,740-779,<=60,20-30,MN,rate_term_refi,primary,,"WELLS FARGO BANK, N.A.",Current,0.0,0,0,0,,2025-08-04 00:00:00,core_servicing,missing,0.0,0.0,,,Current,1,missing_documentation
F19Q30126623,57,2023-10,2019-09,49,311,135000.0,125645.81,4.75,,80-90,36-43,FL,purchase,second_home,single_family,NEW RESIDENTIAL MORTGAGE LLC,Current,0.0,0,0,0,,2023-10-21 00:00:00,manual_upload,complete,0.0,0.0,0.0,0.0,Current,1,invalid_date_relationship
F22Q30096682,44,2022-09,2022-09,0,360,218000.0,218000.0,5.875,740-779,90-95,30-36,OH,purchase,primary,single_family,OTHER,Current,0.0,0,0,0,,2022-10-20 00:00:00,investor_feed,complete,0.0,0.0,0.0,0.0,Current,0,none
F20Q20859802,26,2021-03,2020-07,8,352,316000.0,310676.76,3.0,740-779,70-80,30-36,TN,purchase,primary,,PENNYMAC CORP.,Current,0.0,0,0,0,,2021-04-07 00:00:00,core_servicing,complete,0.0,0.0,0.0,0.0,Current,0,none
F21Q20126031,50,2023-03,2021-05,22,338,307000.0,294674.95,2.875,740-779,>95,30-36,MD,purchase,primary,condo,PENNYMAC CORP.,Current,0.0,0,0,0,,2023-08-25 00:00:00,core_servicing,complete,0.0,0.0,0.0,0.0,Current,1,stale_servicer_reporting
F19Q10030818,2,2019-03,2019-02,1,359,147000.0,147000.0,4.99,700-739,90-95,36-43,FL,purchase,primary,condo,QUICKEN LOANS INC.,Current,0.0,0,0,0,,2019-04-08 00:00:00,core_servicing,complete,0.0,0.0,0.0,0.0,Current,0,none
F21Q20543375,84,2026-01,2021-06,55,305,209000.0,183157.13,3.125,740-779,90-95,36-43,TX,purchase,primary,pud,"JPMORGAN CHASE BANK, NATIONAL ASSOCIATION",Current,0.0,0,0,0,,2026-02-10 00:00:00,core_servicing,complete,,,,,Current,0,none
F22Q30221100,46,2022-11,2022-09,2,358,302000.0,300000.0,4.99,780+,80-90,>43,NC,purchase,primary,condo,"ROCKET MORTGAGE, LLC",Current,0.0,0,0,0,,2023-01-27 00:00:00,core_servicing,complete,0.0,0.0,0.0,0.0,Current,0,none
F22Q30086383,83,2025-12,2022-08,14,466,763000.0,851352.15,5.875,740-779,90-95,36-43,CA,purchase,primary,single_family,NATIONSTAR MORTGAGE LLC DBA MR. COOPER,Current,0.0,1,0,0,,2026-01-07 00:00:00,core_servicing,exception,0.0,0.0,0.0,0.0,Current,1,invalid_date_relationship
F21Q20504014,86,2026-03,2021-06,57,303,215000.0,192775.65,3.105,660-699,70-80,>43,AZ,purchase,primary,pud,TH MSR HOLDINGS LLC,Current,0.0,0,0,0,,2026-04-03 00:00:00,core_servicing,complete,,,,,,1,balance_reconciliation_break
F20Q20873988,63,2024-04,2020-08,44,316,332000.0,307507.82,3.5,740-779,60-70,>43,PA,cash_out_refi,primary,single_family,OTHER,Current,0.0,0,0,0,,2024-05-07 00:00:00,core_servicing,complete,0.0,0.0,0.0,0.0,Current,0,none
F20Q30743623,67,2024-08,2020-10,46,314,202000.0,185566.37,3.4,780+,60-70,20-30,WI,cash_out_refi,primary,single_family,OTHER,Current,0.0,0,0,0,,2024-09-04 00:00:00,investor_feed,complete,0.0,0.0,0.0,0.0,Current,0,none
F21Q30892900,45,2022-10,2021-09,13,347,73000.0,69877.31,2.875,740-779,70-80,20-30,OH,rate_term_refi,primary,single_family,OTHER,Current,0.0,0,0,0,,2022-11-14 00:00:00,core_servicing,complete,0.0,0.0,0.0,0.0,Current,0,none
F19Q30088035,16,2020-05,2019-08,9,351,251000.0,245446.5,3.875,700-739,80-90,30-36,ID,rate_term_refi,primary,single_family,OTHER,Current,0.0,0,0,0,,2020-06-14 00:00:00,core_servicing,complete,0.0,0.0,0.0,1.0,Current,0,none
F21Q30416850,56,2023-09,2021-09,24,336,548000.0,524332.36,2.99,740-779,<=60,>43,CA,cash_out_refi,primary,single_family,"JPMORGAN CHASE BANK, NATIONAL ASSOCIATION",Current,0.0,0,0,0,,2023-10-04 00:00:00,core_servicing,complete,0.0,0.0,0.0,0.0,Current,0,none
F20Q40169075,23,2020-12,2020-11,1,359,388000.0,388000.0,2.99,780+,60-70,20-30,CA,rate_term_refi,primary,condo,"JPMORGAN CHASE BANK, NATIONAL ASSOCIATION",Current,0.0,0,0,0,,2021-01-12 00:00:00,core_servicing,complete,0.0,0.0,0.0,1.0,Current,0,none
F21Q40253427,83,2025-12,2021-11,49,311,214000.0,195943.18,3.375,740-779,<=60,30-36,CO,cash_out_refi,primary,single_family,"FIFTH THIRD BANK, NATIONAL ASSOCIATION",Current,0.0,0,0,0,,2026-01-08 00:00:00,core_servicing,complete,0.0,0.0,0.0,1.0,Current,0,none
F21Q11324424,29,2021-06,2021-02,4,356,392000.0,389000.0,,780+,70-80,,CA,purchase,primary,single_family,"UNITED WHOLESALE MORTGAGE, LLC",Current,0.0,0,0,0,,2021-07-14 00:00:00,core_servicing,complete,0.0,0.0,0.0,0.0,Current,0,none
F22Q10475556,41,2022-06,2022-04,2,358,110000.0,110000.0,4.0,,60-70,20-30,MI,cash_out_refi,primary,single_family,"WELLS FARGO BANK, N.A.",Current,0.0,0,0,0,,2022-07-24 00:00:00,core_servicing,complete,0.0,0.0,0.0,0.0,Current,0,none
F19Q40140967,33,2021-10,2019-11,23,157,154000.0,0.0,3.25,780+,70-80,20-30,TX,purchase,primary,pud,OTHER,Current,0.0,0,1,0,,2021-11-02 00:00:00,manual_upload,complete,0.0,0.0,0.0,1.0,Prepaid,0,none
F19Q30376337,14,2020-03,2019-09,6,354,187000.0,185000.0,4.25,740-779,90-95,,MI,rate_term_refi,primary,condo,"AMERIHOME MORTGAGE COMPANY, LLC",Current,0.0,0,0,0,,2020-04-05 00:00:00,manual_upload,complete,0.0,0.0,0.0,0.0,Current,0,none
F22Q30157355,58,2023-11,2022-08,15,345,269000.0,264609.89,6.125,620-659,70-80,,FL,purchase,primary,pud,"FIFTH THIRD BANK, NATIONAL ASSOCIATION",Current,0.0,0,0,0,,2023-12-05 00:00:00,core_servicing,complete,0.0,0.0,0.0,0.0,Current,0,none
F19Q10138166,27,2021-04,2019-03,25,335,207000.0,196742.63,4.625,780+,80-90,<=20,MT,purchase,primary,condo,NEW RESIDENTIAL MORTGAGE LLC,Current,0.0,0,0,0,,2021-05-07 00:00:00,core_servicing,complete,0.0,0.0,0.0,0.0,Current,1,balance_reconciliation_break
F22Q10008677,61,2024-02,2022-02,24,336,166000.0,159420.43,3.125,780+,<=60,>43,GA,purchase,primary,pud,MATRIX FINANCIAL SERVICES CORPORATION,Current,0.0,0,0,0,,2024-03-06 00:00:00,manual_upload,complete,0.0,0.0,0.0,0.0,Current,0,none
F20Q40319381,42,2022-07,2020-11,20,340,223000.0,215000.66,2.875,740-779,70-80,30-36,CA,rate_term_refi,primary,condo,HOME POINT FINANCIAL CORPORATION,Current,0.0,0,0,0,,2022-08-04 00:00:00,investor_feed,complete,0.0,0.0,0.0,0.0,Current,0,none
F20Q20908144,41,2022-06,2020-07,23,157,119000.0,106047.77,2.375,660-699,70-80,36-43,PA,rate_term_refi,primary,single_family,"CITIZENS BANK, NA",Current,0.0,0,0,0,,2022-07-06 00:00:00,core_servicing,complete,0.0,0.0,0.0,0.0,Current,0,none
F21Q12328605,27,2021-04,2021-04,0,240,238000.0,238000.0,3.75,660-699,60-70,36-43,FL,cash_out_refi,primary,pud,OTHER,Current,0.0,0,0,0,,2021-05-14 00:00:00,core_servicing,complete,0.0,0.0,0.0,0.0,Current,0,none
F20Q41029952,52,2023-05,2021-01,28,332,376000.0,354495.6,2.875,780+,70-80,20-30,AZ,purchase,primary,pud,FREEDOM MORTGAGE CORPORATION,Current,0.0,0,0,0,,2023-06-02 00:00:00,investor_feed,missing,0.0,0.0,0.0,0.0,Current,1,balance_reconciliation_break
F23Q10147363,51,2023-04,2023-04,0,360,284000.0,284000.0,6.125,740-779,>95,>43,FL,purchase,primary,single_family,"AMERIHOME MORTGAGE COMPANY, LLC",Current,0.0,0,0,0,,2023-05-10 00:00:00,core_servicing,complete,0.0,0.0,0.0,0.0,Current,0,none
F19Q30388238,30,2021-07,2019-10,21,219,206000.0,193483.74,3.75,700-739,70-80,30-36,NH,rate_term_refi,primary,condo,OTHER,Current,0.0,0,0,0,,2021-08-23 00:00:00,core_servicing,complete,0.0,0.0,0.0,0.0,Current,0,none
F19Q20390159,60,2024-01,2019-07,54,306,204000.0,186283.42,4.0,780+,70-80,20-30,UT,purchase,primary,single_family,"WELLS FARGO BANK, N.A.",Current,0.0,0,0,0,,2024-02-03 00:00:00,core_servicing,complete,0.0,0.0,0.0,0.0,Current,0,none
F22Q10093391,63,2024-04,2022-02,26,334,232000.0,221531.98,3.125,740-779,60-70,20-30,FL,cash_out_refi,primary,pud,OTHER,Current,0.0,0,0,0,,2024-05-05 00:00:00,investor_feed,missing,0.0,0.0,0.0,0.0,Current,0,none
F19Q40328312,57,2023-10,2020-01,45,315,244000.0,226619.98,3.875,740-779,70-80,36-43,AZ,cash_out_refi,primary,single_family,MATRIX FINANCIAL SERVICES CORPORATION,Current,0.0,0,0,0,,2023-11-06 00:00:00,core_servicing,complete,0.0,0.0,0.0,0.0,Current,0,none
F23Q10055234,67,2024-08,2023-03,17,343,194000.0,189878.31,5.99,700-739,<=60,>43,MA,cash_out_refi,primary,single_family,OTHER,Current,0.0,0,0,0,,2024-09-04 00:00:00,investor_feed,complete,0.0,0.0,0.0,0.0,Current,0,none
F20Q20066996,22,2020-11,2020-07,4,356,116000.0,114000.0,3.75,740-779,70-80,36-43,ID,rate_term_refi,investment,,OTHER,Current,0.0,0,0,0,,2020-12-12 00:00:00,core_servicing,complete,0.0,0.0,0.0,0.0,Current,0,none
F21Q40418387,83,2025-12,2021-11,49,311,538000.0,488570.47,2.875,740-779,<=60,36-43,CA,rate_term_refi,primary,single_family,"JPMORGAN CHASE BANK, NATIONAL ASSOCIATION",Current,0.0,0,0,0,,2026-01-23 00:00:00,core_servicing,complete,0.0,,,,Current,0,none
F21Q30899809,83,2025-12,2021-10,50,310,276000.0,250824.35,3.125,700-739,70-80,36-43,AL,rate_term_refi,primary,single_family,NATIONSTAR MORTGAGE LLC DBA MR. COOPER,Current,,0,0,0,,2026-01-09 00:00:00,core_servicing,complete,0.0,,,,Current,0,none
F21Q40801493,70,2024-11,2021-12,35,325,387000.0,362884.99,3.125,660-699,<=60,36-43,CA,cash_out_refi,primary,single_family,OTHER,Current,0.0,0,0,0,,2024-12-10 00:00:00,core_servicing,complete,0.0,0.0,0.0,0.0,Current,0,none
F19Q30112633,67,2024-08,2019-10,58,302,352000.0,316891.41,3.625,700-739,<=60,20-30,CA,rate_term_refi,primary,single_family,OTHER,Current,0.0,0,0,0,,2024-09-05 00:00:00,manual_upload,complete,0.0,0.0,0.0,0.0,Current,0,none
F21Q20471312,42,2022-07,2021-06,13,107,120000.0,106941.13,,740-779,<=60,20-30,MI,rate_term_refi,primary,single_family,"LAKEVIEW LOAN SERVICING, LLC",Current,0.0,0,0,0,,2022-06-07 00:00:00,core_servicing,complete,0.0,0.0,0.0,0.0,Current,1,invalid_date_relationship
F22Q40127893,67,2024-08,2023-01,19,341,248000.0,242018.59,7.125,780+,,20-30,TX,purchase,primary,single_family,"AMERIHOME MORTGAGE COMPANY, LLC",Current,0.0,0,0,0,,2024-09-10 00:00:00,core_servicing,missing,1.0,1.0,0.0,1.0,DQ30,1,missing_documentation
F21Q11885640,42,2022-07,2021-03,16,164,205000.0,181234.06,2.5,660-699,60-70,30-36,CA,rate_term_refi,primary,pud,"WELLS FARGO BANK, N.A.",Current,0.0,0,0,0,,2022-08-18 00:00:00,core_servicing,complete,0.0,0.0,0.0,0.0,Current,0,none
F19Q10153295,81,2025-10,2019-04,78,282,88000.0,73976.78,4.875,700-739,<=60,20-30,TX,cash_out_refi,primary,single_family,OTHER,Current,0.0,0,0,0,,2025-11-04 00:00:00,core_servicing,complete,0.0,,,,Current,0,none
F20Q20799859,32,2021-09,2020-07,14,166,255000.0,235883.79,3.125,660-699,<=60,30-36,CA,cash_out_refi,primary,single_family,HOME POINT FINANCIAL CORPORATION,Current,0.0,0,0,0,,2021-10-13 00:00:00,core_servicing,complete,0.0,0.0,0.0,0.0,Current,1,balance_reconciliation_break
F19Q10226785,27,2021-04,2019-04,24,336,200000.0,192026.33,4.75,660-699,70-80,36-43,SC,purchase,primary,pud,"PNC BANK, NA",Current,0.0,0,0,0,,2021-05-04 00:00:00,core_servicing,complete,0.0,0.0,0.0,0.0,Current,0,none
F21Q11640575,66,2024-07,2021-02,41,319,438000.0,396586.22,2.75,740-779,<=60,20-30,WA,cash_out_refi,primary,single_family,NEW RESIDENTIAL MORTGAGE LLC,Current,,0,0,0,,2024-08-14 00:00:00,core_servicing,complete,0.0,0.0,0.0,0.0,Current,0,none
F21Q30662178,46,2022-11,2021-10,13,330,359000.0,349011.56,3.0,780+,70-80,20-30,RI,rate_term_refi,primary,single_family,FREEDOM MORTGAGE CORPORATION,Current,0.0,0,0,0,,2022-12-16 00:00:00,investor_feed,missing,0.0,0.0,0.0,0.0,Current,1,missing_documentation
F20Q20852546,29,2021-06,2020-07,11,349,368000.0,360117.24,3.125,740-779,60-70,30-36,MA,cash_out_refi,primary,single_family,"QUICKEN LOANS, LLC",Current,0.0,0,0,0,,2021-05-20 00:00:00,core_servicing,exception,0.0,0.0,0.0,0.0,Current,1,invalid_date_relationship
F20Q10067282,79,2025-08,2020-02,66,174,219000.0,169694.21,3.375,700-739,<=60,36-43,ID,rate_term_refi,primary,single_family,PHH ASSET SERVICES LLC,Current,0.0,0,0,0,,2025-09-04 00:00:00,core_servicing,complete,0.0,0.0,,,Current,0,none
F21Q20450624,33,2021-10,2021-06,4,356,560000.0,556000.0,3.25,700-739,70-80,20-30,CO,purchase,primary,single_family,"LAKEVIEW LOAN SERVICING, LLC",Current,0.0,0,0,0,,2021-11-24 00:00:00,core_servicing,complete,0.0,0.0,0.0,0.0,Current,0,none
F23Q30112736,82,2025-11,2023-09,26,334,360000.0,349624.13,7.49,740-779,70-80,>43,NH,purchase,second_home,condo,"ROCKET MORTGAGE, LLC",Current,0.0,0,0,0,,2025-12-06 00:00:00,investor_feed,complete,0.0,,,,Current,0,none
F19Q40070531,13,2020-02,2019-11,3,357,348000.0,346000.0,4.125,660-699,70-80,36-43,NV,purchase,primary,single_family,NEW RESIDENTIAL MORTGAGE LLC,Current,0.0,0,0,0,,2020-03-04 00:00:00,core_servicing,complete,0.0,0.0,0.0,0.0,Current,0,none
F20Q20734361,72,2025-01,2020-06,55,305,218000.0,196222.91,3.5,660-699,70-80,30-36,MD,rate_term_refi,primary,single_family,"ROCKET MORTGAGE, LLC",Current,0.0,0,0,0,,2025-02-05 00:00:00,core_servicing,complete,0.0,0.0,0.0,0.0,Current,0,none
F19Q20123844,47,2022-12,2019-06,42,318,719000.0,714329.9,5.0,700-739,70-80,>43,CA,purchase,primary,single_family,NEWREZ LLC,Current,0.0,0,0,0,,2023-01-06 00:00:00,manual_upload,complete,0.0,0.0,0.0,0.0,Current,0,none
F22Q20347670,62,2024-03,2022-07,20,340,351000.0,342350.41,5.375,780+,90-95,30-36,NC,purchase,primary,pud,"LAKEVIEW LOAN SERVICING, LLC",Current,0.0,0,0,0,,2024-04-06 00:00:00,core_servicing,pending,0.0,0.0,0.0,0.0,Current,0,none
F19Q10279501,45,2022-10,2019-02,44,316,200000.0,184721.83,4.875,660-699,<=60,>43,TX,cash_out_refi,primary,single_family,OTHER,Current,0.0,0,0,0,,2022-11-10 00:00:00,investor_feed,complete,0.0,0.0,0.0,0.0,Current,0,none
F22Q20124547,84,2026-01,2022-05,44,316,148000.0,137698.38,3.875,780+,<=60,20-30,IN,purchase,,pud,"PNC BANK, NA",Current,0.0,0,0,0,,2026-02-08 00:00:00,investor_feed,complete,,,,,Current,0,none
F20Q40775861,24,2021-01,2021-01,0,360,265000.0,265000.0,2.625,780+,70-80,36-43,TX,rate_term_refi,primary,pud,MATRIX FINANCIAL SERVICES CORPORATION,Current,0.0,0,0,0,,2021-02-13 00:00:00,core_servicing,missing,0.0,0.0,0.0,0.0,Current,1,missing_documentation
F20Q31062702,26,2021-03,2020-10,5,355,413000.0,409000.0,2.625,700-739,70-80,<=20,TX,rate_term_refi,primary,single_family,OTHER,Current,0.0,0,0,0,,2021-05-22 00:00:00,investor_feed,complete,0.0,0.0,0.0,0.0,Current,0,none
F19Q30196308,30,2021-07,2019-08,23,337,181000.0,174549.7,3.875,780+,70-80,30-36,CT,purchase,primary,condo,OTHER,Current,0.0,0,0,0,,2021-08-10 00:00:00,manual_upload,complete,0.0,0.0,0.0,0.0,Current,0,none
F20Q10237486,34,2021-11,2020-03,20,340,176000.0,168729.03,4.0,660-699,60-70,,GA,rate_term_refi,primary,single_family,OTHER,Current,0.0,0,0,0,,2021-12-13 00:00:00,core_servicing,complete,0.0,0.0,0.0,0.0,Current,0,none
F23Q40112410,66,2024-07,2023-12,7,353,248000.0,246314.01,8.0,660-699,<=60,>43,LA,purchase,investment,single_family,OTHER,Current,0.0,0,0,0,,2024-08-04 00:00:00,core_servicing,complete,0.0,0.0,0.0,0.0,Current,1,balance_reconciliation_break
F21Q30662178,62,2024-03,2021-10,29,314,359000.0,335058.78,3.0,780+,70-80,20-30,RI,rate_term_refi,primary,single_family,FREEDOM MORTGAGE CORPORATION,Current,0.0,0,0,0,,2024-04-12 00:00:00,core_servicing,complete,0.0,0.0,0.0,0.0,Current,0,none
F19Q10113602,54,2023-07,2019-03,52,308,116000.0,105674.76,5.125,700-739,>95,36-43,GA,purchase,primary,pud,"JPMORGAN CHASE BANK, NATIONAL ASSOCIATION",Current,0.0,0,0,0,,2023-08-29 00:00:00,manual_upload,pending,0.0,0.0,0.0,0.0,Current,0,none
F22Q30197520,47,2022-12,2022-09,3,357,96000.0,96000.0,6.5,740-779,70-80,<=20,OH,purchase,investment,2-4_unit,"UNITED WHOLESALE MORTGAGE, LLC",Current,0.0,0,0,0,,2023-01-17 00:00:00,investor_feed,complete,0.0,0.0,0.0,0.0,Current,0,none
F20Q20629655,77,2025-06,2020-07,59,301,501000.0,446408.83,2.999,740-779,80-90,36-43,UT,rate_term_refi,primary,single_family,OTHER,Current,0.0,0,0,0,,2025-07-04 00:00:00,investor_feed,complete,0.0,0.0,,,Current,0,none
F19Q30536672,71,2024-12,2019-09,63,297,300000.0,268592.01,3.75,780+,70-80,30-36,TN,cash_out_refi,primary,single_family,FREEDOM MORTGAGE CORPORATION,Current,0.0,0,0,0,,2025-01-08 00:00:00,investor_feed,complete,0.0,0.0,0.0,0.0,Current,0,none
F22Q20038801,40,2022-05,2022-05,0,360,319000.0,319000.0,4.25,780+,60-70,36-43,CA,purchase,primary,single_family,PHH MORTGAGE CORPORATION,Current,0.0,0,0,0,,2022-06-09 00:00:00,manual_upload,complete,0.0,0.0,0.0,0.0,Current,0,none
F20Q40965220,52,2023-05,2021-01,28,332,277000.0,261966.3,2.75,740-779,70-80,20-30,VA,rate_term_refi,primary,single_family,"PNC BANK, NA",Current,0.0,0,0,0,,2023-06-06 00:00:00,investor_feed,complete,0.0,0.0,0.0,0.0,Current,0,none
F19Q30320777,67,2024-08,2019-10,58,182,125000.0,102037.97,3.625,740-779,70-80,20-30,ND,purchase,primary,single_family,OTHER,Current,0.0,0,0,0,,2024-09-04 00:00:00,core_servicing,missing,0.0,0.0,0.0,0.0,Current,1,missing_documentation
F23Q20056679,76,2025-05,2023-05,24,336,160000.0,156721.01,7.25,700-739,>95,36-43,FL,purchase,primary,condo,NATIONSTAR MORTGAGE LLC DBA MR. COOPER,Current,0.0,0,0,0,,2025-06-19 00:00:00,core_servicing,complete,0.0,0.0,,,Current,0,none
F21Q30686015,41,2022-06,2021-10,8,352,385000.0,-377662.1,3.125,780+,90-95,30-36,CA,purchase,primary,,"LAKEVIEW LOAN SERVICING, LLC",Current,0.0,0,0,0,,2022-07-06 00:00:00,core_servicing,complete,0.0,0.0,0.0,0.0,Current,1,unexpected_balance_movement
F21Q20435583,79,2025-08,2021-06,50,310,448000.0,379475.57,2.75,740-779,<=60,>43,MA,rate_term_refi,primary,single_family,OTHER,Current,0.0,0,0,0,,2025-09-13 00:00:00,investor_feed,complete,0.0,0.0,,,Current,0,none
F22Q20166323,57,2023-10,2022-06,16,344,173000.0,169001.04,4.875,780+,70-80,20-30,MD,purchase,primary,condo,FREEDOM MORTGAGE CORPORATION,Current,0.0,0,0,0,,2023-11-05 00:00:00,core_servicing,complete,0.0,0.0,0.0,0.0,Current,0,none
F21Q20237707,75,2025-04,2021-05,47,313,232000.0,212159.41,3.0,700-739,80-90,36-43,TN,rate_term_refi,primary,single_family,OTHER,DQ30,30.0,0,0,0,,2025-05-05 00:00:00,core_servicing,missing,0.0,0.0,,,Current,1,missing_documentation
F23Q20193969,61,2024-02,2023-07,7,353,203000.0,201258.77,6.75,700-739,80-90,20-30,OH,purchase,primary,condo,"FIFTH THIRD BANK, NATIONAL ASSOCIATION",Current,,0,0,0,,2024-03-07 00:00:00,core_servicing,complete,0.0,0.0,0.0,0.0,Current,1,balance_reconciliation_break
F21Q20828779,85,2026-02,2021-07,55,305,230000.0,202533.28,3.49,660-699,60-70,30-36,NC,cash_out_refi,primary,single_family,OTHER,Current,0.0,0,0,0,,2026-03-02 00:00:00,investor_feed,complete,,,,,Current,0,none
F19Q30275488,35,2021-12,2019-08,28,152,176000.0,153687.37,3.625,780+,70-80,20-30,WV,purchase,primary,single_family,OTHER,Current,0.0,0,0,0,,2022-01-14 00:00:00,core_servicing,complete,0.0,0.0,0.0,0.0,Current,0,none
F21Q12325715,66,2024-07,2021-04,39,321,468000.0,435777.33,3.125,740-779,70-80,20-30,TX,purchase,second_home,pud,FREEDOM MORTGAGE CORPORATION,Current,0.0,0,0,0,,2024-08-07 00:00:00,manual_upload,complete,0.0,0.0,0.0,0.0,Current,0,none
F21Q40488602,49,2023-02,2021-12,14,166,476000.0,430840.09,2.5,700-739,<=60,,NJ,rate_term_refi,primary,single_family,"WELLS FARGO BANK, N.A.",Current,0.0,0,0,0,,2023-03-21 00:00:00,core_servicing,complete,0.0,0.0,0.0,0.0,Current,0,none
F22Q40126920,59,2023-12,2023-01,11,349,230000.0,228434.37,7.5,660-699,>95,30-36,VA,purchase,primary,condo,"JPMORGAN CHASE BANK, NATIONAL ASSOCIATION",Current,0.0,0,0,0,,2024-01-05 00:00:00,core_servicing,complete,0.0,0.0,0.0,1.0,Current,0,none
F19Q20003699,5,2019-06,2019-05,1,359,85000.0,84000.0,4.5,700-739,90-95,30-36,OH,purchase,primary,condo,OTHER,Current,0.0,0,0,0,,2019-07-25 00:00:00,core_servicing,complete,0.0,0.0,0.0,0.0,Current,0,none
F21Q40295131,86,2026-03,2021-11,52,308,150000.0,136510.82,3.375,780+,60-70,>43,TX,cash_out_refi,investment,,PENNYMAC CORP.,Current,0.0,0,0,0,,2026-04-10 00:00:00,investor_feed,complete,,,,,,0,none
F22Q10088796,43,2022-08,2022-02,6,174,347000.0,330000.0,2.25,740-779,<=60,36-43,CO,rate_term_refi,primary,pud,HOME POINT FINANCIAL CORPORATION,Current,,0,0,0,,2022-09-08 00:00:00,core_servicing,complete,0.0,0.0,0.0,0.0,Current,0,none
F21Q20381893,74,2025-03,2021-06,57,135,295000.0,230269.15,2.625,740-779,60-70,>43,OH,rate_term_refi,primary,single_family,OTHER,Current,0.0,0,0,0,,2025-04-10 00:00:00,core_servicing,complete,0.0,0.0,0.0,0.0,Current,0,none
F23Q10134457,76,2025-05,2023-04,25,335,181000.0,175618.48,5.875,700-739,90-95,>43,OH,purchase,primary,single_family,PENNYMAC CORP.,Current,0.0,0,0,0,,2025-06-11 00:00:00,core_servicing,complete,0.0,0.0,,,Current,0,none
F20Q30456665,68,2024-09,2020-08,49,311,107000.0,97488.66,2.875,660-699,<=60,20-30,AZ,rate_term_refi,primary,single_family,"WELLS FARGO BANK, N.A.",Current,0.0,0,0,0,,2024-10-17 00:00:00,investor_feed,complete,0.0,0.0,0.0,0.0,Current,0,none
F21Q30914300,82,2025-11,2021-10,49,311,254000.0,231280.93,2.99,700-739,80-90,>43,CA,purchase,primary,pud,NATIONSTAR MORTGAGE LLC DBA MR. COOPER,Current,0.0,0,0,0,,2026-01-01 00:00:00,investor_feed,complete,0.0,,,,Current,0,none
F21Q11582022,53,2023-06,2021-02,28,332,272000.0,258207.47,2.875,740-779,70-80,30-36,CO,rate_term_refi,primary,single_family,PHH MORTGAGE CORPORATION,Current,0.0,0,0,0,,2023-07-11 00:00:00,core_servicing,complete,0.0,0.0,0.0,0.0,Current,0,none
F22Q20179577,73,2025-02,2022-06,32,328,513000.0,492159.23,5.25,700-739,80-90,30-36,MA,purchase,primary,single_family,OTHER,Current,0.0,0,0,0,,2025-03-14 00:00:00,core_servicing,exception,0.0,0.0,0.0,0.0,Current,1,missing_documentation
F21Q30551139,66,2024-07,2021-09,34,206,271000.0,241271.39,2.99,740-779,70-80,20-30,NJ,rate_term_refi,primary,single_family,"AMERIHOME MORTGAGE COMPANY, LLC",Current,0.0,0,0,0,,2024-08-05 00:00:00,core_servicing,pending,0.0,0.0,0.0,0.0,Current,0,none
F21Q11437224,42,2022-07,2021-02,17,343,422000.0,408123.26,2.69,780+,<=60,30-36,CA,rate_term_refi,primary,single_family,ONSLOW BAY FINANCIAL LLC,Current,0.0,0,0,0,,2022-08-12 00:00:00,core_servicing,complete,0.0,0.0,0.0,0.0,Current,0,none
F22Q30256630,80,2025-09,2022-10,35,325,285000.0,272812.2,5.5,700-739,90-95,36-43,IN,purchase,,pud,"FIFTH THIRD BANK, NATIONAL ASSOCIATION",Current,0.0,0,0,0,,2025-10-11 00:00:00,core_servicing,complete,0.0,0.0,,,Current,0,none
F20Q40047931,68,2024-09,2020-11,46,134,98000.0,76962.15,4.0,700-739,<=60,,NJ,rate_term_refi,investment,2-4_unit,NATIONSTAR MORTGAGE LLC DBA MR. COOPER,Current,0.0,0,0,0,,2024-10-17 00:00:00,core_servicing,complete,0.0,0.0,0.0,0.0,Current,0,none
F19Q10022769,74,2025-03,2019-02,73,287,263000.0,237256.82,5.375,740-779,90-95,30-36,FL,purchase,primary,pud,"JPMORGAN CHASE BANK, NATIONAL ASSOCIATION",Current,0.0,0,0,0,,2025-04-10 00:00:00,core_servicing,complete,0.0,0.0,0.0,0.0,Current,0,none
F20Q40899348,47,2022-12,2021-01,23,217,180000.0,159132.59,2.625,780+,60-70,20-30,FL,purchase,primary,pud,MATRIX FINANCIAL SERVICES CORPORATION,Current,0.0,0,0,0,,2023-01-03 00:00:00,investor_feed,pending,0.0,0.0,0.0,0.0,Current,0,none
F22Q30071863,76,2025-05,2022-08,33,147,116000.0,94811.88,5.5,700-739,<=60,36-43,MO,cash_out_refi,primary,single_family,"JPMORGAN CHASE BANK, NATIONAL ASSOCIATION",Current,0.0,0,0,0,,2025-06-12 00:00:00,core_servicing,complete,0.0,0.0,,,Current,0,none
F23Q10135159,82,2025-11,2023-03,32,328,96000.0,93425.42,7.375,700-739,<=60,>43,NV,cash_out_refi,primary,single_family,"WELLS FARGO BANK, N.A.",Current,0.0,0,0,0,,2025-09-25 00:00:00,core_servicing,complete,0.0,,,,Current,1,invalid_date_relationship
F19Q30471839,38,2022-03,2019-10,29,331,75000.0,0.0,4.375,740-779,70-80,20-30,FL,purchase,second_home,,"CALIBER HOME LOANS, INC.",Current,0.0,0,1,0,,2022-04-07 00:00:00,core_servicing,complete,0.0,0.0,0.0,1.0,Prepaid,0,none
F21Q40392383,61,2024-02,2021-12,26,154,777000.0,652652.72,2.375,780+,<=60,20-30,CA,rate_term_refi,primary,,"JPMORGAN CHASE BANK, NATIONAL ASSOCIATION",Current,0.0,0,0,0,,2024-03-02 00:00:00,core_servicing,complete,0.0,0.0,0.0,0.0,Current,0,none
F20Q30263423,52,2023-05,2020-08,33,327,257000.0,241862.96,3.125,780+,90-95,36-43,MD,rate_term_refi,primary,condo,"PENNYMAC LOAN SERVICES, LLC",Current,0.0,0,0,0,,2023-06-15 00:00:00,core_servicing,complete,0.0,0.0,0.0,0.0,Current,0,none
F21Q20267989,52,2023-05,2021-06,23,337,303000.0,290321.37,3.375,740-779,60-70,20-30,MA,cash_out_refi,primary,single_family,NEW RESIDENTIAL MORTGAGE LLC,Current,0.0,0,0,0,,2023-06-04 00:00:00,core_servicing,complete,0.0,0.0,0.0,0.0,Current,0,none
F19Q10132538,66,2024-07,2019-03,64,116,69000.0,42838.91,4.375,620-659,60-70,,NC,rate_term_refi,primary,single_family,NEW RESIDENTIAL MORTGAGE LLC,Current,0.0,0,0,0,,2024-08-08 00:00:00,core_servicing,complete,0.0,0.0,0.0,1.0,Current,0,none
F19Q40228379,36,2022-01,2019-11,26,334,440000.0,416755.56,3.375,700-739,80-90,20-30,CA,purchase,primary,single_family,"FIFTH THIRD BANK, NATIONAL ASSOCIATION",Current,0.0,0,0,0,,2022-02-07 00:00:00,core_servicing,complete,0.0,0.0,0.0,0.0,Current,0,none
F20Q40296673,24,2021-01,2020-11,2,358,316000.0,315000.0,2.75,740-779,70-80,>43,NJ,cash_out_refi,primary,single_family,"QUICKEN LOANS, LLC",Current,0.0,0,0,0,,2021-02-09 00:00:00,core_servicing,complete,0.0,0.0,0.0,0.0,Current,1,balance_reconciliation_break
F21Q20725935,82,2025-11,2021-07,52,308,270000.0,243019.93,3.125,700-739,80-90,20-30,NC,purchase,primary,pud,"LAKEVIEW LOAN SERVICING, LLC",Current,,0,0,0,,2025-12-12 00:00:00,core_servicing,complete,0.0,,,,Current,0,none
F21Q20940225,37,2022-02,2021-07,7,353,223000.0,220301.05,3.0,700-739,<=60,20-30,OH,rate_term_refi,primary,single_family,OTHER,Current,,0,0,0,,2022-03-17 00:00:00,core_servicing,complete,0.0,0.0,0.0,0.0,Current,0,none
F21Q31014213,67,2024-08,2021-09,35,325,236000.0,221494.3,3.125,780+,70-80,30-36,NC,purchase,second_home,pud,OTHER,Current,0.0,0,0,0,,2024-09-06 00:00:00,core_servicing,complete,0.0,0.0,0.0,0.0,Current,0,none
F22Q40007296,75,2025-04,2022-11,29,331,140000.0,134343.36,5.875,780+,60-70,,IN,cash_out_refi,primary,condo,OTHER,Current,0.0,0,0,0,,2025-05-05 00:00:00,core_servicing,complete,0.0,0.0,,,Current,0,none
F23Q40112045,70,2024-11,2023-12,11,349,504000.0,500056.97,7.875,660-699,80-90,<=20,NY,purchase,primary,single_family,OTHER,Current,0.0,0,0,0,,2024-12-09 00:00:00,core_servicing,complete,0.0,0.0,0.0,1.0,Current,0,none
F19Q10110126,11,2019-12,2019-02,10,350,175000.0,171682.6,4.625,740-779,<=60,20-30,FL,purchase,second_home,pud,OTHER,Current,0.0,0,0,0,,2020-01-04 00:00:00,core_servicing,complete,0.0,0.0,0.0,0.0,Current,0,none
F19Q10201930,13,2020-02,2019-04,10,350,60000.0,51013.76,4.49,740-779,<=60,30-36,FL,purchase,primary,condo,OTHER,Current,0.0,0,0,0,,2020-03-12 00:00:00,investor_feed,complete,0.0,0.0,0.0,0.0,Current,0,none
F19Q30284704,42,2022-07,2019-09,34,326,635000.0,604590.44,4.5,660-699,70-80,>43,CA,purchase,primary,single_family,OTHER,Current,0.0,0,0,0,,2022-12-22 00:00:00,investor_feed,complete,0.0,0.0,0.0,0.0,Current,0,none
F21Q31014372,38,2022-03,2021-10,5,355,271000.0,269000.0,3.25,700-739,80-90,>43,VA,purchase,primary,condo,OTHER,Current,0.0,0,0,0,,2022-04-03 00:00:00,core_servicing,complete,0.0,0.0,0.0,0.0,Current,0,none
F22Q20281628,68,2024-09,2022-06,27,333,404000.0,388916.36,4.99,660-699,80-90,>43,HI,purchase,primary,pud,"ROCKET MORTGAGE, LLC",Current,0.0,0,0,0,,2024-10-07 00:00:00,core_servicing,complete,0.0,0.0,0.0,0.0,Current,0,none
F20Q30693146,59,2023-12,2020-09,39,321,391000.0,362735.11,2.875,700-739,70-80,30-36,MA,rate_term_refi,primary,single_family,OTHER,Current,0.0,0,0,0,,2024-01-05 00:00:00,core_servicing,complete,0.0,0.0,0.0,0.0,Current,0,none
F21Q30437662,52,2023-05,2021-09,20,76,164000.0,0.0,2.875,700-739,<=60,30-36,PA,cash_out_refi,primary,single_family,OTHER,Current,0.0,0,1,0,,2023-06-08 00:00:00,core_servicing,pending,0.0,0.0,0.0,1.0,Prepaid,0,none
F20Q40735562,70,2024-11,2021-01,46,314,165000.0,147683.96,3.0,700-739,70-80,36-43,MA,purchase,investment,2-4_unit,OTHER,Current,0.0,0,0,0,,2024-12-24 00:00:00,core_servicing,complete,0.0,0.0,0.0,0.0,Current,0,none
F20Q40904675,55,2023-08,2021-01,31,329,478000.0,448969.14,2.5,700-739,70-80,20-30,VA,rate_term_refi,primary,,"JPMORGAN CHASE BANK, NATIONAL ASSOCIATION",Current,,0,0,0,,2023-09-19 00:00:00,core_servicing,complete,0.0,0.0,0.0,0.0,Current,0,none
F21Q12435883,40,2022-05,2021-04,13,347,480000.0,469456.77,3.375,700-739,70-80,30-36,CA,cash_out_refi,primary,single_family,OTHER,Current,0.0,0,0,0,,2022-06-12 00:00:00,investor_feed,complete,0.0,0.0,0.0,0.0,Current,0,none
F19Q40538799,86,2026-03,2020-01,74,166,170000.0,130489.86,3.875,740-779,70-80,36-43,MN,cash_out_refi,primary,single_family,"ROCKET MORTGAGE, LLC",Current,0.0,0,0,0,,2026-04-13 00:00:00,core_servicing,complete,,,,,,0,none
F22Q10559535,79,2025-08,2022-02,42,318,423000.0,395528.69,3.99,780+,70-80,30-36,TX,cash_out_refi,investment,single_family,"LAKEVIEW LOAN SERVICING, LLC",Current,0.0,0,0,0,,2025-09-10 00:00:00,core_servicing,complete,1.0,1.0,,,Current,1,balance_reconciliation_break
F21Q40491135,59,2023-12,2021-12,24,156,77000.0,67575.42,2.0,700-739,<=60,>43,FL,rate_term_refi,primary,single_family,OTHER,Current,0.0,0,0,0,,2024-01-06 00:00:00,core_servicing,complete,0.0,0.0,0.0,0.0,Current,0,none
F21Q31039463,43,2022-08,2021-09,11,169,235000.0,221347.13,2.125,740-779,70-80,>43,TX,rate_term_refi,primary,pud,OTHER,Current,0.0,0,0,0,,2022-09-10 00:00:00,core_servicing,complete,0.0,0.0,0.0,0.0,Current,0,none
F19Q20204066,15,2020-04,2019-06,10,350,50000.0,49556.41,4.25,660-699,>95,<=20,IL,purchase,primary,single_family,OTHER,Current,0.0,0,0,0,,2020-05-06 00:00:00,core_servicing,complete,0.0,0.0,0.0,0.0,Current,0,none
F20Q31005470,55,2023-08,2020-10,34,326,264000.0,243000.09,2.875,780+,60-70,20-30,IL,rate_term_refi,primary,pud,"PNC BANK, NA",Current,0.0,0,0,0,,2023-09-16 00:00:00,core_servicing,complete,1.0,1.0,0.0,1.0,Current,0,none
F21Q30678951,51,2023-04,2021-10,18,342,428000.0,413078.01,3.125,700-739,90-95,30-36,NC,purchase,primary,single_family,"FIFTH THIRD BANK, NATIONAL ASSOCIATION",Current,0.0,0,0,0,,2023-05-02 00:00:00,core_servicing,complete,0.0,0.0,0.0,0.0,Current,0,none
F23Q30073581,72,2025-01,2023-09,16,344,85000.0,83205.86,6.75,700-739,90-95,30-36,NY,purchase,primary,single_family,OTHER,Current,0.0,0,0,0,,2025-02-15 00:00:00,core_servicing,complete,0.0,0.0,0.0,0.0,Current,0,none
F19Q20175907,22,2020-11,2019-06,17,343,181000.0,176144.06,4.5,740-779,90-95,36-43,NE,purchase,primary,single_family,"WELLS FARGO BANK, N.A.",Current,0.0,0,0,0,,2020-12-16 00:00:00,core_servicing,complete,0.0,0.0,0.0,1.0,Current,0,none
F20Q41223008,71,2024-12,2021-01,47,313,233000.0,205602.16,2.875,780+,70-80,20-30,CA,cash_out_refi,primary,single_family,ONSLOW BAY FINANCIAL LLC,Current,0.0,0,0,0,,2025-01-05 00:00:00,core_servicing,complete,0.0,0.0,0.0,0.0,Current,0,none
F20Q10314643,60,2024-01,2020-04,45,315,333000.0,322120.83,3.75,660-699,60-70,30-36,FL,rate_term_refi,primary,single_family,NATIONSTAR MORTGAGE LLC DBA MR. COOPER,Current,0.0,0,0,0,,2024-02-05 00:00:00,core_servicing,missing,0.0,0.0,0.0,0.0,Current,1,missing_documentation
F20Q30971159,56,2023-09,2020-10,35,325,266000.0,248996.24,2.875,780+,90-95,30-36,OH,purchase,primary,pud,NATIONSTAR MORTGAGE LLC DBA MR. COOPER,Current,0.0,0,0,0,,2023-10-15 00:00:00,investor_feed,complete,0.0,0.0,0.0,1.0,Current,0,none
F20Q20446268,26,2021-03,2020-06,9,171,154000.0,147891.0,3.125,740-779,60-70,30-36,TN,cash_out_refi,primary,single_family,"LOANDEPOT.COM, LLC",Current,0.0,0,0,0,,2021-04-16 00:00:00,investor_feed,complete,0.0,0.0,0.0,0.0,Current,0,none
F21Q20155200,59,2023-12,2021-05,31,329,127000.0,118593.47,3.25,740-779,70-80,30-36,TN,purchase,investment,2-4_unit,OTHER,Current,0.0,0,0,0,,2024-01-03 00:00:00,manual_upload,complete,0.0,0.0,0.0,0.0,Current,0,none
F22Q10226253,82,2025-11,2022-02,45,135,355000.0,274302.26,2.625,780+,<=60,36-43,CA,cash_out_refi,investment,single_family,NEW RESIDENTIAL MORTGAGE LLC,Current,0.0,0,0,0,,2025-12-04 00:00:00,core_servicing,complete,0.0,,,,Current,0,none
F23Q10138101,54,2023-07,2023-04,3,357,215000.0,214000.0,6.375,740-779,70-80,30-36,IA,purchase,primary,single_family,OTHER,Current,0.0,0,0,0,,2023-08-18 00:00:00,core_servicing,complete,0.0,0.0,0.0,0.0,Current,0,none
F19Q20090053,15,2020-04,2019-05,11,349,469000.0,462279.64,4.875,740-779,70-80,>43,CA,cash_out_refi,primary,2-4_unit,"WELLS FARGO BANK, N.A.",Current,0.0,0,0,0,,2020-05-06 00:00:00,core_servicing,complete,0.0,0.0,0.0,1.0,Current,0,none
F23Q40162679,64,2024-05,2023-12,5,355,251000.0,250000.0,6.875,780+,70-80,>43,GA,purchase,primary,pud,TRUIST BANK,Current,0.0,0,0,0,,2024-06-06 00:00:00,core_servicing,complete,0.0,0.0,0.0,0.0,Current,0,none
F21Q30292149,35,2021-12,2021-09,3,237,326000.0,323000.0,3.125,700-739,70-80,30-36,DE,cash_out_refi,primary,pud,"LOANDEPOT.COM, LLC",Current,0.0,0,0,0,,2022-01-31 00:00:00,investor_feed,complete,0.0,0.0,0.0,0.0,Current,0,none
F22Q10017471,47,2022-12,2022-02,10,350,257000.0,252496.51,3.625,740-779,90-95,>43,SC,purchase,primary,single_family,"ROCKET MORTGAGE, LLC",Current,0.0,0,0,0,,2023-01-03 00:00:00,core_servicing,complete,0.0,0.0,0.0,0.0,Current,0,none
F22Q10176450,58,2023-11,2022-02,21,327,150000.0,145129.53,4.125,700-739,60-70,36-43,GA,cash_out_refi,primary,single_family,"PENNYMAC LOAN SERVICES, LLC",Current,0.0,0,0,0,,2023-12-03 00:00:00,core_servicing,complete,0.0,0.0,0.0,1.0,Current,0,none
F22Q20418631,56,2023-09,2022-07,14,346,377000.0,286112.32,5.25,780+,90-95,>43,MI,purchase,primary,single_family,NATIONSTAR MORTGAGE LLC DBA MR. COOPER,Current,0.0,0,0,0,,2023-10-08 00:00:00,core_servicing,complete,0.0,0.0,0.0,0.0,Current,0,none
F21Q20065542,75,2025-04,2021-05,47,133,107000.0,75386.22,2.5,,60-70,36-43,TX,rate_term_refi,primary,pud,NATIONSTAR MORTGAGE LLC DBA MR. COOPER,Current,0.0,0,0,0,,2025-05-12 00:00:00,investor_feed,complete,0.0,0.0,,,Current,0,none
F21Q20421493,39,2022-04,2021-06,10,350,290000.0,284939.52,3.375,700-739,60-70,30-36,MA,cash_out_refi,primary,single_family,"ROCKET MORTGAGE, LLC",Current,0.0,0,0,0,,2022-05-04 00:00:00,manual_upload,complete,0.0,0.0,0.0,0.0,Current,0,none
F21Q20156809,35,2021-12,2021-05,7,353,200000.0,195980.23,3.0,780+,<=60,36-43,FL,purchase,primary,single_family,OTHER,Current,0.0,0,0,0,,2022-01-11 00:00:00,core_servicing,complete,0.0,0.0,0.0,0.0,Current,0,none
F19Q30498122,62,2024-03,2019-10,53,307,243000.0,166054.38,3.625,780+,80-90,30-36,KY,purchase,primary,pud,"FIFTH THIRD BANK, NATIONAL ASSOCIATION",Current,0.0,0,0,0,,2024-04-09 00:00:00,investor_feed,complete,0.0,0.0,0.0,0.0,Current,0,none
F22Q40089369,62,2024-03,2022-12,15,345,119000.0,117589.33,6.375,740-779,>95,>43,MI,purchase,primary,single_family,"LAKEVIEW LOAN SERVICING, LLC",Current,0.0,0,0,0,,2024-04-05 00:00:00,core_servicing,complete,0.0,0.0,0.0,0.0,Current,0,none
F23Q30259478,72,2025-01,2023-10,15,345,236000.0,232448.74,6.5,740-779,70-80,>43,SC,purchase,second_home,condo,NEW RESIDENTIAL MORTGAGE LLC,Current,0.0,0,0,0,,2025-02-19 00:00:00,core_servicing,complete,0.0,0.0,0.0,0.0,Current,1,stale_servicer_reporting
F22Q40151306,78,2025-07,2023-01,30,330,306000.0,295475.37,5.75,740-779,70-80,,NV,purchase,,,FREEDOM MORTGAGE CORPORATION,Current,0.0,0,0,0,,2025-08-04 00:00:00,core_servicing,pending,0.0,0.0,,,Current,0,none
F22Q40044087,83,2025-12,2022-11,37,323,119000.0,110707.74,6.0,780+,<=60,,VT,purchase,primary,single_family,OTHER,Current,0.0,0,0,0,,2026-01-19 00:00:00,core_servicing,pending,0.0,,,,Current,0,none
F19Q20034119,39,2022-04,2019-05,35,325,275000.0,254713.49,4.18,740-779,70-80,>43,VA,purchase,primary,pud,"LAKEVIEW LOAN SERVICING, LLC",Current,0.0,0,0,0,,2022-05-06 00:00:00,core_servicing,complete,0.0,0.0,0.0,0.0,Current,0,none
F23Q20108747,66,2024-07,2023-06,13,347,180000.0,177915.85,6.75,780+,70-80,20-30,NJ,purchase,primary,condo,OTHER,Current,0.0,0,0,0,,2024-08-21 00:00:00,core_servicing,complete,0.0,0.0,0.0,0.0,Current,0,none
F20Q20097009,30,2021-07,2020-05,14,346,215000.0,210848.02,4.375,620-659,<=60,,CO,cash_out_refi,,single_family,"AMERIHOME MORTGAGE COMPANY, LLC",Current,0.0,0,0,0,,2021-08-11 00:00:00,core_servicing,complete,0.0,0.0,0.0,1.0,Current,0,none
F21Q12407379,51,2023-04,2021-04,24,336,272000.0,259805.46,3.125,740-779,90-95,20-30,NC,purchase,primary,pud,"JPMORGAN CHASE BANK, NATIONAL ASSOCIATION",Current,0.0,0,0,0,,2023-05-17 00:00:00,core_servicing,complete,0.0,0.0,0.0,0.0,Current,0,none
F23Q10152488,52,2023-05,2023-04,1,179,95000.0,94000.0,5.375,700-739,<=60,36-43,AZ,purchase,primary,pud,OTHER,Current,0.0,0,0,0,,2023-06-09 00:00:00,core_servicing,complete,0.0,0.0,0.0,1.0,Current,0,none
F20Q40053403,77,2025-06,2020-11,55,305,766000.0,673720.88,2.5,780+,60-70,20-30,CA,rate_term_refi,primary,pud,FREEDOM MORTGAGE CORPORATION,Current,0.0,0,0,0,,2025-07-07 00:00:00,investor_feed,complete,0.0,0.0,,,Current,0,none
F20Q40051426,50,2023-03,2020-11,28,272,337000.0,308172.49,3.0,780+,<=60,20-30,CA,rate_term_refi,primary,single_family,OTHER,Current,0.0,0,0,0,,2023-04-11 00:00:00,investor_feed,missing,0.0,0.0,0.0,0.0,Current,1,missing_documentation
F23Q20167726,70,2024-11,2023-07,16,344,915000.0,902157.69,6.875,740-779,60-70,36-43,CA,purchase,primary,single_family,"ROCKET MORTGAGE, LLC",Current,0.0,0,0,0,,2024-12-11 00:00:00,core_servicing,complete,0.0,0.0,0.0,0.0,Current,0,none
F20Q20290251,43,2022-08,2020-06,26,334,310000.0,290153.56,3.0,780+,90-95,30-36,WI,rate_term_refi,primary,single_family,OTHER,Current,0.0,0,0,0,,2022-09-18 00:00:00,core_servicing,complete,0.0,0.0,0.0,0.0,Current,0,none
F20Q40400934,80,2025-09,2020-12,57,303,595000.0,496906.3,2.875,700-739,,36-43,CA,rate_term_refi,primary,single_family,"PNC BANK, NA",Current,0.0,0,0,0,,2025-10-15 00:00:00,core_servicing,complete,0.0,0.0,,,Current,0,none
F22Q40112029,60,2024-01,2022-12,13,347,325000.0,31743939.492771033,6.125,660-699,60-70,>43,ID,purchase,primary,pud,NATIONSTAR MORTGAGE LLC DBA MR. COOPER,Current,0.0,0,0,0,,2024-02-02 00:00:00,core_servicing,complete,0.0,0.0,0.0,0.0,Current,0,none
F22Q40004648,60,2024-01,2022-11,14,346,80000.0,25182.27,6.125,740-779,<=60,30-36,MA,purchase,primary,condo,NEW RESIDENTIAL MORTGAGE LLC,Current,0.0,0,0,0,,2024-02-04 00:00:00,core_servicing,complete,0.0,0.0,0.0,1.0,Current,0,none
F23Q40178326,79,2025-08,2024-01,19,341,194000.0,190008.29,6.999,700-739,>95,36-43,TX,purchase,primary,single_family,NATIONSTAR MORTGAGE LLC DBA MR. COOPER,Current,0.0,0,0,0,,2025-09-11 00:00:00,core_servicing,pending,0.0,0.0,,,Current,0,none
F20Q40834594,58,2023-11,2020-12,35,325,480000.0,445983.45,2.875,780+,70-80,30-36,GA,cash_out_refi,primary,pud,"MARLIN MORTGAGE CAPITAL, LLC",Current,0.0,0,0,0,,2023-12-16 00:00:00,core_servicing,complete,0.0,0.0,0.0,0.0,Current,0,none
F21Q11565921,54,2023-07,2021-02,29,331,137000.0,129558.44,3.0,780+,60-70,,TN,rate_term_refi,primary,,NATIONSTAR MORTGAGE LLC DBA MR. COOPER,Current,0.0,0,0,0,,2023-08-15 00:00:00,core_servicing,complete,0.0,0.0,0.0,0.0,Current,1,balance_reconciliation_break
F23Q40007369,79,2025-08,2023-10,22,338,550000.0,538318.43,6.5,740-779,90-95,>43,GA,purchase,primary,pud,NEW RESIDENTIAL MORTGAGE LLC,Current,0.0,0,0,0,,2025-09-06 00:00:00,core_servicing,complete,0.0,0.0,,,Current,0,none
F23Q40067110,70,2024-11,2023-11,12,348,168000.0,119378.61,8.625,740-779,60-70,36-43,ND,cash_out_refi,investment,,NATIONSTAR MORTGAGE LLC DBA MR. COOPER,Current,0.0,0,0,0,,2025-05-16 00:00:00,core_servicing,complete,0.0,0.0,0.0,1.0,Current,0,none
F22Q20251264,57,2023-10,2022-05,17,343,640000.0,625234.61,4.5,700-739,70-80,36-43,NY,purchase,primary,single_family,OTHER,Current,0.0,0,0,0,,2023-11-17 00:00:00,core_servicing,complete,0.0,0.0,0.0,0.0,Current,1,unexpected_balance_movement
F20Q20171816,57,2023-10,2020-05,41,319,90000.0,83029.46,3.375,740-779,70-80,30-36,IL,rate_term_refi,primary,single_family,"CITIZENS BANK, NA",Current,0.0,0,0,0,,2023-11-13 00:00:00,core_servicing,pending,0.0,0.0,0.0,0.0,Current,0,none
F23Q40053664,59,2023-12,2023-12,0,360,150000.0,150000.0,7.5,780+,<=60,36-43,CT,purchase,primary,single_family,"JPMORGAN CHASE BANK, NATIONAL ASSOCIATION",Current,0.0,0,0,0,,2024-01-14 00:00:00,investor_feed,complete,0.0,0.0,0.0,0.0,Current,0,none
F23Q30178247,57,2023-10,2023-10,0,360,236000.0,236000.0,7.5,700-739,70-80,>43,MO,purchase,primary,pud,"AMERIHOME MORTGAGE COMPANY, LLC",Current,0.0,0,0,0,,2023-11-15 00:00:00,core_servicing,complete,0.0,0.0,0.0,0.0,Current,0,none
F20Q30849512,40,2022-05,2020-10,19,341,297000.0,286890.85,2.875,780+,70-80,<=20,GA,rate_term_refi,primary,,"UNITED WHOLESALE MORTGAGE, LLC",Current,0.0,0,0,0,,2022-06-08 00:00:00,core_servicing,complete,0.0,0.0,0.0,0.0,Current,0,none
F21Q30041314,85,2026-02,2021-08,54,306,544000.0,482127.34,3.5,700-739,70-80,<=20,NV,purchase,primary,pud,"JPMORGAN CHASE BANK, NATIONAL ASSOCIATION",Current,0.0,0,0,0,,2026-03-02 00:00:00,core_servicing,complete,,,,,Current,0,none
F21Q20502274,71,2024-12,2021-06,42,318,231000.0,213670.77,3.25,780+,80-90,36-43,VA,rate_term_refi,primary,single_family,OTHER,Current,0.0,0,0,0,,2025-01-05 00:00:00,core_servicing,complete,0.0,0.0,0.0,1.0,Current,0,none
F21Q20014797,83,2025-12,2021-05,55,305,375000.0,337288.26,3.0,780+,70-80,36-43,VA,purchase,primary,condo,"JPMORGAN CHASE BANK, NATIONAL ASSOCIATION",Current,0.0,0,0,0,,2026-01-06 00:00:00,core_servicing,complete,0.0,,,,Current,0,none
F20Q10303840,73,2025-02,2020-04,58,302,410000.0,369222.43,3.62,,70-80,<=20,MT,purchase,primary,pud,ONSLOW BAY FINANCIAL LLC,Current,0.0,0,0,0,,2025-03-02 00:00:00,core_servicing,complete,0.0,0.0,0.0,0.0,Current,0,none
F19Q10070020,47,2022-12,2019-02,46,314,164000.0,153419.89,4.75,780+,>95,>43,MO,purchase,primary,single_family,PHH MORTGAGE CORPORATION,Current,0.0,0,0,0,,2023-01-25 00:00:00,core_servicing,complete,0.0,0.0,0.0,0.0,Current,0,none
F22Q30241488,76,2025-05,2022-10,31,329,642000.0,619943.05,5.875,740-779,80-90,36-43,CA,purchase,primary,single_family,GUILD MORTGAGE COMPANY LLC,Current,0.0,0,0,0,,2025-06-11 00:00:00,core_servicing,complete,0.0,0.0,,,Current,0,none
F22Q10143872,73,2025-02,2022-02,36,144,65000.0,54313.72,3.125,780+,<=60,<=20,IN,rate_term_refi,primary,single_family,"WELLS FARGO BANK, N.A.",Current,0.0,0,0,0,,2025-03-12 00:00:00,investor_feed,complete,0.0,0.0,0.0,0.0,Current,0,none
F19Q40404908,82,2025-11,2019-11,72,288,201000.0,171634.52,3.75,780+,<=60,<=20,TX,cash_out_refi,primary,single_family,TRUIST BANK,Current,0.0,0,0,0,,2025-12-12 00:00:00,investor_feed,complete,0.0,,,,Current,0,none
F22Q30094994,74,2025-03,2022-09,30,330,872000.0,841379.17,5.5,700-739,70-80,30-36,CA,purchase,primary,single_family,TH MSR HOLDINGS LLC,Current,0.0,0,0,0,,2025-04-07 00:00:00,manual_upload,complete,0.0,0.0,0.0,1.0,Current,0,none
F20Q41046615,47,2022-12,2021-01,23,337,111000.0,106956.19,3.375,660-699,70-80,30-36,PA,purchase,primary,single_family,"WELLS FARGO BANK, N.A.",Current,0.0,0,0,0,,2023-01-18 00:00:00,manual_upload,complete,0.0,0.0,0.0,0.0,Current,0,none
F21Q12425758,69,2024-10,2021-04,42,318,489000.0,439687.69,2.95,780+,<=60,36-43,CA,rate_term_refi,primary,pud,PENNYMAC CORP.,Current,0.0,0,0,0,,2024-11-03 00:00:00,core_servicing,complete,0.0,0.0,0.0,0.0,Current,0,none
F20Q20912862,52,2023-05,2020-06,35,325,181000.0,162084.0,3.0,740-779,90-95,36-43,NC,purchase,primary,single_family,OTHER,Current,0.0,0,0,0,,2023-06-07 00:00:00,investor_feed,complete,0.0,0.0,0.0,0.0,Current,0,none
F20Q10422918,23,2020-12,2020-04,8,352,476000.0,470074.56,3.625,660-699,70-80,>43,CA,purchase,primary,single_family,OTHER,Current,0.0,0,0,0,,2021-01-07 00:00:00,core_servicing,complete,0.0,1.0,0.0,0.0,Current,0,none
F21Q30854608,71,2024-12,2021-10,38,322,198000.0,184426.77,2.99,780+,60-70,20-30,IN,cash_out_refi,primary,pud,NATIONSTAR MORTGAGE LLC DBA MR. COOPER,Current,0.0,0,0,0,,2025-01-03 00:00:00,core_servicing,complete,0.0,0.0,0.0,0.0,Current,0,none
F19Q40240183,21,2020-10,2019-12,10,350,203000.0,199806.45,3.75,780+,70-80,20-30,IN,rate_term_refi,primary,single_family,OTHER,Current,0.0,0,0,0,,2020-11-21 00:00:00,core_servicing,complete,0.0,0.0,0.0,1.0,Current,0,none
F22Q30167073,82,2025-11,2022-08,39,321,591000.0,564939.81,6.125,620-659,80-90,20-30,UT,purchase,,pud,"CITIZENS BANK, NA",Current,0.0,0,0,0,,2025-12-11 00:00:00,core_servicing,complete,0.0,,,,Current,0,none
F19Q20222742,9,2019-10,2019-06,4,356,340000.0,333000.0,4.0,780+,<=60,,CO,rate_term_refi,primary,pud,"UNITED SHORE FINANCIAL SERVICES, LLC",Current,0.0,0,0,0,,2019-11-07 00:00:00,core_servicing,complete,0.0,0.0,0.0,1.0,Current,0,none
F20Q40814677,56,2023-09,2021-01,32,328,438000.0,401751.96,2.875,740-779,80-90,<=20,NV,rate_term_refi,primary,single_family,PENNYMAC CORP.,Current,0.0,0,0,0,,2023-10-13 00:00:00,core_servicing,complete,0.0,0.0,0.0,0.0,Current,0,none
F21Q40138279,41,2022-06,2021-11,7,353,167000.0,164745.08,3.15,660-699,60-70,30-36,MN,cash_out_refi,primary,single_family,OTHER,Current,0.0,0,0,0,,2022-07-07 00:00:00,investor_feed,complete,0.0,0.0,0.0,0.0,Current,0,none
F20Q10119587,28,2021-05,2020-03,14,346,215000.0,209819.56,3.5,780+,<=60,>43,CA,purchase,primary,pud,"PNC BANK, NA",Current,0.0,0,0,0,,2021-06-09 00:00:00,core_servicing,complete,0.0,0.0,0.0,0.0,Current,0,none
F20Q10388645,42,2022-07,2020-04,27,333,255000.0,245694.4,4.875,620-659,60-70,36-43,CA,cash_out_refi,primary,pud,"WELLS FARGO BANK, N.A.",Current,0.0,0,0,0,,2022-08-18 00:00:00,core_servicing,missing,0.0,0.0,0.0,1.0,Current,1,missing_documentation
F19Q40500066,26,2021-03,2020-01,14,166,267000.0,250254.63,3.375,740-779,<=60,36-43,CA,rate_term_refi,primary,single_family,OTHER,Current,0.0,0,0,0,,2021-04-13 00:00:00,core_servicing,complete,0.0,0.0,0.0,1.0,Current,0,none
F19Q10160852,22,2020-11,2019-04,19,341,100000.0,97443.54,4.875,780+,<=60,>43,WA,purchase,second_home,single_family,NEW RESIDENTIAL MORTGAGE LLC,Current,0.0,0,0,0,,2020-12-04 00:00:00,core_servicing,complete,0.0,0.0,0.0,0.0,Current,0,none
F21Q30419412,45,2022-10,2021-09,13,347,308000.0,300877.57,3.375,780+,70-80,20-30,TX,cash_out_refi,primary,pud,FREEDOM MORTGAGE CORPORATION,Current,0.0,0,0,0,,2022-11-12 00:00:00,core_servicing,complete,0.0,0.0,0.0,0.0,Current,1,balance_reconciliation_break
F20Q20283579,20,2020-09,2020-06,3,357,263000.0,261000.0,3.375,700-739,70-80,30-36,UT,rate_term_refi,primary,pud,"LAKEVIEW LOAN SERVICING, LLC",Current,0.0,0,0,0,,2020-10-12 00:00:00,core_servicing,complete,0.0,0.0,0.0,0.0,Current,0,none
F22Q30137178,69,2024-10,2022-09,25,335,536000.0,521077.05,5.625,780+,70-80,<=20,PA,purchase,primary,single_family,PHH MORTGAGE CORPORATION,Current,0.0,0,0,0,,2024-11-05 00:00:00,core_servicing,complete,0.0,0.0,0.0,0.0,Current,0,none
F23Q10051106,53,2023-06,2023-03,3,357,286000.0,285000.0,6.625,740-779,>95,30-36,OH,purchase,primary,single_family,OTHER,Current,0.0,0,0,0,,2023-07-06 00:00:00,core_servicing,complete,0.0,0.0,0.0,0.0,Current,0,none
F23Q10099323,55,2023-08,2023-04,4,356,527000.0,524000.0,5.75,780+,60-70,>43,CO,purchase,primary,pud,"UNITED WHOLESALE MORTGAGE, LLC",Current,0.0,0,0,0,,2023-12-06 00:00:00,core_servicing,complete,0.0,0.0,0.0,0.0,Current,0,none
F23Q20075735,59,2023-12,2023-05,7,353,233000.0,230990.15,6.883,780+,90-95,>43,NC,purchase,primary,single_family,"UNITED WHOLESALE MORTGAGE, LLC",Current,0.0,0,0,0,,2024-01-03 00:00:00,investor_feed,complete,0.0,0.0,0.0,0.0,Current,0,none
F20Q40334910,86,2026-03,2020-11,64,296,301000.0,264548.54,2.875,740-779,60-70,36-43,CA,rate_term_refi,primary,pud,"ROCKET MORTGAGE, LLC",Current,0.0,0,0,0,,2026-04-26 00:00:00,core_servicing,complete,,,,,,0,none
F20Q20771584,77,2025-06,2020-07,59,121,197000.0,140119.56,2.875,740-779,<=60,36-43,VA,rate_term_refi,second_home,pud,"WELLS FARGO BANK, N.A.",Current,0.0,0,0,0,,2025-07-08 00:00:00,core_servicing,complete,0.0,0.0,,,Current,0,none
F19Q10143883,13,2020-02,2019-04,10,350,126000.0,124181.08,4.625,740-779,70-80,36-43,IL,purchase,primary,,QUICKEN LOANS INC.,Current,,0,0,0,,2020-03-04 00:00:00,core_servicing,complete,0.0,0.0,0.0,0.0,Current,0,none
F23Q30033873,79,2025-08,2023-08,24,336,332000.0,320990.57,6.375,660-699,90-95,>43,MI,purchase,primary,single_family,OTHER,Current,0.0,0,0,0,,2025-09-12 00:00:00,investor_feed,exception,0.0,0.0,,,Current,1,missing_documentation
F20Q20252877,20,2020-09,2020-06,3,357,129000.0,128000.0,3.625,700-739,<=60,20-30,NM,rate_term_refi,second_home,pud,OTHER,Current,0.0,0,0,0,,2020-10-12 00:00:00,manual_upload,complete,0.0,0.0,0.0,0.0,Current,0,none
F21Q20690372,62,2024-03,2021-06,33,327,175000.0,163448.84,3.0,740-779,80-90,36-43,AR,purchase,primary,single_family,OTHER,Current,0.0,0,0,0,,2024-04-03 00:00:00,core_servicing,complete,0.0,0.0,0.0,0.0,Current,0,none
F19Q40532972,24,2021-01,2019-11,14,346,273000.0,266422.15,3.5,700-739,<=60,30-36,CA,rate_term_refi,primary,,OTHER,Current,0.0,0,0,0,,2021-02-05 00:00:00,investor_feed,complete,0.0,0.0,0.0,1.0,Current,0,none
F22Q40017636,62,2024-03,2022-11,16,164,481000.0,449570.38,4.25,780+,70-80,36-43,NC,purchase,primary,pud,"JPMORGAN CHASE BANK, NATIONAL ASSOCIATION",Current,0.0,0,0,0,,2024-04-02 00:00:00,core_servicing,complete,0.0,0.0,0.0,0.0,Current,0,none
F22Q30035349,64,2024-05,2022-08,21,339,350000.0,342127.87,5.875,700-739,70-80,>43,NC,purchase,primary,pud,OTHER,Current,0.0,0,0,0,,2024-06-15 00:00:00,core_servicing,complete,0.0,0.0,0.0,0.0,Current,0,none
F21Q12444722,46,2022-11,2021-04,19,341,86000.0,83657.15,3.625,740-779,70-80,>43,OH,purchase,investment,2-4_unit,OTHER,Current,0.0,0,0,0,,2022-12-19 00:00:00,core_servicing,complete,0.0,0.0,0.0,0.0,Current,0,none
F22Q20338149,70,2024-11,2022-06,29,331,420000.0,403909.24,5.0,780+,60-70,36-43,FL,purchase,primary,single_family,"LAKEVIEW LOAN SERVICING, LLC",Current,0.0,0,0,0,,2024-12-07 00:00:00,core_servicing,complete,0.0,0.0,0.0,0.0,Current,0,none
F22Q40021124,59,2023-12,2022-11,13,347,210000.0,207389.25,6.375,660-699,70-80,30-36,FL,cash_out_refi,primary,condo,"ROCKET MORTGAGE, LLC",Current,0.0,0,0,0,,2024-01-15 00:00:00,core_servicing,complete,0.0,0.0,0.0,0.0,Current,0,none
F19Q30200895,28,2021-05,2019-09,20,160,191000.0,174128.32,4.25,740-779,70-80,36-43,OH,cash_out_refi,primary,single_family,NEW RESIDENTIAL MORTGAGE LLC,Current,0.0,0,0,0,,2021-06-05 00:00:00,core_servicing,complete,0.0,0.0,0.0,0.0,Current,0,none
F21Q11814578,36,2022-01,2021-02,11,349,303000.0,291987.25,2.375,740-779,80-90,<=20,KY,purchase,primary,pud,"WELLS FARGO BANK, N.A.",Current,0.0,0,0,0,,2022-02-21 00:00:00,core_servicing,complete,0.0,0.0,0.0,0.0,Current,0,none
F22Q40183150,49,2023-02,2023-01,1,359,342000.0,341000.0,5.875,740-779,90-95,>43,NC,purchase,primary,pud,"UNITED WHOLESALE MORTGAGE, LLC",Current,0.0,0,0,0,,2023-03-05 00:00:00,investor_feed,complete,0.0,0.0,0.0,1.0,Current,0,none
F22Q10201406,74,2025-03,2022-03,36,324,149000.0,127528.8,3.875,780+,70-80,20-30,ME,purchase,primary,single_family,GUILD MORTGAGE COMPANY LLC,Current,0.0,0,0,0,,2025-04-09 00:00:00,core_servicing,complete,0.0,0.0,0.0,0.0,Current,0,none
F22Q10326741,71,2024-12,2022-03,33,267,300000.0,278139.56,3.99,660-699,<=60,36-43,MD,cash_out_refi,primary,single_family,NEW RESIDENTIAL MORTGAGE LLC,Current,120.0,0,0,0,,2025-01-02 00:00:00,core_servicing,complete,0.0,0.0,0.0,0.0,Current,1,status_dpd_mismatch
F22Q10035289,59,2023-12,2022-02,22,338,403000.0,387349.23,2.973,780+,70-80,36-43,CA,purchase,primary,single_family,"UNITED WHOLESALE MORTGAGE, LLC",Current,0.0,0,0,0,,2024-01-02 00:00:00,core_servicing,complete,0.0,0.0,0.0,0.0,Current,0,none
F22Q10379600,56,2023-09,2022-03,18,342,845000.0,818880.1,3.125,740-779,70-80,>43,CA,purchase,primary,pud,PENNYMAC CORP.,Current,0.0,0,0,0,,2023-10-01 00:00:00,core_servicing,complete,0.0,0.0,0.0,0.0,Current,0,none
F21Q40814560,68,2024-09,2022-01,32,328,534000.0,503510.93,3.0,700-739,70-80,,CA,purchase,primary,single_family,OTHER,Current,0.0,0,0,0,,2024-10-05 00:00:00,core_servicing,complete,0.0,0.0,0.0,0.0,Current,0,none
F23Q40008922,70,2024-11,2023-11,12,348,160000.0,158060.09,6.875,740-779,70-80,>43,VA,purchase,primary,single_family,OTHER,Current,0.0,0,0,0,,2024-12-11 00:00:00,investor_feed,complete,0.0,0.0,0.0,0.0,Current,0,none
F21Q20725935,70,2024-11,2021-07,40,320,270000.0,249199.78,3.125,700-739,80-90,20-30,NC,purchase,primary,,"LAKEVIEW LOAN SERVICING, LLC",Current,0.0,0,0,0,,2025-03-09 00:00:00,core_servicing,complete,0.0,0.0,0.0,0.0,Current,1,stale_servicer_reporting
F21Q20654229,53,2023-06,2021-07,23,337,204000.0,198647.21,2.99,700-739,<=60,>43,NJ,cash_out_refi,primary,single_family,"AMERIHOME MORTGAGE COMPANY, LLC",Default,180.0,0,0,1,,2023-07-03 00:00:00,core_servicing,complete,1.0,1.0,1.0,0.0,Default,0,none
F19Q10235730,44,2022-09,2019-04,41,319,89000.0,83586.22,5.6,700-739,70-80,20-30,WI,cash_out_refi,primary,single_family,"JPMORGAN CHASE BANK, NATIONAL ASSOCIATION",Current,0.0,0,0,0,,2022-12-17 00:00:00,core_servicing,complete,0.0,0.0,0.0,0.0,Current,1,stale_servicer_reporting
F21Q40806511,49,2023-02,2022-01,13,167,259000.0,242958.8,1.99,700-739,<=60,30-36,NY,rate_term_refi,primary,single_family,"LOANDEPOT.COM, LLC",Current,,0,0,0,,2023-03-13 00:00:00,core_servicing,complete,0.0,0.0,0.0,0.0,Current,0,none
F22Q20352153,69,2024-10,2022-07,27,333,182000.0,176288.18,5.5,700-739,70-80,20-30,PA,purchase,primary,single_family,"ROCKET MORTGAGE, LLC",Current,0.0,0,0,0,,2024-11-10 00:00:00,core_servicing,complete,0.0,0.0,0.0,0.0,Current,0,none
F22Q40130283,56,2023-09,2023-01,8,352,293000.0,290932.57,8.125,740-779,80-90,20-30,TX,purchase,second_home,condo,"UNITED WHOLESALE MORTGAGE, LLC",Current,0.0,0,0,0,,2023-10-11 00:00:00,core_servicing,complete,0.0,0.0,0.0,0.0,Current,0,none
F20Q30338308,31,2021-08,2020-08,12,168,216000.0,203565.7,2.25,700-739,60-70,,MN,rate_term_refi,primary,single_family,"UNITED WHOLESALE MORTGAGE, LLC",Current,0.0,0,0,0,,2021-09-08 00:00:00,core_servicing,complete,0.0,0.0,0.0,0.0,Current,0,none
F21Q30416850,55,2023-08,2021-09,23,337,548000.0,524332.36,2.99,740-779,<=60,>43,CA,cash_out_refi,primary,single_family,"JPMORGAN CHASE BANK, NATIONAL ASSOCIATION",Current,0.0,0,0,0,,2023-09-09 00:00:00,core_servicing,complete,0.0,0.0,0.0,0.0,Current,0,none
F20Q20141231,50,2023-03,2020-05,34,326,184000.0,143776.84,3.5,780+,60-70,<=20,SC,purchase,primary,single_family,NATIONSTAR MORTGAGE LLC DBA MR. COOPER,Current,0.0,0,0,0,,2023-04-06 00:00:00,investor_feed,complete,0.0,0.0,0.0,0.0,Current,0,none
F22Q10198728,74,2025-03,2022-02,37,323,620000.0,567925.35,3.5,780+,70-80,30-36,NY,purchase,primary,single_family,"JPMORGAN CHASE BANK, NATIONAL ASSOCIATION",Current,0.0,0,0,0,,2025-04-02 00:00:00,core_servicing,complete,0.0,0.0,0.0,1.0,Current,0,none
F23Q20013386,55,2023-08,2023-05,3,237,200000.0,199000.0,5.679,660-699,<=60,,FL,cash_out_refi,primary,single_family,"UNITED WHOLESALE MORTGAGE, LLC",Current,0.0,0,0,0,,2023-09-08 00:00:00,core_servicing,complete,0.0,0.0,0.0,0.0,Current,0,none
F21Q40113194,85,2026-02,2021-11,51,69,245000.0,133294.56,2.0,780+,<=60,30-36,CA,rate_term_refi,primary,pud,OTHER,Current,0.0,0,0,0,,2026-03-14 00:00:00,investor_feed,complete,,,,,Current,0,none
F21Q30386860,39,2022-04,2021-09,7,173,137000.0,131393.98,2.375,780+,60-70,30-36,FL,rate_term_refi,primary,pud,NEW RESIDENTIAL MORTGAGE LLC,Current,0.0,0,0,0,,2022-05-11 00:00:00,core_servicing,missing,0.0,0.0,0.0,0.0,Current,1,missing_documentation
F23Q10118090,67,2024-08,2023-04,16,344,176000.0,173021.06,5.875,740-779,70-80,,NY,purchase,primary,condo,NATIONSTAR MORTGAGE LLC DBA MR. COOPER,Current,0.0,0,0,0,,2024-09-04 00:00:00,manual_upload,complete,0.0,0.0,0.0,0.0,Current,0,none
F20Q20589493,26,2021-03,2020-07,8,352,268000.0,264170.09,3.375,740-779,80-90,30-36,OH,rate_term_refi,primary,single_family,"JPMORGAN CHASE BANK, NATIONAL ASSOCIATION",Current,0.0,0,0,0,,2021-04-18 00:00:00,core_servicing,complete,0.0,0.0,0.0,0.0,Current,0,none
F20Q20902557,38,2022-03,2020-07,20,340,557000.0,538064.96,3.25,740-779,<=60,30-36,WA,rate_term_refi,primary,single_family,"CALIBER HOME LOANS, INC.",Current,0.0,0,0,0,,2022-04-23 00:00:00,investor_feed,complete,0.0,0.0,0.0,1.0,Current,0,none
F20Q20328989,48,2023-01,2020-06,31,329,251000.0,237166.38,3.125,740-779,>95,30-36,VA,purchase,primary,single_family,"WELLS FARGO BANK, N.A.",Current,0.0,0,0,0,,2023-02-08 00:00:00,core_servicing,complete,0.0,0.0,0.0,0.0,Current,0,none
F23Q40007369,60,2024-01,2023-10,3,357,550000.0,548000.0,6.5,740-779,90-95,>43,GA,purchase,primary,pud,NEW RESIDENTIAL MORTGAGE LLC,Current,0.0,0,0,0,,2024-02-03 00:00:00,core_servicing,complete,0.0,0.0,0.0,0.0,Current,0,none
F21Q30160683,56,2023-09,2021-08,25,335,251000.0,237865.49,2.99,780+,70-80,>43,NJ,rate_term_refi,primary,single_family,"ROCKET MORTGAGE, LLC",Current,0.0,0,0,0,,2023-10-07 00:00:00,core_servicing,complete,0.0,0.0,0.0,0.0,Current,0,none
F20Q10049796,50,2023-03,2020-02,37,323,179000.0,78532.86,3.75,780+,70-80,20-30,SC,purchase,primary,pud,"PNC BANK, NA",Current,0.0,0,0,0,,2023-04-13 00:00:00,core_servicing,complete,0.0,0.0,0.0,0.0,Current,0,none
F22Q40169926,80,2025-09,2023-01,32,328,266000.0,256271.05,5.95,700-739,80-90,,MA,purchase,primary,single_family,"CROSSCOUNTRY MORTGAGE, LLC",Current,0.0,0,0,0,,2025-10-14 00:00:00,investor_feed,complete,0.0,0.0,,,Current,0,none
F19Q30189688,13,2020-02,2019-09,5,355,102000.0,102000.0,5.25,700-739,70-80,36-43,CO,cash_out_refi,primary,single_family,OTHER,Current,0.0,0,0,0,,2020-03-03 00:00:00,core_servicing,complete,1.0,1.0,0.0,1.0,Current,0,none
F20Q40012493,23,2020-12,2020-11,1,359,364000.0,363000.0,2.625,740-779,70-80,<=20,MN,purchase,primary,single_family,OTHER,Current,0.0,0,0,0,,2021-01-05 00:00:00,core_servicing,complete,0.0,0.0,0.0,0.0,Current,0,none
F19Q40168448,25,2021-02,2019-11,15,345,311000.0,301540.92,3.99,740-779,70-80,30-36,CO,cash_out_refi,primary,single_family,PENNYMAC CORP.,Current,0.0,0,0,0,,2021-03-08 00:00:00,core_servicing,complete,0.0,0.0,0.0,0.0,Current,0,none
F21Q30168174,53,2023-06,2021-08,22,158,120000.0,104268.74,2.49,780+,<=60,20-30,GA,rate_term_refi,primary,single_family,FREEDOM MORTGAGE CORPORATION,Current,0.0,0,0,0,,2023-07-12 00:00:00,core_servicing,complete,0.0,0.0,0.0,0.0,Current,0,none
F21Q12146593,58,2023-11,2021-03,32,328,573000.0,537139.62,2.5,700-739,70-80,36-43,MD,rate_term_refi,primary,pud,"JPMORGAN CHASE BANK, NATIONAL ASSOCIATION",Current,0.0,0,0,0,,2023-12-08 00:00:00,core_servicing,complete,0.0,0.0,0.0,0.0,Current,0,none
F20Q10169787,44,2022-09,2020-03,30,330,230000.0,218480.19,3.625,700-739,<=60,>43,NY,purchase,primary,single_family,"UNITED WHOLESALE MORTGAGE, LLC",Current,0.0,0,0,0,,2022-10-09 00:00:00,investor_feed,complete,0.0,0.0,0.0,0.0,Current,0,none
F20Q20671715,32,2021-09,2020-07,14,166,286000.0,267392.71,2.5,780+,<=60,>43,AZ,rate_term_refi,primary,pud,"UNITED WHOLESALE MORTGAGE, LLC",Current,0.0,0,0,0,,2021-10-09 00:00:00,core_servicing,complete,0.0,0.0,0.0,0.0,Current,0,none
F22Q30008054,64,2024-05,2022-08,21,159,194000.0,176369.76,5.125,740-779,>95,20-30,PA,purchase,primary,condo,OTHER,Current,0.0,0,0,0,,2024-06-04 00:00:00,core_servicing,complete,0.0,0.0,0.0,0.0,Current,0,none
F21Q30638879,46,2022-11,2021-09,14,346,200000.0,195315.69,3.25,740-779,<=60,20-30,OR,cash_out_refi,second_home,single_family,OTHER,Current,0.0,0,0,0,,2022-12-17 00:00:00,investor_feed,complete,0.0,0.0,0.0,0.0,Current,0,none
F19Q40329577,23,2020-12,2019-11,13,167,196000.0,182997.66,3.0,740-779,60-70,20-30,CA,rate_term_refi,primary,single_family,OTHER,Current,0.0,0,0,0,,2021-01-08 00:00:00,manual_upload,complete,0.0,0.0,0.0,0.0,Current,0,none
F20Q20478108,48,2023-01,2020-07,30,330,185000.0,175805.21,3.5,660-699,90-95,>43,MN,purchase,primary,single_family,OTHER,Current,0.0,0,0,0,,2023-02-11 00:00:00,core_servicing,complete,0.0,0.0,0.0,0.0,Current,0,none
F19Q10236424,77,2025-06,2019-04,74,286,247000.0,211326.13,4.75,780+,90-95,<=20,LA,purchase,primary,single_family,FREEDOM MORTGAGE CORPORATION,Current,0.0,0,0,0,,2025-07-18 00:00:00,investor_feed,complete,0.0,0.0,,,Current,0,none
F22Q30079731,50,2023-03,2022-10,5,355,279000.0,277000.0,5.75,740-779,70-80,>43,MI,purchase,primary,single_family,OTHER,Current,0.0,0,0,0,,2023-04-07 00:00:00,core_servicing,missing,0.0,0.0,0.0,0.0,Current,0,none
F19Q20092760,21,2020-10,2019-06,16,344,133000.0,130270.39,4.875,620-659,60-70,36-43,MD,purchase,primary,pud,TRUIST BANK,Current,0.0,0,0,0,,2020-11-06 00:00:00,core_servicing,complete,1.0,1.0,1.0,1.0,Current,0,none
F19Q30341597,22,2020-11,2019-10,13,347,210000.0,208617.82,3.99,780+,90-95,30-36,DE,rate_term_refi,primary,pud,"JPMORGAN CHASE BANK, NATIONAL ASSOCIATION",Current,0.0,0,0,0,,2020-12-09 00:00:00,core_servicing,complete,0.0,0.0,0.0,0.0,Current,0,none
F22Q30087152,71,2024-12,2022-09,27,333,333000.0,321669.26,5.289,740-779,90-95,>43,CA,purchase,primary,single_family,TH MSR HOLDINGS LLC,Current,0.0,0,0,0,,2025-01-19 00:00:00,investor_feed,complete,0.0,0.0,0.0,0.0,Current,0,none
F23Q10031729,51,2023-04,2023-02,2,238,350000.0,346000.0,5.875,780+,<=60,>43,NY,purchase,primary,single_family,OTHER,Current,0.0,0,0,0,,2023-05-13 00:00:00,manual_upload,complete,0.0,0.0,0.0,0.0,Current,0,none
F20Q20050702,48,2023-01,2020-05,32,328,366000.0,345780.96,3.25,660-699,<=60,36-43,MA,cash_out_refi,primary,single_family,"ROCKET MORTGAGE, LLC",Current,0.0,0,0,0,,2023-03-26 00:00:00,core_servicing,complete,0.0,0.0,0.0,0.0,Current,0,none
F22Q20019937,42,2022-07,2022-05,2,358,122000.0,122000.0,4.5,740-779,80-90,20-30,MO,purchase,primary,2-4_unit,PHH MORTGAGE CORPORATION,Current,0.0,0,0,0,,2022-08-06 00:00:00,core_servicing,complete,0.0,1.0,0.0,0.0,Current,0,none
F21Q20261290,29,2021-06,2021-05,1,359,125000.0,125000.0,2.875,780+,70-80,>43,IL,cash_out_refi,primary,pud,"LOANDEPOT.COM, LLC",Current,120.0,0,0,0,,2021-07-06 00:00:00,core_servicing,complete,0.0,0.0,0.0,0.0,Current,1,status_dpd_mismatch
F20Q10426360,43,2022-08,2020-05,27,333,160000.0,152340.57,3.0,780+,60-70,36-43,MI,rate_term_refi,primary,condo,OTHER,Current,0.0,0,0,0,,2022-09-02 00:00:00,core_servicing,complete,0.0,0.0,0.0,0.0,Current,0,none
F20Q31126722,73,2025-02,2020-09,53,307,285000.0,252327.85,3.125,700-739,70-80,36-43,TN,purchase,primary,single_family,OTHER,Current,0.0,0,0,0,,2025-03-26 00:00:00,core_servicing,complete,0.0,0.0,0.0,0.0,Current,0,none
F22Q20066380,81,2025-10,2022-05,41,199,428000.0,372953.7,3.5,,<=60,20-30,MA,rate_term_refi,primary,single_family,U.S. BANK N.A.,Current,0.0,0,0,0,,2025-11-07 00:00:00,core_servicing,complete,0.0,,,,Current,0,none
F22Q20253864,45,2022-10,2022-07,3,357,428000.0,426000.0,5.676,740-779,,>43,MA,purchase,primary,single_family,"UNITED WHOLESALE MORTGAGE, LLC",Current,0.0,0,0,0,,2022-11-09 00:00:00,core_servicing,complete,0.0,0.0,0.0,0.0,Current,0,none
F23Q30203090,79,2025-08,2023-10,22,338,520000.0,425754.4,7.99,780+,<=60,20-30,FL,cash_out_refi,primary,pud,"ROCKET MORTGAGE, LLC",Current,0.0,0,0,0,,2025-09-12 00:00:00,investor_feed,complete,0.0,0.0,,,Current,1,unexpected_balance_movement
F22Q40096617,75,2025-04,2022-12,28,332,458000.0,412798.82,7.0,740-779,80-90,20-30,TX,purchase,primary,pud,FREEDOM MORTGAGE CORPORATION,Current,0.0,0,0,0,,2025-08-20 00:00:00,core_servicing,pending,0.0,0.0,0.0,1.0,Current,0,none
F21Q30394127,47,2022-12,2021-09,15,345,205000.0,197693.07,2.875,740-779,<=60,,MA,rate_term_refi,primary,single_family,"FIFTH THIRD BANK, NATIONAL ASSOCIATION",Current,0.0,0,0,0,,2023-01-06 00:00:00,core_servicing,complete,0.0,0.0,0.0,0.0,Current,0,none
F22Q40019725,70,2024-11,2022-11,24,336,600000.0,583140.82,6.125,740-779,70-80,,NY,purchase,primary,single_family,"LAKEVIEW LOAN SERVICING, LLC",Current,0.0,0,0,0,,2024-12-01 00:00:00,investor_feed,complete,0.0,0.0,0.0,0.0,Current,1,balance_reconciliation_break
F22Q20129880,81,2025-10,2022-06,40,320,335000.0,313444.1,3.75,780+,<=60,36-43,NC,rate_term_refi,primary,pud,OTHER,Current,0.0,0,0,0,,2025-11-12 00:00:00,core_servicing,complete,0.0,,,,Current,0,none
F22Q20262977,59,2023-12,2022-07,17,343,333000.0,325784.37,5.25,740-779,90-95,36-43,MN,purchase,primary,single_family,"LOANDEPOT.COM, LLC",Current,0.0,0,0,0,,2024-01-10 00:00:00,core_servicing,complete,0.0,0.0,0.0,1.0,Current,0,none
F20Q10306085,26,2021-03,2020-04,11,349,720000.0,708199.78,4.0,740-779,70-80,36-43,NY,rate_term_refi,primary,2-4_unit,"UNITED WHOLESALE MORTGAGE, LLC",Current,0.0,0,0,0,,2021-04-21 00:00:00,investor_feed,complete,0.0,0.0,0.0,0.0,Current,0,none
F20Q41026446,51,2023-04,2021-01,27,333,280000.0,265560.84,2.625,660-699,<=60,30-36,WA,cash_out_refi,primary,pud,OTHER,Current,0.0,0,0,0,,2023-05-05 00:00:00,core_servicing,complete,0.0,0.0,0.0,0.0,Current,0,none
F22Q20038015,70,2024-11,2022-05,30,330,224000.0,215403.47,4.99,660-699,70-80,36-43,MI,cash_out_refi,primary,single_family,OTHER,Current,0.0,0,0,0,,2024-12-09 00:00:00,investor_feed,complete,0.0,0.0,0.0,0.0,Current,1,balance_reconciliation_break
F21Q40452495,81,2025-10,2021-12,46,314,282000.0,259987.02,3.25,700-739,90-95,36-43,FL,purchase,primary,single_family,"WELLS FARGO BANK, N.A.",DQ30,30.0,0,0,0,,2025-11-06 00:00:00,core_servicing,complete,1.0,1.0,,,DQ30,0,none
F22Q10432592,60,2024-01,2022-04,21,339,600000.0,581523.0,4.25,700-739,60-70,30-36,OR,cash_out_refi,primary,single_family,"LAKEVIEW LOAN SERVICING, LLC",Current,0.0,0,0,0,,2024-02-02 00:00:00,investor_feed,complete,0.0,0.0,0.0,0.0,Current,0,none
F23Q20013386,56,2023-09,2023-05,4,236,200000.0,198000.0,5.679,660-699,<=60,36-43,FL,cash_out_refi,primary,single_family,"UNITED WHOLESALE MORTGAGE, LLC",Current,0.0,0,0,0,,2023-10-09 00:00:00,investor_feed,complete,0.0,0.0,0.0,0.0,Current,0,none
F22Q20032363,78,2025-07,2022-05,38,322,840000.0,790054.16,3.875,700-739,60-70,36-43,CA,cash_out_refi,primary,single_family,"JPMORGAN CHASE BANK, NATIONAL ASSOCIATION",Current,0.0,0,0,0,,2025-08-06 00:00:00,core_servicing,complete,0.0,0.0,,,Current,0,none
F21Q40234454,68,2024-09,2021-11,34,326,237000.0,220102.93,2.99,700-739,80-90,>43,WI,purchase,primary,single_family,"ROCKET MORTGAGE, LLC",DQ30,30.0,0,0,0,,2024-10-02 00:00:00,investor_feed,complete,0.0,1.0,0.0,0.0,Current,0,none
F20Q10397312,15,2020-04,2020-04,0,360,106000.0,106000.0,3.625,740-779,60-70,30-36,FL,cash_out_refi,primary,single_family,"CITIZENS BANK, NA",Current,0.0,0,0,0,,2020-05-03 00:00:00,core_servicing,complete,0.0,0.0,0.0,0.0,Current,0,none
F21Q30524012,67,2024-08,2021-08,36,204,236000.0,206889.84,2.375,700-739,<=60,>43,NC,rate_term_refi,primary,single_family,TRUIST BANK,Current,0.0,0,0,0,,2024-09-09 00:00:00,investor_feed,complete,0.0,0.0,0.0,0.0,Current,0,none
F21Q20136976,67,2024-08,2021-05,39,321,202000.0,184226.28,2.875,700-739,60-70,36-43,SC,rate_term_refi,primary,pud,"PENNYMAC LOAN SERVICES, LLC",Current,0.0,0,0,0,,2024-09-04 00:00:00,investor_feed,complete,0.0,0.0,0.0,0.0,Current,0,none
F20Q20797627,56,2023-09,2020-08,37,143,162000.0,133691.55,2.625,780+,<=60,,IL,rate_term_refi,primary,single_family,"UNITED WHOLESALE MORTGAGE, LLC",Current,0.0,0,0,0,,2023-10-09 00:00:00,investor_feed,complete,0.0,0.0,0.0,0.0,Current,0,none
F22Q40212237,77,2025-06,2023-01,29,331,85000.0,81756.62,6.375,700-739,80-90,>43,OH,purchase,primary,single_family,"FIFTH THIRD BANK, NATIONAL ASSOCIATION",Current,120.0,0,0,0,,2025-07-04 00:00:00,core_servicing,complete,0.0,0.0,,,Current,1,balance_reconciliation_break
F22Q20427157,46,2022-11,2022-07,4,356,240000.0,239000.0,5.875,620-659,<=60,20-30,TN,cash_out_refi,primary,single_family,"ROCKET MORTGAGE, LLC",Current,0.0,0,0,0,,2022-12-06 00:00:00,investor_feed,complete,0.0,0.0,0.0,0.0,Current,0,none
F22Q30246068,69,2024-10,2022-10,24,336,392000.0,380484.28,4.999,780+,80-90,36-43,AZ,purchase,primary,pud,TH MSR HOLDINGS LLC,Current,0.0,0,0,0,,2025-01-10 00:00:00,core_servicing,pending,0.0,0.0,0.0,0.0,Current,0,none
F21Q12368962,86,2026-03,2021-04,59,301,174000.0,154693.64,2.875,780+,<=60,36-43,TX,purchase,primary,pud,"ROCKET MORTGAGE, LLC",Current,0.0,0,0,0,,2026-04-03 00:00:00,core_servicing,complete,,,,,,0,none
F21Q40300901,62,2024-03,2021-12,27,333,500000.0,476539.27,3.25,,<=60,36-43,CA,cash_out_refi,primary,,"ROCKET MORTGAGE, LLC",Current,0.0,0,0,0,,2024-04-13 00:00:00,core_servicing,complete,0.0,0.0,0.0,0.0,Current,0,none
F22Q20055175,53,2023-06,2022-05,13,347,453000.0,444251.8,4.375,700-739,70-80,>43,NY,purchase,primary,condo,"LAKEVIEW LOAN SERVICING, LLC",Current,0.0,0,0,0,,2023-07-16 00:00:00,core_servicing,complete,0.0,0.0,0.0,0.0,Current,0,none
F19Q30250369,16,2020-05,2019-09,8,232,334000.0,326816.48,3.75,780+,70-80,20-30,TX,rate_term_refi,primary,pud,OTHER,Current,0.0,0,0,0,,2020-06-05 00:00:00,core_servicing,complete,0.0,0.0,0.0,0.0,Current,0,none
F21Q11600708,28,2021-05,2021-02,3,237,339000.0,336000.0,2.375,780+,60-70,30-36,CA,rate_term_refi,primary,pud,PENNYMAC CORP.,Current,0.0,0,0,0,,2021-06-14 00:00:00,core_servicing,complete,0.0,0.0,0.0,0.0,Current,0,none
F20Q41086216,24,2021-01,2021-01,0,360,232000.0,232000.0,2.75,740-779,80-90,20-30,NC,rate_term_refi,primary,pud,"WELLS FARGO BANK, N.A.",Current,0.0,0,0,0,,2021-02-14 00:00:00,core_servicing,complete,0.0,0.0,0.0,0.0,Current,0,none
F19Q40400503,53,2023-06,2020-01,41,139,157000.0,119549.91,3.0,780+,<=60,<=20,MA,rate_term_refi,primary,single_family,OTHER,Current,0.0,0,0,0,,2023-07-26 00:00:00,core_servicing,complete,0.0,0.0,0.0,0.0,Current,0,none
F20Q30868110,48,2023-01,2020-10,27,333,124000.0,112606.34,3.0,740-779,70-80,30-36,TX,purchase,primary,pud,ONSLOW BAY FINANCIAL LLC,Current,0.0,0,0,0,,2023-02-06 00:00:00,core_servicing,complete,0.0,0.0,0.0,0.0,Current,0,none
F19Q30363916,36,2022-01,2019-09,28,212,201000.0,147753.63,3.5,740-779,70-80,>43,TX,purchase,primary,single_family,U.S. BANK N.A.,Current,0.0,0,0,0,,2022-02-11 00:00:00,investor_feed,complete,0.0,0.0,0.0,0.0,Current,0,none
F20Q10248191,53,2023-06,2020-04,38,322,230000.0,215429.91,3.48,660-699,60-70,,CO,cash_out_refi,primary,single_family,"UNITED WHOLESALE MORTGAGE, LLC",Current,0.0,0,0,0,,2023-07-13 00:00:00,manual_upload,complete,0.0,0.0,0.0,0.0,Current,0,none
F21Q11762852,57,2023-10,2021-03,31,329,150000.0,141868.47,3.25,700-739,<=60,30-36,AZ,cash_out_refi,second_home,single_family,OTHER,Current,0.0,0,0,0,,2023-11-04 00:00:00,core_servicing,complete,0.0,0.0,0.0,0.0,Current,0,none
F19Q30530381,32,2021-09,2019-10,23,157,118000.0,106227.64,3.5,780+,<=60,20-30,CA,rate_term_refi,primary,single_family,"JPMORGAN CHASE BANK, NATIONAL ASSOCIATION",Current,0.0,0,0,0,,2021-10-11 00:00:00,core_servicing,pending,0.0,0.0,0.0,0.0,Current,0,none
F23Q30219649,58,2023-11,2023-10,1,359,726000.0,725000.0,7.375,780+,80-90,>43,CA,purchase,primary,single_family,"PENNYMAC LOAN SERVICES, LLC",Current,0.0,0,0,0,,2023-12-10 00:00:00,core_servicing,complete,0.0,0.0,0.0,0.0,Current,0,none
F20Q20758205,21,2020-10,2020-06,4,176,620000.0,608000.0,2.875,780+,60-70,36-43,VA,rate_term_refi,primary,pud,"AMERIHOME MORTGAGE COMPANY, LLC",Current,0.0,0,0,0,,2020-11-13 00:00:00,investor_feed,complete,0.0,0.0,0.0,0.0,Current,0,none
F19Q10217941,31,2021-08,2019-03,29,151,129000.0,112489.71,3.875,780+,<=60,20-30,OH,rate_term_refi,primary,pud,"PNC BANK, NA",Current,0.0,0,0,0,,2021-09-07 00:00:00,investor_feed,complete,0.0,0.0,0.0,0.0,Current,0,none
F21Q40426950,39,2022-04,2021-11,5,355,100000.0,99000.0,3.375,740-779,,,FL,purchase,second_home,condo,"LAKEVIEW LOAN SERVICING, LLC",Current,0.0,0,0,0,,2022-05-25 00:00:00,core_servicing,complete,0.0,0.0,0.0,0.0,Current,0,none
F19Q40141467,80,2025-09,2019-11,70,290,188000.0,166900.01,4.125,740-779,>95,36-43,FL,purchase,primary,pud,NEW RESIDENTIAL MORTGAGE LLC,Current,0.0,0,0,0,,2025-10-11 00:00:00,core_servicing,complete,0.0,0.0,,,Current,0,none
F21Q30174806,35,2021-12,2021-08,4,356,328000.0,325000.0,2.75,740-779,90-95,30-36,TX,purchase,primary,pud,HOME POINT FINANCIAL CORPORATION,Current,0.0,0,0,0,,2022-01-11 00:00:00,core_servicing,complete,0.0,0.0,0.0,0.0,Current,0,none
F21Q40302617,62,2024-03,2021-12,27,333,380000.0,357767.11,3.49,700-739,70-80,,WA,purchase,primary,condo,"JPMORGAN CHASE BANK, NATIONAL ASSOCIATION",Current,0.0,0,0,0,,2024-04-04 00:00:00,core_servicing,complete,0.0,0.0,0.0,0.0,Current,0,none
F23Q30262091,66,2024-07,2023-10,9,351,331000.0,327943.13,7.25,,<=60,30-36,PA,cash_out_refi,primary,pud,"JPMORGAN CHASE BANK, NATIONAL ASSOCIATION",Current,0.0,0,0,0,,2024-08-09 00:00:00,core_servicing,complete,0.0,0.0,0.0,0.0,Current,0,none
F23Q20185787,72,2025-01,2023-06,19,341,250000.0,245991.44,7.125,780+,<=60,>43,NJ,purchase,investment,2-4_unit,OTHER,Current,0.0,0,0,0,,2025-02-08 00:00:00,core_servicing,pending,0.0,0.0,0.0,0.0,Current,0,none
F23Q20219699,57,2023-10,2023-06,4,356,536000.0,533000.0,5.875,660-699,80-90,30-36,PA,purchase,primary,single_family,"CITIZENS BANK, NA",Current,0.0,0,0,0,,2023-11-11 00:00:00,core_servicing,complete,0.0,0.0,0.0,0.0,Current,0,none
F20Q20504033,75,2025-04,2020-06,58,302,214000.0,147545.48,3.75,700-739,80-90,>43,VA,purchase,primary,single_family,"JPMORGAN CHASE BANK, NATIONAL ASSOCIATION",Current,0.0,0,0,0,,2025-05-19 00:00:00,investor_feed,complete,0.0,0.0,,,Current,0,none
F20Q40627391,52,2023-05,2020-12,29,331,209000.0,198138.37,2.99,740-779,90-95,20-30,CT,purchase,primary,single_family,MATRIX FINANCIAL SERVICES CORPORATION,Current,0.0,0,0,0,,2023-06-06 00:00:00,investor_feed,complete,0.0,0.0,0.0,0.0,Current,0,none
F20Q41254316,43,2022-08,2020-12,20,340,360000.0,347086.34,2.875,780+,<=60,20-30,CA,rate_term_refi,primary,2-4_unit,OTHER,Current,0.0,0,0,0,,2022-09-12 00:00:00,investor_feed,missing,0.0,0.0,0.0,0.0,Current,0,none
F20Q10143466,23,2020-12,2020-03,9,351,53000.0,51458.01,5.25,620-659,70-80,>43,MA,purchase,primary,condo,OTHER,Current,,0,0,0,,2021-01-13 00:00:00,core_servicing,complete,0.0,0.0,0.0,0.0,Current,0,none
F20Q30432385,33,2021-10,2020-08,14,346,350000.0,341453.42,3.0,700-739,60-70,36-43,FL,rate_term_refi,primary,condo,"CALIBER HOME LOANS, INC.",Current,0.0,0,0,0,,2021-11-04 00:00:00,core_servicing,complete,0.0,0.0,0.0,0.0,Current,0,none
F20Q40295825,84,2026-01,2020-11,62,298,265000.0,232686.5,3.25,740-779,70-80,30-36,PA,cash_out_refi,primary,pud,NEW RESIDENTIAL MORTGAGE LLC,Current,0.0,0,0,0,,2026-02-05 00:00:00,core_servicing,pending,,,,,Current,0,none
F22Q20175242,83,2025-12,2022-06,42,318,314000.0,262030.8,5.25,700-739,90-95,30-36,MI,purchase,primary,single_family,OTHER,Current,0.0,0,0,0,,2026-01-17 00:00:00,investor_feed,complete,0.0,,,,Current,0,none
F20Q30473355,63,2024-04,2020-09,43,317,240000.0,222722.84,3.5,740-779,60-70,>43,VA,cash_out_refi,primary,pud,PENNYMAC CORP.,Current,0.0,0,0,0,,2024-07-26 00:00:00,core_servicing,complete,0.0,0.0,0.0,0.0,Current,1,stale_servicer_reporting
F19Q20078526,43,2022-08,2019-06,38,142,484000.0,401850.52,3.875,700-739,70-80,30-36,ID,cash_out_refi,primary,single_family,OTHER,Current,0.0,0,0,0,,2022-09-06 00:00:00,core_servicing,complete,0.0,0.0,0.0,0.0,Current,0,none
F20Q10050656,18,2020-07,2020-02,5,235,295000.0,291000.0,4.25,700-739,90-95,>43,CA,rate_term_refi,primary,single_family,"JPMORGAN CHASE BANK, NATIONAL ASSOCIATION",Current,0.0,0,0,0,,2020-08-08 00:00:00,core_servicing,complete,0.0,0.0,0.0,0.0,Current,0,none
F19Q30345430,14,2020-03,2019-09,6,174,86000.0,83000.0,3.25,780+,80-90,30-36,OH,purchase,primary,condo,OTHER,Current,0.0,0,0,0,,2020-04-02 00:00:00,core_servicing,missing,0.0,0.0,0.0,0.0,Current,1,missing_documentation
F20Q20740751,59,2023-12,2020-07,41,139,40000.0,31922.69,2.5,780+,<=60,20-30,MI,purchase,primary,single_family,OTHER,Current,0.0,0,0,0,,2024-01-17 00:00:00,core_servicing,complete,0.0,0.0,0.0,0.0,Current,0,none
F22Q40098687,64,2024-05,2022-12,17,343,76000.0,74200.16,6.125,700-739,60-70,>43,MN,cash_out_refi,primary,single_family,"WELLS FARGO BANK, N.A.",Current,0.0,0,0,0,,2024-06-11 00:00:00,core_servicing,complete,0.0,0.0,0.0,0.0,Current,0,none
F19Q40531402,52,2023-05,2019-12,41,319,576000.0,525795.63,3.5,700-739,70-80,36-43,NY,purchase,primary,condo,"JPMORGAN CHASE BANK, NATIONAL ASSOCIATION",Current,0.0,0,0,0,,2023-06-06 00:00:00,core_servicing,complete,0.0,0.0,0.0,0.0,Current,0,none
F20Q10480895,31,2021-08,2020-04,16,344,311000.0,302989.55,3.375,700-739,90-95,30-36,NV,rate_term_refi,primary,single_family,"AMERIHOME MORTGAGE COMPANY, LLC",Current,0.0,0,0,0,,2021-09-12 00:00:00,core_servicing,complete,0.0,0.0,0.0,0.0,Current,0,none
F20Q30570628,31,2021-08,2020-09,11,349,146000.0,143371.35,3.5,660-699,90-95,30-36,NY,purchase,primary,single_family,OTHER,Current,0.0,0,0,0,,2021-09-06 00:00:00,core_servicing,complete,0.0,0.0,0.0,0.0,Current,0,none
F23Q10180170,68,2024-09,2023-04,17,343,225000.0,221294.84,6.625,780+,80-90,36-43,NC,purchase,primary,single_family,FREEDOM MORTGAGE CORPORATION,Current,0.0,0,0,0,,2024-10-07 00:00:00,core_servicing,complete,0.0,0.0,0.0,0.0,Current,0,none
F20Q20484775,37,2022-02,2020-06,20,340,369000.0,356197.97,3.125,700-739,90-95,30-36,UT,purchase,primary,single_family,TRUIST BANK,Current,0.0,0,0,0,,2022-03-06 00:00:00,core_servicing,complete,0.0,0.0,0.0,0.0,Current,0,none
F19Q10172526,6,2019-07,2019-03,4,356,406000.0,404000.0,4.75,740-779,90-95,36-43,TX,purchase,primary,pud,OTHER,Current,0.0,0,0,0,,2019-08-07 00:00:00,investor_feed,complete,0.0,0.0,0.0,0.0,Current,0,none
F22Q20275081,75,2025-04,2022-07,33,327,170000.0,162788.47,4.999,700-739,<=60,>43,TX,purchase,primary,single_family,"LAKEVIEW LOAN SERVICING, LLC",Current,0.0,0,0,0,,2025-06-03 00:00:00,core_servicing,complete,0.0,0.0,,,Current,0,none
F21Q30665714,55,2023-08,2021-10,22,338,200000.0,191767.26,3.0,700-739,90-95,36-43,NY,purchase,primary,single_family,"FIFTH THIRD BANK, NATIONAL ASSOCIATION",Current,0.0,0,0,0,,2023-09-18 00:00:00,investor_feed,complete,0.0,0.0,0.0,0.0,Current,0,none
F19Q40091050,41,2022-06,2019-11,31,209,241000.0,217241.11,0.0,740-779,60-70,>43,TN,rate_term_refi,primary,single_family,"WELLS FARGO BANK, N.A.",Current,0.0,0,0,0,,2022-07-06 00:00:00,core_servicing,complete,0.0,0.0,0.0,0.0,Current,0,none
F19Q20232574,37,2022-02,2019-06,32,328,422000.0,401571.58,4.124,780+,90-95,>43,FL,purchase,primary,pud,"AMERIHOME MORTGAGE COMPANY, LLC",Current,0.0,0,0,0,,2022-03-12 00:00:00,manual_upload,complete,0.0,0.0,0.0,0.0,Current,0,none
F20Q20254922,42,2022-07,2020-06,25,335,226000.0,0.0,3.5,780+,<=60,<=20,WA,rate_term_refi,primary,single_family,OTHER,Current,0.0,0,1,0,,2022-08-08 00:00:00,core_servicing,complete,0.0,0.0,0.0,1.0,Prepaid,0,none
F20Q30806450,49,2023-02,2020-10,28,332,469000.0,446746.64,3.375,780+,70-80,<=20,CA,purchase,primary,single_family,OTHER,Current,0.0,0,0,0,,2023-03-08 00:00:00,core_servicing,complete,0.0,0.0,0.0,0.0,Current,0,none
F22Q10431648,43,2022-08,2022-03,5,355,311000.0,308000.0,3.375,700-739,<=60,30-36,CA,rate_term_refi,primary,single_family,OTHER,Current,0.0,0,0,0,,2022-09-12 00:00:00,core_servicing,complete,0.0,0.0,0.0,0.0,Current,0,none
F21Q40673927,39,2022-04,2022-01,3,357,155000.0,154000.0,3.25,740-779,60-70,36-43,CT,cash_out_refi,primary,single_family,HOME POINT FINANCIAL CORPORATION,Current,0.0,0,0,0,,2022-05-13 00:00:00,core_servicing,complete,0.0,0.0,0.0,0.0,Current,0,none
F20Q40565674,46,2022-11,2020-12,23,337,149000.0,142944.67,2.99,700-739,60-70,30-36,MO,rate_term_refi,primary,pud,NEW RESIDENTIAL MORTGAGE LLC,Current,0.0,0,0,0,,2022-12-25 00:00:00,investor_feed,complete,0.0,0.0,0.0,0.0,Current,0,none
F22Q40189625,67,2024-08,2023-01,19,341,257000.0,252184.73,6.625,740-779,90-95,>43,TX,purchase,primary,pud,FREEDOM MORTGAGE CORPORATION,Current,0.0,0,0,0,,2024-09-09 00:00:00,core_servicing,complete,0.0,0.0,0.0,0.0,Current,0,none
F19Q40240303,22,2020-11,2019-12,11,349,350000.0,344036.41,4.125,620-659,70-80,20-30,MA,rate_term_refi,primary,single_family,OTHER,Current,0.0,0,0,0,,2020-12-06 00:00:00,core_servicing,missing,0.0,1.0,0.0,0.0,Current,1,balance_reconciliation_break
F21Q20292907,47,2022-12,2021-05,19,281,97000.0,87598.4,3.125,,<=60,>43,KY,rate_term_refi,primary,single_family,OTHER,Current,0.0,0,0,0,,2023-01-18 00:00:00,core_servicing,complete,0.0,0.0,0.0,1.0,Current,0,none
F21Q12309893,41,2022-06,2021-04,14,346,160000.0,152655.85,3.625,740-779,70-80,20-30,WI,purchase,investment,single_family,OTHER,Current,0.0,0,0,0,,2022-07-06 00:00:00,investor_feed,complete,0.0,0.0,0.0,0.0,Current,0,none
F22Q40041256,76,2025-05,2022-11,30,330,60000.0,56463.43,7.625,620-659,<=60,>43,TX,cash_out_refi,primary,single_family,NATIONSTAR MORTGAGE LLC DBA MR. COOPER,Current,0.0,0,0,0,,2025-06-10 00:00:00,core_servicing,complete,0.0,0.0,,,Current,0,none
F20Q40137151,65,2024-06,2020-11,43,317,440000.0,381274.72,3.25,740-779,70-80,,CA,cash_out_refi,primary,single_family,OTHER,Current,0.0,0,0,0,,2024-07-11 00:00:00,core_servicing,complete,0.0,0.0,0.0,0.0,Current,0,none
F23Q30225779,68,2024-09,2023-10,11,349,194000.0,191981.42,6.875,740-779,90-95,30-36,IA,purchase,primary,single_family,"ROCKET MORTGAGE, LLC",Current,0.0,0,0,0,,2024-10-11 00:00:00,investor_feed,complete,0.0,0.0,0.0,0.0,Current,0,none
F20Q40105848,29,2021-06,2020-11,7,353,374000.0,369032.06,2.625,780+,<=60,20-30,TX,rate_term_refi,primary,single_family,OTHER,Current,0.0,0,0,0,,2021-07-27 00:00:00,core_servicing,complete,0.0,0.0,0.0,0.0,Current,0,none
F21Q20907529,67,2024-08,2021-07,37,323,157000.0,147551.7,3.625,780+,<=60,>43,CA,rate_term_refi,investment,2-4_unit,"UNITED WHOLESALE MORTGAGE, LLC",Current,0.0,0,0,0,,2024-09-09 00:00:00,core_servicing,pending,0.0,0.0,0.0,0.0,Current,0,none
F22Q40135174,48,2023-01,2023-01,0,360,389000.0,389000.0,5.75,700-739,70-80,>43,CO,purchase,primary,pud,OTHER,Current,0.0,0,0,0,,2023-02-08 00:00:00,investor_feed,exception,0.0,0.0,0.0,0.0,Current,1,missing_documentation
F21Q11874040,38,2022-03,2021-03,12,348,328000.0,320961.45,2.875,780+,70-80,36-43,MO,rate_term_refi,primary,pud,"LAKEVIEW LOAN SERVICING, LLC",Current,0.0,0,0,0,,2022-04-12 00:00:00,core_servicing,complete,0.0,0.0,0.0,0.0,Current,0,none
F21Q20741755,53,2023-06,2021-07,23,337,339000.0,322472.29,2.875,700-739,60-70,36-43,CO,cash_out_refi,primary,single_family,"UNITED WHOLESALE MORTGAGE, LLC",Current,0.0,0,0,0,,2023-07-06 00:00:00,investor_feed,complete,0.0,1.0,0.0,0.0,Current,0,none
F23Q20218984,60,2024-01,2023-07,6,354,560000.0,557000.0,7.5,700-739,70-80,30-36,WA,cash_out_refi,primary,single_family,NATIONSTAR MORTGAGE LLC DBA MR. COOPER,Current,0.0,0,0,0,,2024-02-13 00:00:00,investor_feed,complete,0.0,0.0,0.0,0.0,Current,1,balance_reconciliation_break
F22Q10347421,39,2022-04,2022-04,0,360,574000.0,574000.0,3.5,780+,80-90,>43,CO,rate_term_refi,primary,pud,"UNITED WHOLESALE MORTGAGE, LLC",Current,0.0,0,0,0,,2022-05-07 00:00:00,core_servicing,complete,0.0,0.0,0.0,1.0,Current,0,none
F22Q30094210,78,2025-07,2022-08,35,325,208000.0,200839.16,6.625,620-659,60-70,30-36,TN,cash_out_refi,primary,single_family,OTHER,Current,0.0,0,0,0,,2025-08-14 00:00:00,core_servicing,exception,1.0,1.0,1.0,,Current,1,missing_documentation
F22Q20124680,48,2023-01,2022-06,7,353,225000.0,222994.71,4.75,700-739,<=60,>43,ID,purchase,primary,pud,OTHER,Current,0.0,0,0,0,,2023-02-07 00:00:00,core_servicing,complete,0.0,0.0,0.0,0.0,Current,0,none
F19Q40001774,35,2021-12,2019-11,25,335,120000.0,115307.92,3.75,700-739,<=60,<=20,IN,rate_term_refi,primary,single_family,OTHER,Current,0.0,0,0,0,,2022-01-06 00:00:00,investor_feed,complete,0.0,0.0,0.0,0.0,Current,0,none
F20Q40488655,77,2025-06,2020-11,55,305,480000.0,426858.47,2.375,780+,<=60,36-43,CA,rate_term_refi,primary,single_family,NEW RESIDENTIAL MORTGAGE LLC,Current,0.0,0,0,0,,2025-07-07 00:00:00,core_servicing,complete,0.0,0.0,,,Current,0,none
F22Q30200844,85,2026-02,2022-09,41,319,466000.0,436249.34,4.4,740-779,90-95,30-36,NV,purchase,primary,pud,"JPMORGAN CHASE BANK, NATIONAL ASSOCIATION",Current,0.0,0,0,0,,2026-03-13 00:00:00,core_servicing,complete,,,,,Current,0,none
F22Q30144229,79,2025-08,2022-09,35,325,409000.0,387383.26,4.375,660-699,90-95,36-43,CO,purchase,,single_family,"BANK OF AMERICA, N.A.",Current,0.0,0,0,0,,2025-09-06 00:00:00,core_servicing,complete,0.0,0.0,,,Current,0,none
F21Q11805802,52,2023-05,2021-03,26,334,469000.0,447596.3,3.124,780+,70-80,36-43,UT,rate_term_refi,investment,,"PNC BANK, NA",Current,0.0,0,0,0,,2023-06-18 00:00:00,manual_upload,complete,0.0,0.0,0.0,0.0,Current,1,balance_reconciliation_break
F22Q30246064,62,2024-03,2022-10,17,343,233000.0,227881.97,4.999,740-779,>95,20-30,AL,purchase,primary,pud,MATRIX FINANCIAL SERVICES CORPORATION,Current,0.0,0,0,0,,2024-04-06 00:00:00,core_servicing,complete,0.0,0.0,0.0,0.0,Current,0,none
F23Q40052495,83,2025-12,2023-11,25,335,118000.0,115604.26,7.625,780+,<=60,>43,PA,rate_term_refi,primary,single_family,OTHER,Current,0.0,0,0,0,,2026-01-03 00:00:00,manual_upload,complete,0.0,,,,Current,0,none
F20Q10001086,76,2025-05,2020-02,63,297,170000.0,152201.98,3.75,780+,<=60,<=20,WI,cash_out_refi,primary,single_family,OTHER,Current,0.0,0,0,0,,2025-06-05 00:00:00,core_servicing,complete,0.0,0.0,,,Current,0,none
F22Q10294028,44,2022-09,2022-03,6,354,223000.0,221000.0,3.25,740-779,>95,30-36,MI,purchase,primary,single_family,"ROCKET MORTGAGE, LLC",Current,0.0,0,0,0,,2022-10-11 00:00:00,investor_feed,complete,0.0,0.0,0.0,0.0,Current,0,none
F21Q12074624,39,2022-04,2021-04,12,168,156000.0,145090.37,2.25,780+,60-70,<=20,TN,purchase,primary,,"PNC BANK, NA",Current,0.0,0,0,0,,2022-05-12 00:00:00,core_servicing,complete,0.0,0.0,0.0,0.0,Current,1,balance_reconciliation_break
F22Q40007485,49,2023-02,2022-11,3,357,200000.0,199000.0,6.625,780+,<=60,36-43,WA,purchase,investment,condo,"LAKEVIEW LOAN SERVICING, LLC",Current,0.0,0,0,0,,2023-03-06 00:00:00,core_servicing,complete,0.0,0.0,0.0,0.0,Current,0,none
F21Q20136708,37,2022-02,2021-05,9,171,215000.0,205798.03,2.125,660-699,80-90,20-30,MN,rate_term_refi,primary,single_family,"JPMORGAN CHASE BANK, NATIONAL ASSOCIATION",Current,0.0,0,0,0,,2022-03-07 00:00:00,core_servicing,complete,0.0,0.0,0.0,0.0,Current,0,none
F21Q30453194,54,2023-07,2021-09,22,338,308000.0,296300.34,3.125,700-739,70-80,20-30,PA,rate_term_refi,primary,single_family,OTHER,Current,0.0,0,0,0,,2023-08-11 00:00:00,core_servicing,complete,0.0,0.0,0.0,0.0,Current,0,none
F23Q20160709,71,2024-12,2023-07,17,343,64000.0,62726.69,6.5,620-659,70-80,36-43,PA,purchase,investment,2-4_unit,"PENNYMAC LOAN SERVICES, LLC",Current,0.0,0,0,0,,2025-01-08 00:00:00,core_servicing,complete,0.0,0.0,0.0,0.0,Current,0,none
F19Q10150077,6,2019-07,2019-03,4,356,122000.0,121000.0,4.625,740-779,90-95,36-43,IN,purchase,primary,2-4_unit,U.S. BANK N.A.,Current,0.0,0,0,0,,2019-08-05 00:00:00,core_servicing,complete,0.0,0.0,0.0,0.0,Current,0,none
F19Q30530634,25,2021-02,2019-10,16,164,398000.0,369674.01,3.125,780+,70-80,30-36,VA,purchase,primary,single_family,"JPMORGAN CHASE BANK, NATIONAL ASSOCIATION",Current,0.0,0,0,0,,2021-03-02 00:00:00,investor_feed,complete,0.0,0.0,0.0,0.0,Current,0,none
F20Q40234122,36,2022-01,2020-11,14,286,263000.0,253693.51,2.75,740-779,70-80,30-36,OH,rate_term_refi,primary,single_family,"WELLS FARGO BANK, N.A.",Current,0.0,0,0,0,,2022-02-08 00:00:00,investor_feed,complete,0.0,0.0,0.0,0.0,Current,0,none
F20Q20885744,84,2026-01,2020-06,67,293,148000.0,129079.81,3.125,740-779,<=60,36-43,TX,rate_term_refi,primary,single_family,PENNYMAC CORP.,Current,0.0,0,0,0,,2026-02-08 00:00:00,investor_feed,complete,,,,,Current,0,none
F22Q40219885,77,2025-06,2023-01,29,151,72000.0,65170.97,7.0,620-659,70-80,36-43,AL,cash_out_refi,primary,single_family,NEW RESIDENTIAL MORTGAGE LLC,Current,0.0,0,0,0,,2025-07-05 00:00:00,investor_feed,complete,0.0,0.0,,,Current,0,none
F19Q10122881,6,2019-07,2019-03,4,356,479000.0,476000.0,4.5,780+,80-90,<=20,NM,purchase,second_home,single_family,QUICKEN LOANS INC.,Current,0.0,0,0,0,,2019-08-10 00:00:00,core_servicing,complete,0.0,0.0,0.0,1.0,Current,0,none
F21Q20434775,35,2021-12,2021-06,6,354,438000.0,433000.0,2.875,780+,<=60,,NY,purchase,primary,single_family,"JPMORGAN CHASE BANK, NATIONAL ASSOCIATION",Current,0.0,0,0,0,,2022-01-05 00:00:00,core_servicing,complete,0.0,0.0,0.0,0.0,Current,0,none
F21Q30661398,80,2025-09,2021-09,48,312,437000.0,399719.99,3.375,660-699,90-95,,CT,purchase,primary,single_family,PENNYMAC CORP.,Current,0.0,0,0,0,,2025-10-07 00:00:00,core_servicing,complete,0.0,0.0,,,Current,0,none
F21Q30444411,34,2021-11,2021-09,2,358,160000.0,159000.0,2.75,660-699,<=60,36-43,OR,rate_term_refi,primary,pud,"CITIZENS BANK, NA",Current,0.0,0,0,0,,2021-12-11 00:00:00,core_servicing,complete,0.0,0.0,0.0,0.0,Current,0,none
F21Q40343558,59,2023-12,2021-12,24,336,510000.0,476575.4,2.75,740-779,80-90,,TX,purchase,primary,pud,NATIONSTAR MORTGAGE LLC DBA MR. COOPER,Current,0.0,0,0,0,,2024-05-05 00:00:00,core_servicing,complete,0.0,0.0,0.0,0.0,Current,1,stale_servicer_reporting
F19Q20298890,75,2025-04,2019-06,70,290,350000.0,308518.15,3.875,740-779,<=60,20-30,CA,purchase,primary,pud,"FIFTH THIRD BANK, NATIONAL ASSOCIATION",Current,0.0,0,0,0,,2025-05-06 00:00:00,core_servicing,complete,0.0,0.0,,,Current,0,none
F23Q10147580,69,2024-10,2023-04,18,342,105000.0,103210.45,6.5,740-779,<=60,36-43,OH,purchase,primary,pud,NEW RESIDENTIAL MORTGAGE LLC,Current,0.0,0,0,0,,2024-11-13 00:00:00,core_servicing,complete,0.0,0.0,0.0,0.0,Current,0,none
F20Q41108868,42,2022-07,2020-12,19,161,246000.0,224165.05,2.5,740-779,<=60,20-30,FL,rate_term_refi,primary,pud,"WELLS FARGO BANK, N.A.",Current,0.0,0,0,0,,2022-08-06 00:00:00,investor_feed,pending,0.0,0.0,0.0,0.0,Current,0,none
F19Q10201421,10,2019-11,2019-04,7,353,255000.0,252458.83,4.125,740-779,<=60,>43,WA,rate_term_refi,primary,pud,QUICKEN LOANS INC.,Current,0.0,0,0,0,,2019-12-08 00:00:00,core_servicing,complete,0.0,0.0,0.0,1.0,Current,0,none
F23Q40001325,82,2025-11,2023-12,23,157,65000.0,60160.46,7.5,740-779,<=60,36-43,GA,cash_out_refi,primary,single_family,U.S. BANK N.A.,Current,0.0,0,0,0,,2025-12-14 00:00:00,core_servicing,complete,0.0,,,,Current,0,none
F21Q20100299,32,2021-09,2021-05,4,356,218000.0,217000.0,3.375,700-739,90-95,30-36,PA,rate_term_refi,primary,single_family,NEWREZ LLC,Current,0.0,0,0,0,,2021-10-03 00:00:00,core_servicing,complete,0.0,0.0,0.0,0.0,Current,0,none
F19Q10156368,47,2022-12,2019-03,45,315,159000.0,150139.63,5.25,700-739,70-80,36-43,MD,purchase,primary,single_family,NEW RESIDENTIAL MORTGAGE LLC,Current,0.0,0,0,0,,2023-01-08 00:00:00,core_servicing,complete,0.0,0.0,0.0,0.0,Current,0,none
F20Q10284678,46,2022-11,2020-03,32,328,190000.0,182070.09,4.625,740-779,70-80,20-30,FL,purchase,investment,single_family,PHH MORTGAGE CORPORATION,Current,0.0,0,0,0,,2022-12-08 00:00:00,investor_feed,complete,0.0,0.0,0.0,0.0,Current,0,none
F23Q40019590,80,2025-09,2023-11,22,158,350000.0,322351.0,6.125,740-779,60-70,36-43,MD,purchase,primary,pud,NEW RESIDENTIAL MORTGAGE LLC,Current,0.0,0,0,0,,2025-10-04 00:00:00,core_servicing,complete,0.0,0.0,0.0,1.0,Current,0,none
F20Q10023139,59,2023-12,2020-02,46,314,390000.0,353984.7,3.875,700-739,60-70,30-36,MO,cash_out_refi,second_home,single_family,"LOANDEPOT.COM, LLC",Current,0.0,0,0,0,,2024-01-05 00:00:00,core_servicing,complete,0.0,0.0,0.0,0.0,Current,1,balance_reconciliation_break
F20Q20540130,68,2024-09,2020-07,50,310,120000.0,110609.8,4.0,660-699,70-80,30-36,OK,purchase,,single_family,NATIONSTAR MORTGAGE LLC DBA MR. COOPER,Current,0.0,0,0,0,,2024-10-08 00:00:00,investor_feed,complete,0.0,0.0,0.0,0.0,Current,0,none
F20Q10224813,68,2024-09,2020-04,53,307,35000.0,31924.42,3.99,740-779,60-70,20-30,OH,cash_out_refi,primary,single_family,NATIONSTAR MORTGAGE LLC DBA MR. COOPER,Current,0.0,0,0,0,,2024-10-09 00:00:00,core_servicing,complete,0.0,0.0,0.0,0.0,Current,0,none
F19Q40163337,23,2020-12,2019-12,12,348,284000.0,278848.53,3.875,660-699,,30-36,CA,rate_term_refi,primary,single_family,"QUICKEN LOANS, LLC",Current,0.0,0,0,0,,2021-01-03 00:00:00,manual_upload,missing,0.0,0.0,0.0,1.0,Current,0,none
F20Q40817325,33,2021-10,2021-01,9,351,444000.0,436927.16,2.875,780+,70-80,20-30,CA,rate_term_refi,primary,single_family,OTHER,Current,0.0,0,0,0,,2021-11-08 00:00:00,core_servicing,pending,0.0,0.0,0.0,0.0,Current,0,none
F21Q40540302,39,2022-04,2021-12,4,356,333000.0,331000.0,3.375,660-699,70-80,36-43,CO,purchase,primary,single_family,NATIONSTAR MORTGAGE LLC DBA MR. COOPER,Current,0.0,0,0,0,,2022-05-06 00:00:00,core_servicing,complete,0.0,0.0,0.0,0.0,Current,0,none
F22Q40088846,55,2023-08,2022-12,8,352,299000.0,295396.28,6.625,740-779,90-95,,OK,purchase,primary,single_family,"ROCKET MORTGAGE, LLC",Current,0.0,0,0,0,,2023-09-04 00:00:00,core_servicing,complete,0.0,0.0,0.0,0.0,Current,0,none
F22Q20427412,83,2025-12,2022-06,42,318,450000.0,423646.47,4.625,780+,<=60,>43,NY,cash_out_refi,second_home,single_family,"ROCKET MORTGAGE, LLC",Current,,0,0,0,,2026-02-04 00:00:00,investor_feed,complete,0.0,,,,Current,0,none
F19Q30129416,59,2023-12,2019-09,51,309,400000.0,147692.28,3.75,700-739,70-80,36-43,KS,rate_term_refi,second_home,single_family,OTHER,Current,0.0,0,0,0,,2024-01-19 00:00:00,core_servicing,complete,0.0,0.0,0.0,0.0,Current,0,none
F20Q30072093,60,2024-01,2020-08,41,319,208000.0,193765.05,3.5,780+,<=60,20-30,CA,cash_out_refi,primary,single_family,"JPMORGAN CHASE BANK, NATIONAL ASSOCIATION",Current,0.0,0,0,0,,2024-02-08 00:00:00,core_servicing,exception,0.0,0.0,0.0,0.0,Current,1,missing_documentation
F19Q30232210,53,2023-06,2019-09,45,315,280000.0,260240.76,3.99,700-739,70-80,36-43,GA,cash_out_refi,primary,single_family,OTHER,Current,0.0,0,0,0,,2023-07-06 00:00:00,core_servicing,complete,0.0,0.0,0.0,0.0,Current,0,none
F22Q30033346,46,2022-11,2022-08,3,357,221000.0,-220000.0,5.5,740-779,,20-30,FL,cash_out_refi,primary,single_family,"ROCKET MORTGAGE, LLC",Current,0.0,0,0,0,,2022-12-07 00:00:00,investor_feed,complete,0.0,0.0,0.0,0.0,Current,0,none
F21Q30361004,38,2022-03,2021-09,6,234,182000.0,178000.0,3.125,740-779,<=60,36-43,NY,rate_term_refi,primary,single_family,OTHER,Current,0.0,0,0,0,,2022-04-03 00:00:00,core_servicing,complete,0.0,0.0,0.0,0.0,Current,0,none
F22Q10398734,43,2022-08,2022-03,5,355,160000.0,159000.0,4.375,,<=60,,TX,cash_out_refi,investment,2-4_unit,PENNYMAC CORP.,Current,0.0,0,0,0,,2022-09-20 00:00:00,core_servicing,complete,0.0,0.0,0.0,0.0,Current,0,none
F20Q20491272,51,2023-04,2020-06,34,146,172000.0,145584.07,3.25,780+,60-70,30-36,WI,rate_term_refi,primary,,OTHER,Current,0.0,0,0,0,,2023-07-17 00:00:00,core_servicing,complete,0.0,0.0,0.0,0.0,Current,0,none
F20Q31077135,35,2021-12,2020-08,16,344,388000.0,376919.09,2.875,780+,<=60,20-30,MA,rate_term_refi,primary,single_family,OTHER,Current,0.0,0,0,0,,2022-01-10 00:00:00,core_servicing,complete,0.0,0.0,0.0,0.0,Current,0,none
F21Q20935697,75,2025-04,2021-07,45,135,338000.0,262743.51,1.999,780+,60-70,36-43,CA,rate_term_refi,,,"UNITED WHOLESALE MORTGAGE, LLC",Current,0.0,0,0,0,,2025-05-07 00:00:00,investor_feed,complete,0.0,0.0,,,Current,0,none
