loan_id,reporting_month,servicer_name,current_status,prob_delinquency_3m,prob_delinquency_6m,prob_default_12m,prob_prepayment_12m,exception_probability,predicted_next_state,next_state_confidence,anomaly_score,top_anomaly_driver,predicted_exception_type,exception_type_confidence,top_drivers_default_model,confidence,prediction_spread,recommended_action,action_reason,action_is_recommendation_not_decision
LN101465,2026-05,Belmont Loan Services,DQ90plus,0.988001,0.990881,0.999999,0.003945,0.004392,DQ90plus,0.663225,0.305645,three-month balance movement,none,0.300171,current performance status (+2.12) | months delinquent in last 12 months (+1.67) | credit score band (+1.28),high,0.000942,escalate_loss_mitigation,Twelve-month default probability is materially elevated; refer to loss mitigation.,True
LN101488,2024-09,Pioneer Mortgage Ops,DQ90plus,0.990713,0.992721,0.999999,0.003945,0.00475,DQ90plus,0.675678,0.802453,scheduled payment relative to balance,none,0.446802,current performance status (+2.08) | credit score band (+1.28) | months delinquent in last 12 months (+1.17),high,0.000955,escalate_loss_mitigation,Twelve-month default probability is materially elevated; refer to loss mitigation.,True
LN101469,2023-01,Northgate Servicing,DQ90plus,0.984265,0.987627,0.999999,0.010363,0.065578,DQ90plus,0.695854,0.281878,three-month balance movement,none,0.376568,current performance status (+2.18) | months delinquent in last 12 months (+1.15) | state (+1.04),high,0.00045,escalate_loss_mitigation,Twelve-month default probability is materially elevated; refer to loss mitigation.,True
LN100012,2020-09,Kestrel Financial,DQ90plus,0.987001,0.992001,0.999999,0.03006,0.545188,Default,0.491591,0.341074,servicer reporting lag,stale_servicer_reporting,0.892108,current performance status (+1.83) | credit score band (+1.63) | months delinquent in last 12 months (+1.13),high,0.000194,raise_exception_for_review,Operational exception is more likely than not; route to the data-quality queue.,True
LN101204,2026-04,Northgate Servicing,DQ90plus,0.98907,0.987676,0.999999,0.03006,0.004527,DQ90plus,0.59412,0.505394,scheduled payment relative to balance,none,0.323035,current performance status (+2.09) | months delinquent in last 12 months (+1.74) | days past due (+1.09),high,0.000131,escalate_loss_mitigation,Twelve-month default probability is materially elevated; refer to loss mitigation.,True
LN100552,2024-11,Belmont Loan Services,DQ90plus,0.989601,0.99305,0.999999,0.023684,0.004337,Default,0.566529,0.332242,three-month balance movement,none,0.914798,current performance status (+2.27) | months delinquent in last 12 months (+1.60) | days past due (+1.28),high,0.000247,escalate_loss_mitigation,Twelve-month default probability is materially elevated; refer to loss mitigation.,True
LN100558,2023-08,Northgate Servicing,DQ90plus,0.981377,0.982833,0.999999,0.03006,0.821536,Default,0.559323,1.0,days past due against reported status,missing_documentation,0.975464,current performance status (+2.01) | months delinquent in last 12 months (+1.13) | credit score band (+0.89),high,0.000603,raise_exception_for_review,Operational exception is more likely than not; route to the data-quality queue.,True
LN100537,2020-07,Belmont Loan Services,DQ90plus,0.986589,0.990627,0.999999,0.023684,0.004298,Default,0.584986,0.252828,three-month balance movement,none,0.38855,current performance status (+1.96) | months delinquent in last 12 months (+1.36) | credit score band (+1.31),high,8.2e-05,escalate_loss_mitigation,Twelve-month default probability is materially elevated; refer to loss mitigation.,True
LN100539,2026-05,Northgate Servicing,DQ90plus,0.986396,0.988232,0.999999,0.03006,0.004518,DQ90plus,0.492502,0.256016,three-month balance movement,none,0.343627,current performance status (+2.20) | months delinquent in last 12 months (+1.94) | days past due (+1.08),high,0.000116,escalate_loss_mitigation,Twelve-month default probability is materially elevated; refer to loss mitigation.,True
LN100540,2019-08,Pioneer Mortgage Ops,DQ90plus,0.986444,0.992977,0.999999,0.003945,0.004875,Default,0.558326,0.171026,month-over-month balance movement,none,0.408972,current performance status (+2.00) | credit score band (+1.41) | months delinquent in last 12 months (+1.33),high,0.000132,escalate_loss_mitigation,Twelve-month default probability is materially elevated; refer to loss mitigation.,True
LN100543,2024-07,Belmont Loan Services,DQ90plus,0.98774,0.98631,0.999999,0.03006,0.757583,DQ90plus,0.606541,0.821149,three-month balance movement,missing_documentation,0.997567,current performance status (+2.48) | months delinquent in last 12 months (+1.41) | days past due (+1.04),high,0.003098,raise_exception_for_review,Operational exception is more likely than not; route to the data-quality queue.,True
LN100545,2022-10,Arcadia Capital Servicing,DQ90plus,0.98592,0.994838,0.999999,0.003945,0.004216,DQ90plus,0.689791,0.268586,month-over-month change in days past due,none,0.378811,current performance status (+2.10) | months delinquent in last 12 months (+1.17) | days past due (+1.15),high,0.000209,escalate_loss_mitigation,Twelve-month default probability is materially elevated; refer to loss mitigation.,True
LN101450,2026-06,Northgate Servicing,DQ60,0.982668,0.981901,0.999999,0.03006,0.578477,DQ90plus,0.544315,0.418932,servicer reporting lag,stale_servicer_reporting,0.998252,current performance status (+1.99) | months delinquent in last 12 months (+1.28) | days past due (+1.12),high,0.002805,raise_exception_for_review,Operational exception is more likely than not; route to the data-quality queue.,True
LN101456,2025-04,Kestrel Financial,DQ90plus,0.988426,0.986402,0.999999,0.03006,0.746805,Default,0.656675,0.654695,month-over-month balance movement,missing_documentation,0.996161,current performance status (+2.07) | months delinquent in last 12 months (+1.15) | credit score band (+1.12),high,0.003317,raise_exception_for_review,Operational exception is more likely than not; route to the data-quality queue.,True
LN101458,2022-11,Northgate Servicing,DQ90plus,0.988893,0.99224,0.999999,1e-06,0.856697,DQ90plus,0.664634,0.540261,servicer reporting lag,invalid_date_relationship,0.997838,current performance status (+2.56) | months delinquent in last 12 months (+2.02) | days past due (+1.25),high,0.000194,raise_exception_for_review,Operational exception is more likely than not; route to the data-quality queue.,True
LN101462,2025-02,Arcadia Capital Servicing,DQ90plus,0.989653,0.993666,0.999999,0.010363,0.004337,Default,0.630856,0.249738,three-month balance movement,none,0.732709,current performance status (+2.25) | credit score band (+1.30) | months delinquent in last 12 months (+1.19),high,0.000603,escalate_loss_mitigation,Twelve-month default probability is materially elevated; refer to loss mitigation.,True
LN101463,2023-11,Belmont Loan Services,DQ90plus,0.985579,0.989498,0.999999,0.03006,0.00388,DQ90plus,0.597242,0.265634,month-over-month balance movement,none,0.498063,current performance status (+2.54) | months delinquent in last 12 months (+1.28) | days past due (+1.24),high,0.000276,escalate_loss_mitigation,Twelve-month default probability is materially elevated; refer to loss mitigation.,True
LN100548,2024-01,Arcadia Capital Servicing,DQ90plus,0.986275,0.99656,0.999999,0.003945,0.003957,DQ90plus,0.615771,0.258705,month-over-month balance movement,none,0.411974,current performance status (+1.90) | credit score band (+1.59) | months delinquent in last 12 months (+1.04),high,0.000578,escalate_loss_mitigation,Twelve-month default probability is materially elevated; refer to loss mitigation.,True
LN100551,2025-06,Northgate Servicing,DQ90plus,0.987845,0.993878,0.999999,0.023684,0.004204,DQ90plus,0.842312,0.261926,three-month balance movement,none,0.322134,current performance status (+2.33) | months delinquent in last 12 months (+1.84) | days past due (+1.30),high,0.000339,escalate_loss_mitigation,Twelve-month default probability is materially elevated; refer to loss mitigation.,True
LN100521,2025-09,Pioneer Mortgage Ops,DQ90plus,0.988023,0.990502,0.999999,0.03006,0.004328,Default,0.573967,0.249577,month-over-month balance movement,none,0.460487,current performance status (+2.43) | months delinquent in last 12 months (+1.53) | days past due (+1.34),high,0.000677,escalate_loss_mitigation,Twelve-month default probability is materially elevated; refer to loss mitigation.,True
LN100523,2026-06,Northgate Servicing,DQ90plus,0.987975,0.990526,0.999999,0.03006,0.748172,DQ90plus,0.914776,0.574247,three-month balance movement,missing_documentation,0.993201,current performance status (+2.69) | months delinquent in last 12 months (+2.03) | days past due (+1.30),high,0.001458,raise_exception_for_review,Operational exception is more likely than not; route to the data-quality queue.,True
LN100525,2024-11,Kestrel Financial,DQ90plus,0.989586,0.991292,0.999999,0.023684,0.004073,Default,0.605364,0.262658,month-over-month balance movement,none,0.456724,current performance status (+2.40) | months delinquent in last 12 months (+1.33) | days past due (+1.19),high,0.000469,escalate_loss_mitigation,Twelve-month default probability is materially elevated; refer to loss mitigation.,True
LN100526,2026-06,Belmont Loan Services,DQ60,0.983492,0.977665,0.999999,0.03352,0.004194,DQ90plus,0.662373,0.222491,month-over-month balance movement,none,0.3644,current performance status (+1.98) | months delinquent in last 12 months (+1.34) | days past due (+1.16),high,0.0006,escalate_loss_mitigation,Twelve-month default probability is materially elevated; refer to loss mitigation.,True
LN100531,2020-03,Belmont Loan Services,DQ90plus,0.990045,0.994077,0.999999,0.003945,0.004079,DQ90plus,0.711813,0.262257,three-month balance movement,none,0.3614,current performance status (+2.53) | months delinquent in last 12 months (+1.86) | days past due (+1.19),high,0.000347,escalate_loss_mitigation,Twelve-month default probability is materially elevated; refer to loss mitigation.,True
LN101209,2023-09,Northgate Servicing,DQ90plus,0.987758,0.992367,0.999999,0.003945,0.004216,DQ90plus,0.766746,0.417882,balance against expected amortisation for term elapsed,none,0.827812,current performance status (+2.60) | months delinquent in last 12 months (+2.00) | days past due (+1.20),high,0.000443,escalate_loss_mitigation,Twelve-month default probability is materially elevated; refer to loss mitigation.,True
LN100960,2020-12,Kestrel Financial,DQ90plus,0.988976,0.992455,0.999999,0.03006,0.004713,DQ90plus,0.818094,0.248148,three-month balance movement,none,0.252425,current performance status (+2.69) | months delinquent in last 12 months (+1.60) | days past due (+1.16),high,0.000698,escalate_loss_mitigation,Twelve-month default probability is materially elevated; refer to loss mitigation.,True
LN100059,2026-06,Belmont Loan Services,DQ90plus,0.99067,0.991045,0.999999,0.03006,0.616634,DQ90plus,0.87533,0.860296,servicer reporting lag,stale_servicer_reporting,0.82546,current performance status (+2.61) | months delinquent in last 12 months (+1.94) | days past due (+1.21),high,0.000853,raise_exception_for_review,Operational exception is more likely than not; route to the data-quality queue.,True
LN100061,2024-12,Kestrel Financial,DQ90plus,0.990547,0.9946,0.999999,0.003945,0.004246,DQ90plus,0.634792,0.284191,three-month balance movement,none,0.401412,current performance status (+2.21) | months delinquent in last 12 months (+1.47) | days past due (+0.95),high,0.000973,escalate_loss_mitigation,Twelve-month default probability is materially elevated; refer to loss mitigation.,True
LN100998,2024-07,Arcadia Capital Servicing,DQ90plus,0.987884,0.994162,0.999999,0.003945,0.009479,DQ90plus,0.635516,0.362292,three-month balance movement,none,0.948264,current performance status (+2.29) | days past due (+1.13) | months delinquent in last 12 months (+1.10),high,0.000926,escalate_loss_mitigation,Twelve-month default probability is materially elevated; refer to loss mitigation.,True
LN101000,2026-06,Arcadia Capital Servicing,DQ30,0.852755,0.665166,0.999999,0.03006,0.004598,DQ60,0.486171,0.371588,scheduled payment relative to balance,none,0.428705,credit score band (+1.79) | current performance status (+1.39) | months delinquent in last 12 months (+0.83),high,0.001375,escalate_loss_mitigation,Twelve-month default probability is materially elevated; refer to loss mitigation.,True
LN101002,2026-03,Arcadia Capital Servicing,DQ90plus,0.986843,0.983587,0.999999,0.03006,0.004451,DQ90plus,0.832271,0.664148,scheduled payment relative to balance,none,0.35191,current performance status (+2.48) | months delinquent in last 12 months (+1.78) | days past due (+1.23),high,0.000813,escalate_loss_mitigation,Twelve-month default probability is materially elevated; refer to loss mitigation.,True
LN100581,2024-10,Belmont Loan Services,DQ90plus,0.986162,0.985858,0.999999,0.03006,0.005934,DQ90plus,0.581692,0.355753,month-over-month balance movement,none,0.379951,current performance status (+2.18) | days past due (+1.01) | credit score band (+0.97),high,0.000894,escalate_loss_mitigation,Twelve-month default probability is materially elevated; refer to loss mitigation.,True
LN101218,2024-10,Northgate Servicing,DQ90plus,0.987592,0.992124,0.999999,0.03006,0.003961,DQ90plus,0.662017,0.25391,three-month balance movement,none,0.433127,current performance status (+2.33) | months delinquent in last 12 months (+1.98) | days past due (+1.29),high,0.000386,escalate_loss_mitigation,Twelve-month default probability is materially elevated; refer to loss mitigation.,True
LN100505,2020-03,Pioneer Mortgage Ops,DQ90plus,0.989769,0.994625,0.999999,0.03006,0.004185,DQ90plus,0.480621,0.187368,month-over-month balance movement,none,0.39743,current performance status (+2.06) | months delinquent in last 12 months (+1.28) | days past due (+1.17),high,0.000478,escalate_loss_mitigation,Twelve-month default probability is materially elevated; refer to loss mitigation.,True
LN100510,2025-10,Pioneer Mortgage Ops,DQ90plus,0.990488,0.986894,0.999999,0.03006,0.585309,DQ90plus,0.764948,0.488681,servicer reporting lag,stale_servicer_reporting,0.99137,current performance status (+2.76) | months delinquent in last 12 months (+1.80) | days past due (+1.35),high,0.000503,raise_exception_for_review,Operational exception is more likely than not; route to the data-quality queue.,True
LN100600,2025-05,Kestrel Financial,DQ90plus,0.990753,0.99479,0.999999,0.03006,0.005373,DQ90plus,0.786389,0.860049,count of missing credit fields,none,0.267984,current performance status (+2.21) | months delinquent in last 12 months (+1.29) | days past due (+1.09),high,0.000787,escalate_loss_mitigation,Twelve-month default probability is materially elevated; refer to loss mitigation.,True
LN100603,2022-07,Northgate Servicing,DQ90plus,0.988055,0.991696,0.999999,0.003945,0.731579,DQ90plus,0.483166,0.929406,month-over-month balance movement,missing_documentation,0.988466,current performance status (+2.15) | credit score band (+1.35) | months delinquent in last 12 months (+1.22),high,0.000421,raise_exception_for_review,Operational exception is more likely than not; route to the data-quality queue.,True
LN100611,2026-01,Arcadia Capital Servicing,DQ90plus,0.981594,0.98339,0.999999,0.010363,0.004931,DQ90plus,0.693743,0.346128,three-month balance movement,none,0.513794,current performance status (+2.17) | months delinquent in last 12 months (+1.31) | credit score band (+1.15),high,0.005105,escalate_loss_mitigation,Twelve-month default probability is materially elevated; refer to loss mitigation.,True
LN100948,2026-04,Northgate Servicing,DQ90plus,0.98776,0.990949,0.999999,0.03006,0.726951,DQ90plus,0.713433,0.449646,three-month balance movement,missing_documentation,0.995333,current performance status (+2.30) | months delinquent in last 12 months (+1.47) | credit score band (+1.18),high,0.0017,raise_exception_for_review,Operational exception is more likely than not; route to the data-quality queue.,True
LN100078,2020-07,Northgate Servicing,DQ90plus,0.986748,0.992178,0.999999,0.03006,0.005425,Default,0.544014,0.346,month-over-month balance movement,none,0.27627,current performance status (+1.93) | credit score band (+1.51) | months delinquent in last 12 months (+1.06),high,0.000234,escalate_loss_mitigation,Twelve-month default probability is materially elevated; refer to loss mitigation.,True
LN100970,2025-06,Belmont Loan Services,DQ90plus,0.982115,0.983913,0.999999,0.023684,0.004443,DQ90plus,0.560119,0.259955,month-over-month balance movement,none,0.592958,current performance status (+2.02) | days past due (+1.19) | credit score band (+1.18),high,0.000505,escalate_loss_mitigation,Twelve-month default probability is materially elevated; refer to loss mitigation.,True
LN100973,2024-11,Arcadia Capital Servicing,DQ90plus,0.984418,0.987227,0.999999,0.03006,0.004441,Default,0.574062,0.319196,month-over-month balance movement,none,0.306877,current performance status (+2.09) | months delinquent in last 12 months (+1.28) | credit score band (+1.17),high,0.00027,escalate_loss_mitigation,Twelve-month default probability is materially elevated; refer to loss mitigation.,True
LN100975,2025-12,Belmont Loan Services,DQ90plus,0.9845,0.986356,0.999999,0.145631,0.006813,Default,0.492183,0.664261,month-over-month balance movement,none,0.818941,current performance status (+2.51) | months delinquent in last 12 months (+1.44) | days past due (+1.17),high,0.000423,escalate_loss_mitigation,Twelve-month default probability is materially elevated; refer to loss mitigation.,True
LN100978,2021-06,Arcadia Capital Servicing,DQ90plus,0.989661,0.99214,0.999999,0.023684,0.721795,Default,0.464126,0.376474,month-over-month balance movement,missing_documentation,0.993789,current performance status (+2.21) | months delinquent in last 12 months (+1.92) | credit score band (+1.34),high,0.000163,raise_exception_for_review,Operational exception is more likely than not; route to the data-quality queue.,True
LN100586,2019-06,Belmont Loan Services,DQ90plus,0.990471,0.993106,0.999999,0.003945,0.735802,DQ90plus,0.49325,0.499455,month-over-month balance movement,missing_documentation,0.996579,current performance status (+2.07) | credit score band (+1.46) | months delinquent in last 12 months (+1.28),high,6.6e-05,raise_exception_for_review,Operational exception is more likely than not; route to the data-quality queue.,True
LN100516,2021-10,Northgate Servicing,DQ90plus,0.991003,0.992715,0.999999,0.003945,0.843571,DQ90plus,0.62464,0.382717,three-month balance movement,balance_reconciliation_break,0.995794,current performance status (+2.18) | months delinquent in last 12 months (+1.82) | days past due (+1.19),high,0.000251,raise_exception_for_review,Operational exception is more likely than not; route to the data-quality queue.,True
LN100490,2025-12,Northgate Servicing,DQ90plus,0.983554,0.980207,0.999999,0.03006,0.761021,DQ90plus,0.677067,0.4955,three-month balance movement,missing_documentation,0.997764,current performance status (+2.85) | months delinquent in last 12 months (+1.61) | days past due (+1.48),high,0.000845,raise_exception_for_review,Operational exception is more likely than not; route to the data-quality queue.,True
LN100492,2025-10,Kestrel Financial,DQ90plus,0.985275,0.987621,0.999999,0.03006,0.006042,DQ90plus,0.482869,0.59259,month-over-month balance movement,none,0.787953,current performance status (+2.38) | months delinquent in last 12 months (+1.40) | days past due (+1.23),high,0.000511,escalate_loss_mitigation,Twelve-month default probability is materially elevated; refer to loss mitigation.,True
LN100497,2020-07,Northgate Servicing,DQ90plus,0.988186,0.994422,0.999999,0.010363,0.74582,Default,0.636483,0.570996,month-over-month balance movement,missing_documentation,0.992747,current performance status (+2.03) | months delinquent in last 12 months (+1.24) | state (+1.03),high,0.000296,raise_exception_for_review,Operational exception is more likely than not; route to the data-quality queue.,True
LN100622,2022-01,Arcadia Capital Servicing,DQ90plus,0.988721,0.993727,0.999999,0.023684,0.004216,Default,0.521257,0.25332,month-over-month balance movement,none,0.369296,current performance status (+1.98) | credit score band (+1.22) | months delinquent in last 12 months (+0.96),high,0.001093,escalate_loss_mitigation,Twelve-month default probability is materially elevated; refer to loss mitigation.,True
LN101179,2026-06,Arcadia Capital Servicing,DQ30,0.910786,0.931783,0.999999,0.222222,0.004902,DQ30,0.746764,0.285416,month-over-month change in days past due,none,0.415885,current performance status (+1.81) | months delinquent in last 6 months (+0.71) | current status (+0.56),high,0.005616,escalate_loss_mitigation,Twelve-month default probability is materially elevated; refer to loss mitigation.,True
LN101184,2024-08,Belmont Loan Services,DQ90plus,0.989316,0.994196,0.999999,0.03006,0.004506,Default,0.641484,0.279993,month-over-month balance movement,none,0.325204,current performance status (+2.17) | months delinquent in last 12 months (+1.09) | credit score band (+1.04),high,0.004652,escalate_loss_mitigation,Twelve-month default probability is materially elevated; refer to loss mitigation.,True
LN101226,2024-05,Northgate Servicing,DQ90plus,0.988039,0.993419,0.999999,0.003945,0.004232,DQ90plus,0.582048,0.449557,balance against expected amortisation for term elapsed,none,0.391154,current performance status (+2.62) | months delinquent in last 12 months (+1.90) | days past due (+1.14),high,0.00119,escalate_loss_mitigation,Twelve-month default probability is materially elevated; refer to loss mitigation.,True
LN101228,2019-05,Belmont Loan Services,DQ90plus,0.9892,0.987616,0.999999,0.003945,0.006545,DQ90plus,0.54243,0.672022,servicer reporting lag,none,0.47656,current performance status (+2.05) | credit score band (+1.33) | days past due (+1.13),high,0.000177,escalate_loss_mitigation,Twelve-month default probability is materially elevated; refer to loss mitigation.,True
LN101230,2021-05,Kestrel Financial,DQ90plus,0.989782,0.990299,0.999999,0.010363,0.005232,DQ90plus,0.583527,0.308692,three-month balance movement,none,0.367985,current performance status (+2.18) | months delinquent in last 12 months (+1.33) | days past due (+1.09),high,0.000486,escalate_loss_mitigation,Twelve-month default probability is materially elevated; refer to loss mitigation.,True
LN101235,2024-09,Pioneer Mortgage Ops,DQ90plus,0.989739,0.99257,0.999999,0.003945,0.051367,DQ90plus,0.510971,0.353664,three-month balance movement,none,0.8307,current performance status (+2.40) | months delinquent in last 12 months (+1.87) | days past due (+1.20),high,0.001703,escalate_loss_mitigation,Twelve-month default probability is materially elevated; refer to loss mitigation.,True
LN101160,2021-09,Northgate Servicing,DQ90plus,0.991358,0.99411,0.999999,0.003945,0.004207,Default,0.521742,0.237781,month-over-month balance movement,none,0.329918,current performance status (+1.92) | credit score band (+1.40) | days past due (+1.06),high,0.000408,escalate_loss_mitigation,Twelve-month default probability is materially elevated; refer to loss mitigation.,True
LN101161,2020-11,Kestrel Financial,DQ90plus,0.987815,0.992399,0.999999,0.003945,0.012634,DQ90plus,0.610761,0.621636,servicer reporting lag,none,0.479537,current performance status (+2.31) | months delinquent in last 12 months (+1.87) | days past due (+1.02),high,9.7e-05,escalate_loss_mitigation,Twelve-month default probability is materially elevated; refer to loss mitigation.,True
LN100932,2024-03,Pioneer Mortgage Ops,DQ90plus,0.987142,0.992237,0.999999,0.003945,0.00442,DQ90plus,0.653156,0.32874,three-month balance movement,none,0.377252,current performance status (+1.98) | months delinquent in last 12 months (+1.24) | credit score band (+1.15),high,0.001079,escalate_loss_mitigation,Twelve-month default probability is materially elevated; refer to loss mitigation.,True
LN101017,2025-06,Arcadia Capital Servicing,DQ90plus,0.987251,0.990299,0.999999,0.003945,0.004419,DQ90plus,0.858734,0.462547,three-month balance movement,none,0.466418,current performance status (+2.61) | months delinquent in last 12 months (+2.00) | days past due (+1.27),high,0.00165,escalate_loss_mitigation,Twelve-month default probability is materially elevated; refer to loss mitigation.,True
LN101437,2025-08,Arcadia Capital Servicing,DQ90plus,0.988139,0.992144,0.999999,0.03352,0.02604,DQ90plus,0.569854,0.664592,three-month balance movement,none,0.485472,current performance status (+2.61) | months delinquent in last 12 months (+1.76) | days past due (+1.22),high,0.00026,escalate_loss_mitigation,Twelve-month default probability is materially elevated; refer to loss mitigation.,True
LN100090,2020-02,Belmont Loan Services,DQ90plus,0.98932,0.992765,0.999999,0.003945,0.761021,Default,0.630582,0.426987,three-month balance movement,missing_documentation,0.997427,current performance status (+2.10) | months delinquent in last 12 months (+1.23) | state (+1.14),high,0.000148,raise_exception_for_review,Operational exception is more likely than not; route to the data-quality queue.,True
LN100962,2025-10,Kestrel Financial,DQ90plus,0.988129,0.991077,0.999999,0.060606,0.745519,DQ90plus,0.579612,0.600711,month-over-month balance movement,missing_documentation,0.991693,current performance status (+2.13) | months delinquent in last 12 months (+1.87) | days past due (+1.17),high,0.000208,raise_exception_for_review,Operational exception is more likely than not; route to the data-quality queue.,True
LN100966,2019-08,Belmont Loan Services,DQ90plus,0.991944,0.99537,0.999999,0.003945,0.004583,DQ90plus,0.582987,0.209536,month-over-month balance movement,none,0.573616,current performance status (+1.92) | credit score band (+1.53) | months delinquent in last 12 months (+1.29),high,0.000174,escalate_loss_mitigation,Twelve-month default probability is materially elevated; refer to loss mitigation.,True
LN100937,2019-12,Arcadia Capital Servicing,DQ90plus,0.987436,0.988014,0.999999,0.003945,0.004567,Default,0.555993,0.428438,three-month balance movement,none,0.783046,current performance status (+2.11) | months delinquent in last 12 months (+1.38) | credit score band (+1.16),high,8.6e-05,escalate_loss_mitigation,Twelve-month default probability is materially elevated; refer to loss mitigation.,True
LN100938,2022-06,Pioneer Mortgage Ops,DQ90plus,0.98731,0.994677,0.999999,1e-06,0.445032,DQ90plus,0.598546,0.62404,servicer reporting lag,none,0.996476,current performance status (+2.47) | months delinquent in last 12 months (+1.38) | days past due (+1.21),high,9.9e-05,escalate_loss_mitigation,Twelve-month default probability is materially elevated; refer to loss mitigation.,True
LN100942,2023-07,Arcadia Capital Servicing,DQ90plus,0.988103,0.988525,0.999999,0.03006,0.004472,DQ90plus,0.613016,0.31747,month-over-month balance movement,none,0.563474,current performance status (+2.08) | months delinquent in last 12 months (+1.18) | days past due (+1.16),high,0.000145,escalate_loss_mitigation,Twelve-month default probability is materially elevated; refer to loss mitigation.,True
LN101163,2024-12,Northgate Servicing,DQ90plus,0.989058,0.993236,0.999999,0.023684,0.014724,DQ90plus,0.605818,0.315754,month-over-month balance movement,none,0.385789,current performance status (+2.17) | months delinquent in last 12 months (+1.08) | days past due (+1.06),high,0.003483,escalate_loss_mitigation,Twelve-month default probability is materially elevated; refer to loss mitigation.,True
LN101169,2026-05,Northgate Servicing,DQ90plus,0.987606,0.992412,0.999999,0.03006,0.004541,Default,0.631678,0.286424,month-over-month balance movement,none,0.262945,current performance status (+2.04) | credit score band (+1.46) | months delinquent in last 12 months (+1.25),high,0.00025,escalate_loss_mitigation,Twelve-month default probability is materially elevated; refer to loss mitigation.,True
LN101175,2022-06,Arcadia Capital Servicing,DQ90plus,0.989306,0.992515,0.999999,0.003945,0.004185,DQ90plus,0.537291,0.253317,month-over-month balance movement,none,0.710739,current performance status (+2.13) | months delinquent in last 12 months (+1.22) | days past due (+1.02),high,0.00037,escalate_loss_mitigation,Twelve-month default probability is materially elevated; refer to loss mitigation.,True
LN100483,2022-06,Pioneer Mortgage Ops,DQ90plus,0.98925,0.988105,0.999999,0.003945,0.003894,DQ90plus,0.483789,0.229247,month-over-month balance movement,none,0.364763,current performance status (+2.37) | months delinquent in last 12 months (+1.17) | state (+1.05),high,0.001339,escalate_loss_mitigation,Twelve-month default probability is materially elevated; refer to loss mitigation.,True
LN101241,2023-12,Northgate Servicing,DQ90plus,0.989065,0.995075,0.999999,0.003945,0.004012,Default,0.559939,0.242132,month-over-month balance movement,none,0.377204,current performance status (+1.96) | credit score band (+1.62) | months delinquent in last 12 months (+1.05),high,0.00055,escalate_loss_mitigation,Twelve-month default probability is materially elevated; refer to loss mitigation.,True
LN100131,2020-12,Arcadia Capital Servicing,DQ90plus,0.987928,0.991829,0.999999,0.03006,0.009008,Default,0.517403,0.551731,month-over-month balance movement,none,0.794373,current performance status (+2.24) | months delinquent in last 12 months (+1.42) | credit score band (+1.27),high,0.000212,escalate_loss_mitigation,Twelve-month default probability is materially elevated; refer to loss mitigation.,True
LN100134,2019-12,Kestrel Financial,DQ90plus,0.990891,0.99487,0.999999,0.003945,0.82825,Default,0.493388,0.611417,servicer reporting lag,invalid_date_relationship,0.998356,current performance status (+2.20) | months delinquent in last 12 months (+1.29) | state (+1.02),high,0.000175,raise_exception_for_review,Operational exception is more likely than not; route to the data-quality queue.,True
LN100104,2022-04,Arcadia Capital Servicing,DQ90plus,0.987264,0.99187,0.999999,0.003945,0.857154,DQ90plus,0.638292,0.50258,three-month balance movement,balance_reconciliation_break,0.973804,current performance status (+2.26) | months delinquent in last 12 months (+1.19) | days past due (+1.17),high,0.000639,raise_exception_for_review,Operational exception is more likely than not; route to the data-quality queue.,True
LN100111,2025-10,Kestrel Financial,DQ90plus,0.98685,0.990861,0.999999,0.03006,0.587541,DQ90plus,0.596125,0.441411,servicer reporting lag,stale_servicer_reporting,0.992372,current performance status (+2.45) | months delinquent in last 12 months (+1.42) | days past due (+1.26),high,0.000439,raise_exception_for_review,Operational exception is more likely than not; route to the data-quality queue.,True
LN100114,2021-02,Pioneer Mortgage Ops,DQ90plus,0.984422,0.98683,0.999999,0.023684,0.014809,DQ90plus,0.543838,0.441017,balance against expected amortisation for term elapsed,none,0.35204,current performance status (+2.21) | months delinquent in last 12 months (+1.12) | days past due (+0.98),high,0.001174,escalate_loss_mitigation,Twelve-month default probability is materially elevated; refer to loss mitigation.,True
LN100951,2026-03,Northgate Servicing,DQ90plus,0.98798,0.994254,0.999999,0.023684,0.013876,DQ90plus,0.621883,0.364528,three-month balance movement,none,0.493739,current performance status (+2.40) | months delinquent in last 12 months (+1.39) | days past due (+1.22),high,0.000912,escalate_loss_mitigation,Twelve-month default probability is materially elevated; refer to loss mitigation.,True
LN100924,2019-11,Northgate Servicing,DQ90plus,0.990709,0.994254,0.999999,0.023684,0.004467,Default,0.65779,0.246119,three-month balance movement,none,0.756151,current performance status (+1.85) | credit score band (+1.37) | months delinquent in last 12 months (+1.24),high,0.00011,escalate_loss_mitigation,Twelve-month default probability is materially elevated; refer to loss mitigation.,True
LN100928,2024-07,Belmont Loan Services,DQ90plus,0.990278,0.995192,0.999999,0.03006,0.003909,DQ90plus,0.581809,0.196567,month-over-month balance movement,none,0.304675,current performance status (+2.34) | months delinquent in last 12 months (+1.30) | days past due (+0.97),high,0.000797,escalate_loss_mitigation,Twelve-month default probability is materially elevated; refer to loss mitigation.,True
LN101246,2023-09,Belmont Loan Services,DQ90plus,0.988516,0.994783,0.999999,0.003945,0.004268,Default,0.618396,0.268528,three-month balance movement,none,0.866431,current performance status (+2.28) | months delinquent in last 12 months (+1.66) | credit score band (+1.12),high,0.000168,escalate_loss_mitigation,Twelve-month default probability is materially elevated; refer to loss mitigation.,True
LN101249,2025-12,Arcadia Capital Servicing,DQ90plus,0.990109,0.987954,0.999999,0.03006,0.004048,DQ90plus,0.733958,0.234158,three-month balance movement,none,0.39951,current performance status (+2.56) | months delinquent in last 12 months (+1.99) | days past due (+1.19),high,0.003568,escalate_loss_mitigation,Twelve-month default probability is materially elevated; refer to loss mitigation.,True
LN101254,2025-10,Arcadia Capital Servicing,DQ90plus,0.989091,0.99059,0.999999,0.003945,0.00483,DQ90plus,0.912118,0.970454,balance against expected amortisation for term elapsed,none,0.333296,current performance status (+2.45) | months delinquent in last 12 months (+1.50) | days past due (+1.19),high,0.004032,escalate_loss_mitigation,Twelve-month default probability is materially elevated; refer to loss mitigation.,True
LN100445,2025-12,Pioneer Mortgage Ops,DQ90plus,0.98432,0.987962,0.999999,0.023684,0.003624,DQ90plus,0.549029,0.284294,month-over-month change in days past due,none,0.537166,current performance status (+2.53) | months delinquent in last 12 months (+1.37) | days past due (+1.32),high,0.000895,escalate_loss_mitigation,Twelve-month default probability is materially elevated; refer to loss mitigation.,True
LN100655,2024-12,Northgate Servicing,DQ90plus,0.98863,0.991585,0.999999,0.03006,0.004739,Default,0.523869,0.299811,month-over-month balance movement,none,0.428165,current performance status (+2.03) | months delinquent in last 12 months (+1.18) | credit score band (+1.05),high,0.001829,escalate_loss_mitigation,Twelve-month default probability is materially elevated; refer to loss mitigation.,True
LN100632,2025-10,Kestrel Financial,DQ90plus,0.987043,0.993491,0.999999,0.003945,0.02453,DQ90plus,0.795709,0.431435,three-month balance movement,none,0.399017,current performance status (+2.23) | days past due (+1.04) | months delinquent in last 12 months (+0.98),high,0.002574,escalate_loss_mitigation,Twelve-month default probability is materially elevated; refer to loss mitigation.,True
LN100635,2024-12,Northgate Servicing,DQ90plus,0.990062,0.990014,0.999999,0.03006,0.00407,Default,0.57943,0.266441,three-month balance movement,none,0.272679,current performance status (+2.10) | months delinquent in last 12 months (+1.25) | credit score band (+1.13),high,0.000707,escalate_loss_mitigation,Twelve-month default probability is materially elevated; refer to loss mitigation.,True
LN100636,2024-01,Belmont Loan Services,DQ90plus,0.987386,0.993577,0.999999,0.03006,0.568416,DQ90plus,0.50817,0.845795,servicer reporting lag,stale_servicer_reporting,0.979462,current performance status (+2.20) | months delinquent in last 12 months (+0.99) | current status (+0.86),high,0.000719,raise_exception_for_review,Operational exception is more likely than not; route to the data-quality queue.,True
LN101026,2026-01,Northgate Servicing,DQ90plus,0.984192,0.991901,0.999999,0.03006,0.0042,DQ90plus,0.68422,0.296053,month-over-month balance movement,none,0.281939,current performance status (+2.38) | months delinquent in last 12 months (+1.54) | days past due (+1.19),high,0.001096,escalate_loss_mitigation,Twelve-month default probability is materially elevated; refer to loss mitigation.,True
LN101031,2024-05,Arcadia Capital Servicing,DQ90plus,0.986169,0.989528,0.999999,0.003945,0.003909,Default,0.577909,0.218446,month-over-month balance movement,none,0.512705,current performance status (+2.36) | months delinquent in last 12 months (+1.15) | days past due (+1.13),high,0.000309,escalate_loss_mitigation,Twelve-month default probability is materially elevated; refer to loss mitigation.,True
LN100906,2019-07,Northgate Servicing,DQ90plus,0.992341,0.993999,0.999999,0.003945,0.004597,Default,0.609996,0.24235,three-month balance movement,none,0.390768,current performance status (+2.20) | months delinquent in last 12 months (+1.35) | days past due (+1.04),high,0.000108,escalate_loss_mitigation,Twelve-month default probability is materially elevated; refer to loss mitigation.,True
LN100911,2022-03,Belmont Loan Services,DQ90plus,0.990228,0.992192,0.999999,0.010363,0.004392,DQ90plus,0.691507,0.247387,three-month balance movement,none,0.566698,current performance status (+2.75) | months delinquent in last 12 months (+2.04) | days past due (+1.19),high,0.001073,escalate_loss_mitigation,Twelve-month default probability is materially elevated; refer to loss mitigation.,True
LN100146,2024-08,Belmont Loan Services,DQ90plus,0.989775,0.993326,0.999999,0.03006,0.004722,Default,0.494397,0.372126,month-over-month change in days past due,none,0.690142,current performance status (+2.29) | months delinquent in last 12 months (+1.39) | days past due (+1.17),high,0.00232,escalate_loss_mitigation,Twelve-month default probability is materially elevated; refer to loss mitigation.,True
LN101416,2020-02,Northgate Servicing,DQ90plus,0.989546,0.992568,0.999999,0.03006,0.005014,DQ90plus,0.751727,0.244348,three-month balance movement,none,0.43239,current performance status (+2.52) | months delinquent in last 12 months (+1.67) | days past due (+1.16),high,0.000338,escalate_loss_mitigation,Twelve-month default probability is materially elevated; refer to loss mitigation.,True
LN101422,2024-09,Pioneer Mortgage Ops,DQ90plus,0.990193,0.992282,0.999999,0.023684,0.004419,DQ90plus,0.654421,0.268771,three-month balance movement,none,0.824741,current performance status (+2.58) | months delinquent in last 12 months (+1.60) | days past due (+1.18),high,0.002738,escalate_loss_mitigation,Twelve-month default probability is materially elevated; refer to loss mitigation.,True
LN101428,2021-02,Kestrel Financial,DQ90plus,0.986218,0.99134,0.999999,0.023684,0.005113,DQ90plus,0.532354,0.25583,month-over-month balance movement,none,0.722505,current performance status (+2.28) | months delinquent in last 12 months (+1.34) | days past due (+1.07),high,0.000183,escalate_loss_mitigation,Twelve-month default probability is materially elevated; refer to loss mitigation.,True
LN100642,2025-11,Kestrel Financial,DQ90plus,0.980907,0.980871,0.999999,0.03006,0.003255,DQ90plus,0.813266,0.273344,three-month balance movement,none,0.691507,current performance status (+2.50) | months delinquent in last 12 months (+1.91) | days past due (+1.21),high,0.001129,escalate_loss_mitigation,Twelve-month default probability is materially elevated; refer to loss mitigation.,True
LN100646,2022-01,Pioneer Mortgage Ops,DQ90plus,0.990708,0.991398,0.999999,0.023684,0.743966,DQ90plus,0.779605,0.765236,scheduled payment relative to balance,missing_documentation,0.992181,current performance status (+1.97) | months delinquent in last 12 months (+1.71) | credit score band (+1.03),high,0.001273,raise_exception_for_review,Operational exception is more likely than not; route to the data-quality queue.,True
LN100447,2020-05,Kestrel Financial,DQ90plus,0.985321,0.994639,0.999999,0.010363,0.00438,DQ90plus,0.552336,0.266677,month-over-month balance movement,none,0.370967,current performance status (+2.41) | months delinquent in last 12 months (+1.40) | days past due (+1.08),high,0.000111,escalate_loss_mitigation,Twelve-month default probability is materially elevated; refer to loss mitigation.,True
LN100448,2023-09,Arcadia Capital Servicing,DQ90plus,0.988985,0.989933,0.999999,0.023684,0.003942,Default,0.6437,0.252672,month-over-month balance movement,none,0.283112,current performance status (+2.11) | credit score band (+1.19) | days past due (+1.00),high,0.000472,escalate_loss_mitigation,Twelve-month default probability is materially elevated; refer to loss mitigation.,True
LN100453,2021-02,Northgate Servicing,DQ90plus,0.989824,0.992218,0.999999,0.03006,0.004498,DQ90plus,0.64578,0.227878,three-month balance movement,none,0.349423,current performance status (+2.12) | months delinquent in last 12 months (+1.75) | days past due (+1.20),high,0.000131,escalate_loss_mitigation,Twelve-month default probability is materially elevated; refer to loss mitigation.,True
LN100455,2025-07,Arcadia Capital Servicing,DQ90plus,0.987824,0.98902,0.999999,0.003945,0.005017,DQ90plus,0.658159,0.211347,three-month balance movement,none,0.672966,current performance status (+2.06) | months delinquent in last 12 months (+1.41) | credit score band (+0.97),high,0.001967,escalate_loss_mitigation,Twelve-month default probability is materially elevated; refer to loss mitigation.,True
LN100430,2022-10,Arcadia Capital Servicing,DQ90plus,0.990183,0.99042,0.999999,0.003945,0.004877,DQ90plus,0.814701,0.211642,three-month balance movement,none,0.572289,current performance status (+2.50) | months delinquent in last 12 months (+1.52) | months delinquent in last 6 months (+0.92),high,0.003716,escalate_loss_mitigation,Twelve-month default probability is materially elevated; refer to loss mitigation.,True
LN100434,2020-06,Kestrel Financial,DQ90plus,0.992271,0.993429,0.999999,0.010363,0.005044,DQ90plus,0.503292,0.315693,three-month balance movement,none,0.448832,current performance status (+2.32) | months delinquent in last 12 months (+1.41) | days past due (+1.07),high,0.000239,escalate_loss_mitigation,Twelve-month default probability is materially elevated; refer to loss mitigation.,True
LN100915,2026-06,Arcadia Capital Servicing,DQ30,0.907783,0.907949,0.999999,0.03006,0.005431,DQ30,0.578322,0.271318,days past due against reported status,none,0.379395,current performance status (+1.64) | credit score band (+1.02) | months delinquent in last 6 months (+0.71),high,0.002599,escalate_loss_mitigation,Twelve-month default probability is materially elevated; refer to loss mitigation.,True
LN100917,2023-11,Belmont Loan Services,DQ90plus,0.987745,0.992675,0.999999,0.03006,0.00789,Default,0.597951,0.393368,month-over-month change in days past due,none,0.944305,current performance status (+2.09) | months delinquent in last 12 months (+1.22) | credit score band (+1.01),high,0.000117,escalate_loss_mitigation,Twelve-month default probability is materially elevated; refer to loss mitigation.,True
LN101411,2026-06,Pioneer Mortgage Ops,DQ30,0.857137,0.811909,0.999999,0.12069,0.004194,DQ30,0.472277,0.420534,record arrived by manual upload,none,0.325564,current performance status (+1.99) | credit score band (+1.04) | months delinquent in last 12 months (+1.02),high,0.005177,escalate_loss_mitigation,Twelve-month default probability is materially elevated; refer to loss mitigation.,True
LN100676,2019-12,Northgate Servicing,DQ90plus,0.990405,0.995066,0.999999,0.023684,0.004467,Default,0.573456,0.263664,scheduled payment relative to balance,none,0.614901,current performance status (+1.84) | credit score band (+1.51) | months delinquent in last 12 months (+1.23),high,0.000108,escalate_loss_mitigation,Twelve-month default probability is materially elevated; refer to loss mitigation.,True
LN100648,2024-04,Belmont Loan Services,DQ90plus,0.988709,0.993934,0.999999,0.03006,0.00388,DQ90plus,0.66718,0.230567,month-over-month balance movement,none,0.369155,current performance status (+2.28) | months delinquent in last 12 months (+1.36) | days past due (+1.18),high,0.000211,escalate_loss_mitigation,Twelve-month default probability is materially elevated; refer to loss mitigation.,True
LN100651,2026-06,Northgate Servicing,DQ90plus,0.984821,0.985964,0.999999,0.03006,0.004057,DQ90plus,0.55073,0.225842,month-over-month balance movement,none,0.338425,current performance status (+2.21) | months delinquent in last 12 months (+1.34) | days past due (+1.12),high,0.000811,escalate_loss_mitigation,Twelve-month default probability is materially elevated; refer to loss mitigation.,True
LN100653,2025-06,Arcadia Capital Servicing,DQ90plus,0.988533,0.990675,0.999999,0.023684,0.004132,DQ90plus,0.695529,0.298421,three-month balance movement,none,0.318588,current performance status (+2.21) | months delinquent in last 12 months (+1.60) | days past due (+1.09),high,0.000481,escalate_loss_mitigation,Twelve-month default probability is materially elevated; refer to loss mitigation.,True
LN100412,2019-09,Belmont Loan Services,DQ90plus,0.991619,0.995756,0.999999,0.03006,0.006364,Default,0.504437,0.345159,three-month balance movement,none,0.649171,current performance status (+2.28) | months delinquent in last 12 months (+1.23) | days past due (+0.96),high,0.00012,escalate_loss_mitigation,Twelve-month default probability is materially elevated; refer to loss mitigation.,True
LN100418,2021-12,Arcadia Capital Servicing,DQ90plus,0.988435,0.990893,0.999999,0.003945,0.004216,DQ90plus,0.751993,0.240359,three-month balance movement,none,0.29261,current performance status (+2.74) | months delinquent in last 12 months (+1.93) | days past due (+1.40),high,0.000331,escalate_loss_mitigation,Twelve-month default probability is materially elevated; refer to loss mitigation.,True
LN100420,2023-08,Arcadia Capital Servicing,DQ90plus,0.990846,0.990204,0.999999,0.010363,0.004268,DQ90plus,0.509507,0.275922,three-month balance movement,none,0.532736,current performance status (+2.14) | days past due (+1.05) | months delinquent in last 12 months (+0.99),high,0.00054,escalate_loss_mitigation,Twelve-month default probability is materially elevated; refer to loss mitigation.,True
LN100392,2020-11,Belmont Loan Services,DQ90plus,0.988936,0.991596,0.999999,0.03006,0.004913,Default,0.550817,0.430485,month-over-month balance movement,none,0.427623,current performance status (+2.08) | months delinquent in last 12 months (+1.43) | credit score band (+1.10),high,0.000163,escalate_loss_mitigation,Twelve-month default probability is materially elevated; refer to loss mitigation.,True
LN100393,2026-02,Belmont Loan Services,DQ90plus,0.986161,0.985019,0.999999,0.03006,0.004026,DQ90plus,0.754028,0.253024,month-over-month balance movement,none,0.318711,current performance status (+2.25) | months delinquent in last 12 months (+1.05) | days past due (+0.94),high,0.001177,escalate_loss_mitigation,Twelve-month default probability is materially elevated; refer to loss mitigation.,True
LN100399,2020-04,Belmont Loan Services,DQ90plus,0.990328,0.993667,0.999999,0.023684,0.004532,Default,0.626217,0.235678,three-month balance movement,none,0.37946,current performance status (+1.93) | credit score band (+1.61) | months delinquent in last 12 months (+1.19),high,8.8e-05,escalate_loss_mitigation,Twelve-month default probability is materially elevated; refer to loss mitigation.,True
LN100692,2023-02,Arcadia Capital Servicing,DQ90plus,0.985536,0.988066,0.999999,0.003945,0.005885,Default,0.516605,0.360612,three-month balance movement,none,0.819141,current performance status (+2.27) | months delinquent in last 12 months (+1.43) | days past due (+1.06),high,0.00026,escalate_loss_mitigation,Twelve-month default probability is materially elevated; refer to loss mitigation.,True
LN101145,2024-09,Belmont Loan Services,DQ90plus,0.991812,0.99574,0.999999,0.010363,0.003909,DQ90plus,0.510876,0.241617,month-over-month balance movement,none,0.464469,current performance status (+2.32) | months delinquent in last 12 months (+1.42) | days past due (+1.13),high,0.002303,escalate_loss_mitigation,Twelve-month default probability is materially elevated; refer to loss mitigation.,True
LN101155,2021-12,Northgate Servicing,DQ90plus,0.990739,0.993291,0.999999,0.003945,0.004093,DQ90plus,0.557533,0.205991,three-month balance movement,none,0.270675,current performance status (+2.09) | months delinquent in last 12 months (+1.53) | days past due (+1.15),high,0.000122,escalate_loss_mitigation,Twelve-month default probability is materially elevated; refer to loss mitigation.,True
LN101032,2022-10,Pioneer Mortgage Ops,DQ90plus,0.989578,0.990506,0.999999,0.003945,0.004125,DQ90plus,0.495499,0.260262,three-month balance movement,none,0.616881,current performance status (+2.41) | months delinquent in last 12 months (+1.52) | days past due (+1.06),high,0.000412,escalate_loss_mitigation,Twelve-month default probability is materially elevated; refer to loss mitigation.,True
LN101042,2024-01,Northgate Servicing,DQ90plus,0.985239,0.993523,0.999999,0.003945,0.856353,Default,0.630677,0.326517,month-over-month balance movement,balance_reconciliation_break,0.994467,current performance status (+2.09) | credit score band (+1.37) | months delinquent in last 12 months (+1.09),high,0.000726,raise_exception_for_review,Operational exception is more likely than not; route to the data-quality queue.,True
LN100872,2025-09,Pioneer Mortgage Ops,DQ90plus,0.98362,0.992127,0.999999,0.03006,0.756872,DQ90plus,0.744382,0.539872,three-month balance movement,missing_documentation,0.99546,current performance status (+2.18) | months delinquent in last 12 months (+1.34) | days past due (+1.20),high,0.000341,raise_exception_for_review,Operational exception is more likely than not; route to the data-quality queue.,True
LN101391,2024-12,Northgate Servicing,DQ90plus,0.988426,0.984702,0.999999,0.03006,0.005071,DQ90plus,0.570512,0.696869,scheduled payment relative to balance,none,0.470369,current performance status (+2.31) | months delinquent in last 12 months (+1.30) | days past due (+1.15),high,0.001658,escalate_loss_mitigation,Twelve-month default probability is materially elevated; refer to loss mitigation.,True
LN100156,2021-06,Kestrel Financial,DQ90plus,0.989852,0.989934,0.999999,0.023684,0.004976,DQ90plus,0.65395,0.623227,three-month balance movement,none,0.388485,current performance status (+2.61) | months delinquent in last 12 months (+1.95) | days past due (+1.14),high,0.000584,escalate_loss_mitigation,Twelve-month default probability is materially elevated; refer to loss mitigation.,True
LN100160,2023-11,Pioneer Mortgage Ops,DQ90plus,0.990015,0.991006,0.999999,0.003945,0.59357,DQ90plus,0.818465,0.458115,servicer reporting lag,stale_servicer_reporting,0.991027,current performance status (+2.14) | months delinquent in last 12 months (+2.11) | days past due (+1.15),high,0.001002,raise_exception_for_review,Operational exception is more likely than not; route to the data-quality queue.,True
LN101158,2019-11,Pioneer Mortgage Ops,DQ90plus,0.989591,0.991958,0.999999,0.023684,0.720268,DQ90plus,0.600362,0.416613,month-over-month balance movement,missing_documentation,0.997637,current performance status (+1.84) | credit score band (+1.60) | months delinquent in last 12 months (+1.05),high,0.00014,raise_exception_for_review,Operational exception is more likely than not; route to the data-quality queue.,True
LN101130,2026-06,Arcadia Capital Servicing,DQ90plus,0.988666,0.991956,0.999999,0.003945,0.004377,DQ90plus,0.926763,0.896893,balance against expected amortisation for term elapsed,none,0.315817,current performance status (+2.53) | months delinquent in last 12 months (+2.03) | days past due (+1.24),high,0.000524,escalate_loss_mitigation,Twelve-month default probability is materially elevated; refer to loss mitigation.,True
LN101137,2021-05,Pioneer Mortgage Ops,DQ90plus,0.990164,0.989593,0.999999,0.03006,0.005005,DQ90plus,0.638882,0.533303,scheduled payment relative to balance,none,0.390751,current performance status (+1.96) | months delinquent in last 12 months (+1.06) | credit score band (+0.91),high,0.00062,escalate_loss_mitigation,Twelve-month default probability is materially elevated; refer to loss mitigation.,True
LN100400,2022-01,Pioneer Mortgage Ops,DQ90plus,0.988143,0.99323,0.999999,0.003945,0.004431,Default,0.602265,0.246869,month-over-month balance movement,none,0.311314,current performance status (+1.74) | credit score band (+1.47) | months delinquent in last 12 months (+1.05),high,0.000342,escalate_loss_mitigation,Twelve-month default probability is materially elevated; refer to loss mitigation.,True
LN100404,2020-01,Pioneer Mortgage Ops,DQ90plus,0.989119,0.993722,0.999999,0.023684,0.005376,Default,0.491928,0.653472,three-month balance movement,none,0.668739,current performance status (+2.10) | months delinquent in last 12 months (+1.22) | days past due (+1.01),high,0.000113,escalate_loss_mitigation,Twelve-month default probability is materially elevated; refer to loss mitigation.,True
LN100406,2026-06,Belmont Loan Services,DQ90plus,0.985132,0.993733,0.999999,0.03006,0.004288,DQ90plus,0.673491,0.32472,month-over-month balance movement,none,0.582755,current performance status (+1.99) | months delinquent in last 12 months (+1.21) | note rate (+1.00),high,0.000273,escalate_loss_mitigation,Twelve-month default probability is materially elevated; refer to loss mitigation.,True
LN101276,2025-10,Northgate Servicing,DQ90plus,0.984175,0.990976,0.999999,0.003945,0.004404,DQ90plus,0.802502,0.397228,three-month balance movement,none,0.412559,current performance status (+2.47) | months delinquent in last 12 months (+1.43) | days past due (+1.23),high,0.001535,escalate_loss_mitigation,Twelve-month default probability is materially elevated; refer to loss mitigation.,True
LN101282,2021-06,Kestrel Financial,DQ90plus,0.990996,0.993609,0.999999,0.023684,0.006525,Default,0.495074,0.514055,count of missing credit fields,none,0.528109,current performance status (+2.00) | credit score band (+1.36) | days past due (+1.06),high,0.000313,escalate_loss_mitigation,Twelve-month default probability is materially elevated; refer to loss mitigation.,True
LN101283,2020-10,Belmont Loan Services,DQ90plus,0.988517,0.991075,0.999999,0.010363,0.007947,DQ90plus,0.561822,0.31435,three-month balance movement,none,0.337679,current performance status (+2.23) | months delinquent in last 12 months (+1.37) | days past due (+1.08),high,0.000101,escalate_loss_mitigation,Twelve-month default probability is materially elevated; refer to loss mitigation.,True
LN100172,2025-10,Northgate Servicing,DQ90plus,0.988586,0.987287,0.999999,0.03006,0.759426,DQ90plus,0.791138,0.561129,three-month balance movement,missing_documentation,0.995279,current performance status (+2.60) | months delinquent in last 12 months (+1.53) | days past due (+1.24),high,0.002972,raise_exception_for_review,Operational exception is more likely than not; route to the data-quality queue.,True
LN100175,2023-07,Pioneer Mortgage Ops,DQ90plus,0.98904,0.993719,0.999999,0.03006,0.006021,DQ90plus,0.7057,0.344084,three-month balance movement,none,0.890729,current performance status (+2.42) | months delinquent in last 12 months (+1.67) | days past due (+1.06),high,0.000147,escalate_loss_mitigation,Twelve-month default probability is materially elevated; refer to loss mitigation.,True
LN100177,2019-11,Kestrel Financial,DQ90plus,0.990712,0.991298,0.999999,0.003945,0.004408,DQ90plus,0.599028,0.354085,month-over-month balance movement,none,0.701759,current performance status (+2.10) | months delinquent in last 12 months (+1.06) | days past due (+1.02),high,0.000422,escalate_loss_mitigation,Twelve-month default probability is materially elevated; refer to loss mitigation.,True
LN100902,2024-04,Arcadia Capital Servicing,DQ90plus,0.989673,0.98653,0.999999,0.023684,0.00463,DQ90plus,0.588714,0.617247,three-month balance movement,none,0.352922,current performance status (+2.29) | months delinquent in last 12 months (+1.31) | days past due (+1.04),high,0.001071,escalate_loss_mitigation,Twelve-month default probability is materially elevated; refer to loss mitigation.,True
LN100385,2025-04,Belmont Loan Services,DQ90plus,0.98656,0.993327,0.999999,0.03006,0.746805,DQ90plus,0.553111,0.933051,three-month balance movement,missing_documentation,0.992764,current performance status (+2.59) | months delinquent in last 12 months (+1.43) | days past due (+1.25),high,0.004697,raise_exception_for_review,Operational exception is more likely than not; route to the data-quality queue.,True
LN101292,2023-01,Belmont Loan Services,DQ90plus,0.987927,0.99134,0.999999,0.003945,0.007918,DQ90plus,0.769988,0.79162,balance against expected amortisation for term elapsed,none,0.830602,current performance status (+2.69) | months delinquent in last 12 months (+1.85) | days past due (+1.21),high,0.001198,escalate_loss_mitigation,Twelve-month default probability is materially elevated; refer to loss mitigation.,True
LN101293,2022-11,Arcadia Capital Servicing,DQ90plus,0.985499,0.984715,0.999999,0.003945,0.143808,DQ90plus,0.506158,0.543022,three-month balance movement,none,0.946069,current performance status (+2.04) | credit score band (+1.26) | months delinquent in last 12 months (+1.25),high,0.000475,escalate_loss_mitigation,Twelve-month default probability is materially elevated; refer to loss mitigation.,True
LN100717,2025-07,Northgate Servicing,DQ90plus,0.98169,0.979748,0.999999,0.03006,0.825675,DQ90plus,0.816737,1.0,balance required repair,unexpected_balance_movement,0.499162,current performance status (+2.52) | months delinquent in last 12 months (+1.68) | days past due (+1.09),high,0.001232,raise_exception_for_review,Operational exception is more likely than not; route to the data-quality queue.,True
LN100698,2019-09,Belmont Loan Services,DQ90plus,0.988299,0.990374,0.999999,0.023684,0.004873,Default,0.488744,0.505171,balance against expected amortisation for term elapsed,none,0.455798,current performance status (+2.18) | months delinquent in last 12 months (+1.19) | days past due (+0.88),high,0.000202,escalate_loss_mitigation,Twelve-month default probability is materially elevated; refer to loss mitigation.,True
LN100699,2020-11,Kestrel Financial,DQ90plus,0.989872,0.991775,0.999999,0.03006,0.004845,DQ90plus,0.51376,0.248569,three-month balance movement,none,0.767985,current performance status (+2.10) | months delinquent in last 12 months (+1.46) | days past due (+1.12),high,8.4e-05,escalate_loss_mitigation,Twelve-month default probability is materially elevated; refer to loss mitigation.,True
LN100706,2026-06,Kestrel Financial,DQ90plus,0.988333,0.983467,0.999999,0.023684,0.004272,DQ90plus,0.678818,0.313357,three-month balance movement,none,0.458962,current performance status (+2.41) | months delinquent in last 12 months (+1.79) | days past due (+1.13),high,0.001345,escalate_loss_mitigation,Twelve-month default probability is materially elevated; refer to loss mitigation.,True
LN100365,2025-02,Northgate Servicing,DQ90plus,0.986321,0.994413,0.999999,0.03006,0.004305,Default,0.504506,0.35548,month-over-month balance movement,none,0.313289,current performance status (+2.22) | months delinquent in last 12 months (+1.55) | days past due (+1.16),high,0.000293,escalate_loss_mitigation,Twelve-month default probability is materially elevated; refer to loss mitigation.,True
LN100366,2025-10,Belmont Loan Services,DQ90plus,0.987857,0.992075,0.999999,0.03352,0.004204,DQ90plus,0.635801,0.529106,three-month balance movement,none,0.209336,current performance status (+2.13) | months delinquent in last 12 months (+1.84) | days past due (+1.13),high,8.1e-05,escalate_loss_mitigation,Twelve-month default probability is materially elevated; refer to loss mitigation.,True
LN100373,2025-11,Belmont Loan Services,DQ90plus,0.990003,0.989188,0.999999,0.023684,0.006087,Default,0.529553,0.388739,three-month balance movement,none,0.754775,current performance status (+1.84) | months delinquent in last 12 months (+1.50) | credit score band (+1.38),high,0.000467,escalate_loss_mitigation,Twelve-month default probability is materially elevated; refer to loss mitigation.,True
LN100344,2025-03,Northgate Servicing,DQ90plus,0.984045,0.989675,0.999999,0.023684,0.005767,DQ90plus,0.604594,0.466407,three-month balance movement,none,0.507222,current performance status (+2.77) | months delinquent in last 12 months (+2.03) | days past due (+1.29),high,0.001963,escalate_loss_mitigation,Twelve-month default probability is materially elevated; refer to loss mitigation.,True
LN100346,2025-08,Pioneer Mortgage Ops,DQ90plus,0.989716,0.987699,0.999999,0.023684,0.00554,DQ90plus,0.796833,0.875279,servicer reporting lag,none,0.611923,current performance status (+2.37) | months delinquent in last 12 months (+1.74) | days past due (+1.12),high,0.000822,escalate_loss_mitigation,Twelve-month default probability is materially elevated; refer to loss mitigation.,True
LN100738,2021-04,Belmont Loan Services,DQ90plus,0.986653,0.99195,0.999999,0.023684,0.006018,DQ90plus,0.554978,0.272351,month-over-month balance movement,none,0.674256,current performance status (+2.15) | months delinquent in last 12 months (+1.14) | days past due (+1.11),high,0.000438,escalate_loss_mitigation,Twelve-month default probability is materially elevated; refer to loss mitigation.,True
LN100210,2020-07,Northgate Servicing,DQ90plus,0.986671,0.990776,0.999999,0.023684,0.004595,Default,0.528515,0.405305,month-over-month balance movement,none,0.338358,current performance status (+1.90) | credit score band (+1.08) | months delinquent in last 12 months (+1.05),high,0.000243,escalate_loss_mitigation,Twelve-month default probability is materially elevated; refer to loss mitigation.,True
LN100213,2021-03,Northgate Servicing,DQ90plus,0.98783,0.991302,0.999999,0.023684,0.0081,DQ90plus,0.683398,0.372727,three-month balance movement,none,0.915053,current performance status (+2.50) | months delinquent in last 12 months (+1.76) | days past due (+1.18),high,0.000372,escalate_loss_mitigation,Twelve-month default probability is materially elevated; refer to loss mitigation.,True
LN100184,2020-05,Northgate Servicing,DQ90plus,0.987033,0.993967,0.999999,0.023684,0.005279,DQ90plus,0.5435,0.318114,three-month balance movement,none,0.399974,current performance status (+2.10) | months delinquent in last 12 months (+1.31) | credit score band (+1.05),high,6.6e-05,escalate_loss_mitigation,Twelve-month default probability is materially elevated; refer to loss mitigation.,True
LN100185,2020-12,Arcadia Capital Servicing,DQ90plus,0.987361,0.994604,0.999999,0.003945,0.004796,DQ90plus,0.586077,0.281848,three-month balance movement,none,0.430757,current performance status (+2.25) | months delinquent in last 12 months (+1.36) | state (+1.13),high,0.000276,escalate_loss_mitigation,Twelve-month default probability is materially elevated; refer to loss mitigation.,True
LN100875,2022-10,Belmont Loan Services,DQ90plus,0.988392,0.991718,0.999999,1e-06,0.004085,DQ90plus,0.501594,0.231781,three-month balance movement,none,0.510221,current performance status (+2.11) | months delinquent in last 12 months (+1.25) | days past due (+1.04),high,0.000599,escalate_loss_mitigation,Twelve-month default probability is materially elevated; refer to loss mitigation.,True
LN100886,2023-12,Pioneer Mortgage Ops,DQ90plus,0.987574,0.991361,0.999999,0.03006,0.004707,DQ90plus,0.656612,0.481841,scheduled payment relative to balance,none,0.922066,current performance status (+2.09) | months delinquent in last 12 months (+1.53) | credit score band (+1.32),high,0.000575,escalate_loss_mitigation,Twelve-month default probability is materially elevated; refer to loss mitigation.,True
LN100743,2025-06,Arcadia Capital Servicing,DQ90plus,0.987363,0.9872,0.999999,0.03006,0.85796,DQ90plus,0.77396,0.771119,three-month balance movement,balance_reconciliation_break,0.959549,current performance status (+2.86) | months delinquent in last 12 months (+1.84) | days past due (+1.40),high,0.000419,raise_exception_for_review,Operational exception is more likely than not; route to the data-quality queue.,True
LN101119,2023-01,Northgate Servicing,DQ90plus,0.988882,0.992622,0.999999,1e-06,0.004552,DQ90plus,0.801411,0.48295,servicer reporting lag,none,0.79384,current performance status (+2.79) | months delinquent in last 12 months (+2.08) | days past due (+1.39),high,0.001106,escalate_loss_mitigation,Twelve-month default probability is materially elevated; refer to loss mitigation.,True
LN101120,2019-12,Belmont Loan Services,DQ90plus,0.989087,0.992008,0.999999,0.023684,0.731168,Default,0.529102,0.728462,scheduled payment relative to balance,missing_documentation,0.99648,current performance status (+1.84) | credit score band (+1.55) | months delinquent in last 12 months (+1.42),high,9.7e-05,raise_exception_for_review,Operational exception is more likely than not; route to the data-quality queue.,True
LN101123,2020-11,Northgate Servicing,DQ90plus,0.992212,0.996528,0.999999,0.023684,0.004464,DQ90plus,0.557121,0.258809,three-month balance movement,none,0.24535,current performance status (+2.08) | months delinquent in last 12 months (+1.39) | days past due (+1.14),high,0.000206,escalate_loss_mitigation,Twelve-month default probability is materially elevated; refer to loss mitigation.,True
LN100714,2024-04,Pioneer Mortgage Ops,DQ90plus,0.986899,0.989526,0.999999,0.023684,0.005022,Default,0.484187,0.273222,month-over-month balance movement,none,0.542574,current performance status (+2.36) | months delinquent in last 12 months (+1.07) | days past due (+0.96),high,0.000423,escalate_loss_mitigation,Twelve-month default probability is materially elevated; refer to loss mitigation.,True
LN100355,2025-06,Northgate Servicing,DQ90plus,0.98871,0.995005,0.999999,0.03006,0.004064,DQ90plus,0.782677,0.254449,three-month balance movement,none,0.296992,current performance status (+2.11) | months delinquent in last 12 months (+1.87) | days past due (+1.13),high,0.000111,escalate_loss_mitigation,Twelve-month default probability is materially elevated; refer to loss mitigation.,True
LN100359,2025-02,Arcadia Capital Servicing,DQ90plus,0.986755,0.986352,0.999999,0.03006,0.851149,DQ90plus,0.531029,0.809961,three-month balance movement,balance_reconciliation_break,0.996799,current performance status (+1.93) | months delinquent in last 12 months (+1.41) | credit score band (+1.21),high,0.002308,raise_exception_for_review,Operational exception is more likely than not; route to the data-quality queue.,True
LN100329,2026-02,Northgate Servicing,DQ90plus,0.986364,0.99255,0.999999,0.023684,0.004449,DQ90plus,0.564783,0.310694,three-month balance movement,none,0.241773,current performance status (+1.97) | months delinquent in last 12 months (+1.51) | credit score band (+1.29),high,0.000203,escalate_loss_mitigation,Twelve-month default probability is materially elevated; refer to loss mitigation.,True
LN100334,2023-03,Arcadia Capital Servicing,DQ90plus,0.983945,0.98767,0.999999,0.003945,0.882808,DQ90plus,0.515169,1.0,loan age required repair,invalid_date_relationship,0.999095,current performance status (+2.63) | months delinquent in last 12 months (+1.86) | days past due (+1.14),high,0.000346,raise_exception_for_review,Operational exception is more likely than not; route to the data-quality queue.,True
LN101051,2021-11,Northgate Servicing,DQ90plus,0.989474,0.991032,0.999999,0.010363,0.004331,DQ90plus,0.691944,0.245928,three-month balance movement,none,0.348885,current performance status (+2.14) | months delinquent in last 12 months (+1.85) | days past due (+1.18),high,0.000329,escalate_loss_mitigation,Twelve-month default probability is materially elevated; refer to loss mitigation.,True
LN101052,2020-06,Northgate Servicing,DQ90plus,0.989067,0.992142,0.999999,0.003945,0.759186,DQ90plus,0.505965,0.833197,month-over-month balance movement,missing_documentation,0.998881,current performance status (+2.33) | months delinquent in last 12 months (+1.38) | days past due (+1.01),high,0.000729,raise_exception_for_review,Operational exception is more likely than not; route to the data-quality queue.,True
LN101058,2024-05,Pioneer Mortgage Ops,DQ90plus,0.986309,0.964753,0.999999,0.03352,0.851149,DQ90plus,0.828221,0.384912,three-month balance movement,balance_reconciliation_break,0.998225,current performance status (+2.39) | months delinquent in last 12 months (+1.41) | days past due (+0.98),high,0.004031,raise_exception_for_review,Operational exception is more likely than not; route to the data-quality queue.,True
LN101063,2025-02,Belmont Loan Services,DQ90plus,0.988013,0.991537,0.999999,0.010363,0.004006,DQ90plus,0.512063,0.20115,three-month balance movement,none,0.347288,current performance status (+2.54) | months delinquent in last 12 months (+1.87) | days past due (+1.09),high,0.000876,escalate_loss_mitigation,Twelve-month default probability is materially elevated; refer to loss mitigation.,True
LN100228,2025-06,Arcadia Capital Servicing,DQ90plus,0.986776,0.986354,0.999999,0.010363,0.004361,DQ90plus,0.627307,0.250598,month-over-month change in days past due,none,0.356707,current performance status (+2.54) | months delinquent in last 12 months (+1.28) | days past due (+1.23),high,0.001299,escalate_loss_mitigation,Twelve-month default probability is materially elevated; refer to loss mitigation.,True
LN100201,2020-09,Northgate Servicing,DQ90plus,0.99017,0.995164,0.999999,0.010363,0.004823,Default,0.477948,0.23165,month-over-month balance movement,none,0.460182,current performance status (+2.21) | months delinquent in last 12 months (+1.55) | days past due (+1.04),high,9.2e-05,escalate_loss_mitigation,Twelve-month default probability is materially elevated; refer to loss mitigation.,True
LN100341,2023-12,Kestrel Financial,DQ90plus,0.98715,0.988991,0.999999,0.010363,0.011943,DQ90plus,0.733391,0.350134,three-month balance movement,none,0.985786,current performance status (+2.45) | months delinquent in last 12 months (+1.72) | days past due (+1.12),high,0.000373,escalate_loss_mitigation,Twelve-month default probability is materially elevated; refer to loss mitigation.,True
LN101305,2026-06,Northgate Servicing,DQ90plus,0.987019,0.987348,0.999999,0.03006,0.004584,DQ90plus,0.805028,0.410113,scheduled payment relative to balance,none,0.290237,current performance status (+2.35) | months delinquent in last 12 months (+1.94) | days past due (+1.11),high,0.001439,escalate_loss_mitigation,Twelve-month default probability is materially elevated; refer to loss mitigation.,True
LN101307,2022-11,Belmont Loan Services,DQ90plus,0.990066,0.988243,0.999999,1e-06,0.003959,Default,0.546756,0.24427,three-month balance movement,none,0.439805,current performance status (+2.25) | months delinquent in last 12 months (+1.64) | credit score band (+1.04),high,0.000198,escalate_loss_mitigation,Twelve-month default probability is materially elevated; refer to loss mitigation.,True
LN101309,2020-07,Pioneer Mortgage Ops,DQ90plus,0.988831,0.991932,0.999999,0.03006,0.006325,DQ90plus,0.539167,0.329968,three-month balance movement,none,0.727446,current performance status (+2.63) | months delinquent in last 12 months (+2.09) | days past due (+1.26),high,0.000813,escalate_loss_mitigation,Twelve-month default probability is materially elevated; refer to loss mitigation.,True
LN100757,2025-04,Arcadia Capital Servicing,DQ90plus,0.988373,0.987446,0.999999,0.03006,0.004359,Default,0.578756,0.36903,scheduled payment relative to balance,none,0.425165,current performance status (+1.78) | credit score band (+1.40) | months delinquent in last 12 months (+1.25),high,0.000364,escalate_loss_mitigation,Twelve-month default probability is materially elevated; refer to loss mitigation.,True
LN101101,2025-03,Arcadia Capital Servicing,DQ90plus,0.988818,0.992544,0.999999,0.03006,0.004314,Default,0.518369,0.300043,three-month balance movement,none,0.315772,current performance status (+2.24) | credit score band (+1.22) | months delinquent in last 12 months (+1.12),high,0.002955,escalate_loss_mitigation,Twelve-month default probability is materially elevated; refer to loss mitigation.,True
LN101102,2026-03,Pioneer Mortgage Ops,DQ90plus,0.985432,0.989401,0.999999,0.03006,0.00399,DQ90plus,0.697276,0.284862,month-over-month balance movement,none,0.303315,current performance status (+2.65) | months delinquent in last 12 months (+1.43) | days past due (+1.24),high,0.003115,escalate_loss_mitigation,Twelve-month default probability is materially elevated; refer to loss mitigation.,True
LN101111,2022-07,Pioneer Mortgage Ops,DQ90plus,0.973857,0.973074,0.999999,0.003945,0.257347,Default,0.433702,0.718095,days past due against reported status,none,0.983269,current performance status (+2.23) | months delinquent in last 12 months (+1.32) | scheduled monthly payment (+0.89),high,0.001527,escalate_loss_mitigation,Twelve-month default probability is materially elevated; refer to loss mitigation.,True
LN100732,2022-12,Belmont Loan Services,DQ90plus,0.989703,0.986862,0.999999,0.003945,0.004596,Default,0.557226,0.389821,scheduled payment relative to balance,none,0.837193,current performance status (+1.91) | months delinquent in last 12 months (+1.67) | credit score band (+1.24),high,0.00055,escalate_loss_mitigation,Twelve-month default probability is materially elevated; refer to loss mitigation.,True
LN100317,2023-06,Northgate Servicing,DQ90plus,0.990583,0.994117,0.999999,0.003945,0.005885,DQ90plus,0.758578,0.397732,balance against expected amortisation for term elapsed,none,0.927815,current performance status (+2.40) | months delinquent in last 12 months (+1.98) | days past due (+1.08),high,0.000294,escalate_loss_mitigation,Twelve-month default probability is materially elevated; refer to loss mitigation.,True
LN100323,2026-01,Pioneer Mortgage Ops,DQ90plus,0.985246,0.986265,0.999999,0.03006,0.005658,DQ90plus,0.477413,0.214914,three-month balance movement,none,0.37438,current performance status (+1.95) | credit score band (+1.54) | months delinquent in last 12 months (+1.41),high,0.000275,escalate_loss_mitigation,Twelve-month default probability is materially elevated; refer to loss mitigation.,True
LN101320,2024-08,Arcadia Capital Servicing,DQ90plus,0.98681,0.992104,0.999999,0.003945,0.004358,Default,0.580136,0.270296,month-over-month balance movement,none,0.448446,current performance status (+1.88) | credit score band (+1.31) | days past due (+0.88),high,0.003041,escalate_loss_mitigation,Twelve-month default probability is materially elevated; refer to loss mitigation.,True
LN101326,2022-11,Belmont Loan Services,DQ90plus,0.989595,0.991341,0.999999,0.03006,0.005462,Default,0.522958,0.273863,three-month balance movement,none,0.818613,current performance status (+2.21) | months delinquent in last 12 months (+1.40) | credit score band (+1.05),high,0.000107,escalate_loss_mitigation,Twelve-month default probability is materially elevated; refer to loss mitigation.,True
LN101330,2022-04,Belmont Loan Services,DQ90plus,0.985666,0.986526,0.999999,0.003945,0.80701,DQ90plus,0.513119,1.0,balance required repair,unexpected_balance_movement,0.70905,current performance status (+2.40) | months delinquent in last 12 months (+1.97) | days past due (+1.07),high,0.000152,raise_exception_for_review,Operational exception is more likely than not; route to the data-quality queue.,True
LN101335,2025-07,Arcadia Capital Servicing,DQ90plus,0.984727,0.989865,0.999999,0.03006,0.004034,DQ90plus,0.617641,0.253521,three-month balance movement,none,0.664139,current performance status (+2.63) | months delinquent in last 12 months (+1.47) | days past due (+1.12),high,0.000268,escalate_loss_mitigation,Twelve-month default probability is materially elevated; refer to loss mitigation.,True
LN101075,2022-07,Arcadia Capital Servicing,DQ90plus,0.989042,0.993148,0.999999,0.010363,0.005462,DQ90plus,0.686492,0.338476,month-over-month change in days past due,none,0.829659,current performance status (+2.47) | months delinquent in last 12 months (+1.20) | days past due (+0.97),high,0.000645,escalate_loss_mitigation,Twelve-month default probability is materially elevated; refer to loss mitigation.,True
LN100844,2020-09,Pioneer Mortgage Ops,DQ90plus,0.986354,0.992136,0.999999,0.003945,0.009223,DQ90plus,0.491689,0.599274,month-over-month change in days past due,none,0.934344,current performance status (+2.12) | months delinquent in last 12 months (+1.39) | days past due (+1.07),high,9.9e-05,escalate_loss_mitigation,Twelve-month default probability is materially elevated; refer to loss mitigation.,True
LN100849,2020-10,Pioneer Mortgage Ops,DQ90plus,0.989756,0.992619,0.999999,0.010363,0.00787,DQ90plus,0.567398,0.346538,three-month balance movement,none,0.842548,current performance status (+2.26) | months delinquent in last 12 months (+1.41) | credit score band (+1.24),high,0.000207,escalate_loss_mitigation,Twelve-month default probability is materially elevated; refer to loss mitigation.,True
LN100851,2022-12,Belmont Loan Services,DQ90plus,0.988162,0.992048,0.999999,1e-06,0.008589,Default,0.691963,0.312143,three-month balance movement,none,0.893442,current performance status (+2.01) | credit score band (+1.47) | months delinquent in last 12 months (+1.22),high,0.000291,escalate_loss_mitigation,Twelve-month default probability is materially elevated; refer to loss mitigation.,True
LN100855,2020-05,Northgate Servicing,DQ90plus,0.988205,0.986456,0.999999,0.003945,0.004467,Default,0.48139,0.377133,scheduled payment relative to balance,none,0.429468,current performance status (+1.62) | credit score band (+1.54) | months delinquent in last 12 months (+0.99),high,0.000461,escalate_loss_mitigation,Twelve-month default probability is materially elevated; refer to loss mitigation.,True
LN100830,2019-07,Kestrel Financial,DQ90plus,0.991209,0.993742,0.999999,0.003945,0.014119,Default,0.541786,0.281592,month-over-month balance movement,none,0.303482,current performance status (+2.24) | months delinquent in last 12 months (+1.22) | days past due (+1.07),high,0.000127,escalate_loss_mitigation,Twelve-month default probability is materially elevated; refer to loss mitigation.,True
LN100239,2020-12,Arcadia Capital Servicing,DQ90plus,0.985537,0.989436,0.999999,0.010363,0.005756,DQ90plus,0.684781,0.178887,three-month balance movement,none,0.279673,current performance status (+2.18) | months delinquent in last 12 months (+1.27) | state (+1.08),high,0.000397,escalate_loss_mitigation,Twelve-month default probability is materially elevated; refer to loss mitigation.,True
LN100246,2022-12,Northgate Servicing,DQ90plus,0.990998,0.994558,0.999999,1e-06,0.004183,DQ90plus,0.727961,0.635986,three-month balance movement,none,0.329578,current performance status (+2.31) | months delinquent in last 12 months (+1.96) | days past due (+1.19),high,0.000214,escalate_loss_mitigation,Twelve-month default probability is materially elevated; refer to loss mitigation.,True
LN100766,2025-12,Arcadia Capital Servicing,DQ90plus,0.987685,0.987342,0.999999,0.003945,0.004048,DQ90plus,0.561289,0.22461,three-month balance movement,none,0.300333,current performance status (+2.02) | months delinquent in last 12 months (+1.39) | days past due (+1.04),high,0.000992,escalate_loss_mitigation,Twelve-month default probability is materially elevated; refer to loss mitigation.,True
LN100767,2026-06,Northgate Servicing,DQ90plus,0.98754,0.992258,0.999999,0.003945,0.878106,DQ90plus,0.622193,0.592859,days past due against reported status,status_dpd_mismatch,0.581647,current performance status (+2.37) | months delinquent in last 12 months (+1.37) | days past due (+1.25),high,0.002576,raise_exception_for_review,Operational exception is more likely than not; route to the data-quality queue.,True
LN100771,2020-10,Northgate Servicing,DQ90plus,0.989404,0.994316,0.999999,0.003945,0.004593,Default,0.639003,0.189458,month-over-month balance movement,none,0.407064,current performance status (+2.00) | credit score band (+1.46) | months delinquent in last 12 months (+1.21),high,0.000251,escalate_loss_mitigation,Twelve-month default probability is materially elevated; refer to loss mitigation.,True
LN100774,2025-08,Northgate Servicing,DQ90plus,0.983311,0.983043,0.999999,0.03006,0.004495,DQ90plus,0.795054,0.275669,scheduled payment relative to balance,none,0.245231,current performance status (+2.63) | months delinquent in last 12 months (+1.59) | days past due (+1.12),high,0.001376,escalate_loss_mitigation,Twelve-month default probability is materially elevated; refer to loss mitigation.,True
LN100746,2023-06,Pioneer Mortgage Ops,DQ90plus,0.990528,0.992838,0.999999,0.023684,0.004085,DQ90plus,0.48936,0.205775,month-over-month balance movement,none,0.513681,current performance status (+2.13) | months delinquent in last 12 months (+1.15) | days past due (+0.95),high,0.000557,escalate_loss_mitigation,Twelve-month default probability is materially elevated; refer to loss mitigation.,True
LN100747,2020-09,Belmont Loan Services,DQ90plus,0.990779,0.992027,0.999999,0.003945,0.004366,DQ90plus,0.585175,0.42943,balance against expected amortisation for term elapsed,none,0.517672,current performance status (+1.99) | months delinquent in last 12 months (+1.37) | credit score band (+1.02),high,0.000153,escalate_loss_mitigation,Twelve-month default probability is materially elevated; refer to loss mitigation.,True
LN100751,2026-06,Belmont Loan Services,DQ90plus,0.987412,0.986462,0.999999,0.03006,0.005909,DQ90plus,0.493721,0.382992,scheduled payment relative to balance,none,0.669619,current performance status (+2.21) | months delinquent in last 12 months (+1.22) | days past due (+1.07),high,0.002137,escalate_loss_mitigation,Twelve-month default probability is materially elevated; refer to loss mitigation.,True
LN100307,2025-02,Kestrel Financial,DQ90plus,0.988954,0.990423,0.999999,0.03352,0.00395,Default,0.602606,0.380693,month-over-month balance movement,none,0.307161,current performance status (+1.96) | months delinquent in last 12 months (+1.51) | credit score band (+1.14),high,0.000273,escalate_loss_mitigation,Twelve-month default probability is materially elevated; refer to loss mitigation.,True
LN100310,2019-12,Belmont Loan Services,DQ90plus,0.990179,0.994119,0.999999,0.003945,0.004781,Default,0.568912,0.251567,month-over-month balance movement,none,0.759634,current performance status (+2.19) | months delinquent in last 12 months (+1.27) | days past due (+1.03),high,0.000125,escalate_loss_mitigation,Twelve-month default probability is materially elevated; refer to loss mitigation.,True
LN100280,2020-05,Belmont Loan Services,DQ90plus,0.990387,0.993538,0.999999,0.03006,0.00626,Default,0.675114,0.32502,month-over-month balance movement,none,0.848133,current performance status (+1.97) | months delinquent in last 12 months (+1.24) | credit score band (+1.16),high,0.000184,escalate_loss_mitigation,Twelve-month default probability is materially elevated; refer to loss mitigation.,True
LN101357,2026-06,Northgate Servicing,DQ60,0.986865,0.990787,0.999999,0.023684,0.00399,DQ90plus,0.55044,0.256119,month-over-month balance movement,none,0.39353,current performance status (+2.31) | months delinquent in last 12 months (+1.58) | days past due (+1.08),high,0.002952,escalate_loss_mitigation,Twelve-month default probability is materially elevated; refer to loss mitigation.,True
LN101363,2026-02,Northgate Servicing,DQ90plus,0.980427,0.985436,0.999999,0.03006,0.004255,DQ90plus,0.503001,0.290871,three-month balance movement,none,0.282738,current performance status (+2.67) | months delinquent in last 12 months (+1.57) | days past due (+1.09),high,0.000277,escalate_loss_mitigation,Twelve-month default probability is materially elevated; refer to loss mitigation.,True
LN101367,2024-03,Belmont Loan Services,DQ90plus,0.982155,0.989648,0.999999,0.003945,0.005426,DQ90plus,0.544904,0.297005,month-over-month balance movement,none,0.294155,current performance status (+1.95) | credit score band (+1.46) | days past due (+0.96),high,0.001385,escalate_loss_mitigation,Twelve-month default probability is materially elevated; refer to loss mitigation.,True
LN100234,2019-10,Pioneer Mortgage Ops,DQ90plus,0.990287,0.996145,0.999999,0.023684,0.006209,Default,0.546317,0.306746,month-over-month balance movement,none,0.556925,current performance status (+2.11) | months delinquent in last 12 months (+1.35) | days past due (+1.07),high,0.000126,escalate_loss_mitigation,Twelve-month default probability is materially elevated; refer to loss mitigation.,True
LN100833,2021-01,Northgate Servicing,DQ90plus,0.989038,0.994083,0.999999,0.03006,0.754676,DQ90plus,0.494442,0.414543,month-over-month balance movement,missing_documentation,0.995834,current performance status (+2.13) | months delinquent in last 12 months (+1.23) | credit score band (+1.01),high,0.000156,raise_exception_for_review,Operational exception is more likely than not; route to the data-quality queue.,True
LN100839,2022-01,Northgate Servicing,DQ90plus,0.986505,0.990431,0.999999,0.023684,0.00423,DQ90plus,0.53608,0.273222,three-month balance movement,none,0.755722,current performance status (+2.22) | months delinquent in last 12 months (+1.30) | days past due (+0.89),high,0.000372,escalate_loss_mitigation,Twelve-month default probability is materially elevated; refer to loss mitigation.,True
LN101066,2023-05,Northgate Servicing,DQ90plus,0.986699,0.987986,0.999999,0.003945,0.00436,DQ90plus,0.802489,0.254678,three-month balance movement,none,0.313419,current performance status (+2.78) | months delinquent in last 12 months (+2.07) | days past due (+1.36),high,0.001693,escalate_loss_mitigation,Twelve-month default probability is materially elevated; refer to loss mitigation.,True
LN101069,2024-12,Arcadia Capital Servicing,DQ90plus,0.989443,0.991166,0.999999,0.023684,0.004464,DQ90plus,0.569199,0.370481,scheduled payment relative to balance,none,0.362642,current performance status (+2.06) | months delinquent in last 12 months (+1.72) | days past due (+1.08),high,0.000913,escalate_loss_mitigation,Twelve-month default probability is materially elevated; refer to loss mitigation.,True
LN100778,2025-07,Kestrel Financial,DQ90plus,0.989435,0.989254,0.999999,0.03006,0.004708,DQ90plus,0.564445,0.266315,three-month balance movement,none,0.387776,current performance status (+2.31) | months delinquent in last 12 months (+1.31) | days past due (+1.29),high,0.000265,escalate_loss_mitigation,Twelve-month default probability is materially elevated; refer to loss mitigation.,True
LN100781,2020-08,Arcadia Capital Servicing,DQ90plus,0.99025,0.9947,0.999999,0.003945,0.004244,DQ90plus,0.521719,0.257471,three-month balance movement,none,0.398338,current performance status (+2.16) | months delinquent in last 12 months (+1.31) | days past due (+1.06),high,0.000174,escalate_loss_mitigation,Twelve-month default probability is materially elevated; refer to loss mitigation.,True
LN100784,2025-11,Belmont Loan Services,DQ90plus,0.98613,0.991193,0.999999,0.03006,0.008189,DQ90plus,0.656995,0.360604,three-month balance movement,none,0.747691,current performance status (+2.13) | months delinquent in last 12 months (+1.02) | days past due (+0.93),high,0.001211,escalate_loss_mitigation,Twelve-month default probability is materially elevated; refer to loss mitigation.,True
LN100786,2026-06,Northgate Servicing,DQ90plus,0.984139,0.985967,0.999999,0.010363,0.004558,DQ90plus,0.764027,0.546343,scheduled payment relative to balance,none,0.714723,current performance status (+2.22) | months delinquent in last 12 months (+1.49) | days past due (+1.18),high,0.001202,escalate_loss_mitigation,Twelve-month default probability is materially elevated; refer to loss mitigation.,True
LN100251,2026-02,Belmont Loan Services,DQ90plus,0.988665,0.993667,0.999999,0.023684,0.043124,DQ90plus,0.594046,0.316456,month-over-month balance movement,none,0.580693,current performance status (+2.23) | months delinquent in last 12 months (+1.32) | days past due (+1.21),high,0.001684,escalate_loss_mitigation,Twelve-month default probability is materially elevated; refer to loss mitigation.,True
LN100255,2021-01,Northgate Servicing,DQ90plus,0.991229,0.994454,0.999999,0.003945,0.004898,DQ90plus,0.523302,0.327396,month-over-month balance movement,none,0.360689,current performance status (+1.84) | credit score band (+1.39) | months delinquent in last 12 months (+1.14),high,0.000528,escalate_loss_mitigation,Twelve-month default probability is materially elevated; refer to loss mitigation.,True
LN100260,2025-01,Kestrel Financial,DQ90plus,0.987833,0.993134,0.999999,0.03006,0.861301,DQ90plus,0.729222,1.0,loan age required repair,invalid_date_relationship,0.987211,current performance status (+2.42) | months delinquent in last 12 months (+1.33) | days past due (+1.19),high,0.001694,raise_exception_for_review,Operational exception is more likely than not; route to the data-quality queue.,True
LN100262,2024-12,Pioneer Mortgage Ops,DQ90plus,0.986504,0.992874,0.999999,0.023684,0.003561,DQ90plus,0.466774,0.486776,month-over-month balance movement,none,0.319676,current performance status (+2.21) | months delinquent in last 12 months (+1.41) | days past due (+1.19),high,0.000694,escalate_loss_mitigation,Twelve-month default probability is materially elevated; refer to loss mitigation.,True
LN100263,2024-02,Belmont Loan Services,DQ90plus,0.989057,0.988514,0.999999,1e-06,0.005027,Default,0.492261,0.293097,three-month balance movement,none,0.67936,current performance status (+1.89) | months delinquent in last 12 months (+1.31) | days past due (+0.96),high,0.00242,escalate_loss_mitigation,Twelve-month default probability is materially elevated; refer to loss mitigation.,True
LN100812,2024-06,Belmont Loan Services,DQ90plus,0.985182,0.990634,0.999999,0.03006,0.857154,Default,0.527338,0.37131,month-over-month balance movement,balance_reconciliation_break,0.997214,current performance status (+2.35) | months delinquent in last 12 months (+1.06) | days past due (+1.02),high,0.001017,raise_exception_for_review,Operational exception is more likely than not; route to the data-quality queue.,True
LN100817,2026-06,Arcadia Capital Servicing,DQ90plus,0.984876,0.98779,0.999999,0.010363,0.00399,DQ90plus,0.633516,0.366287,scheduled payment relative to balance,none,0.389895,current performance status (+2.34) | months delinquent in last 12 months (+1.38) | days past due (+1.26),high,0.002034,escalate_loss_mitigation,Twelve-month default probability is materially elevated; refer to loss mitigation.,True
LN100819,2024-06,Northgate Servicing,DQ90plus,0.986335,0.991925,0.999999,0.023684,0.004345,Default,0.562318,0.267672,three-month balance movement,none,0.395646,current performance status (+2.17) | months delinquent in last 12 months (+1.41) | credit score band (+1.28),high,0.00029,escalate_loss_mitigation,Twelve-month default probability is materially elevated; refer to loss mitigation.,True
LN100292,2021-04,Belmont Loan Services,DQ90plus,0.988805,0.994439,0.999999,0.023684,0.004575,DQ90plus,0.774714,0.342991,three-month balance movement,none,0.347016,current performance status (+2.59) | months delinquent in last 12 months (+2.06) | days past due (+1.25),high,0.000532,escalate_loss_mitigation,Twelve-month default probability is materially elevated; refer to loss mitigation.,True
LN100295,2024-05,Belmont Loan Services,DQ90plus,0.989003,0.993464,0.999999,0.023684,0.004582,DQ90plus,0.51997,0.354528,servicer reporting lag,none,0.375934,current performance status (+2.38) | months delinquent in last 12 months (+1.10) | days past due (+1.03),high,0.0007,escalate_loss_mitigation,Twelve-month default probability is materially elevated; refer to loss mitigation.,True
LN101340,2020-06,Arcadia Capital Servicing,DQ90plus,0.989173,0.993156,0.999999,0.003945,0.004238,DQ90plus,0.488,0.497667,month-over-month balance movement,none,0.575434,current performance status (+2.10) | months delinquent in last 12 months (+1.23) | days past due (+1.13),high,0.000255,escalate_loss_mitigation,Twelve-month default probability is materially elevated; refer to loss mitigation.,True
LN101342,2026-06,Belmont Loan Services,DQ30,0.938427,0.949193,0.999999,0.12069,0.752333,DQ30,0.576411,0.712926,document file incomplete,missing_documentation,0.991094,current performance status (+1.76) | months delinquent in last 12 months (+1.47) | credit score band (+1.15),high,0.001584,raise_exception_for_review,Operational exception is more likely than not; route to the data-quality queue.,True
LN101348,2026-06,Belmont Loan Services,DQ90plus,0.988731,0.991533,0.999999,0.03006,0.004664,DQ90plus,0.832334,0.301771,three-month balance movement,none,0.367582,current performance status (+2.67) | months delinquent in last 12 months (+1.90) | days past due (+1.34),high,0.002317,escalate_loss_mitigation,Twelve-month default probability is materially elevated; refer to loss mitigation.,True
LN100805,2019-10,Northgate Servicing,DQ90plus,0.991388,0.99187,0.999999,0.003945,0.004917,DQ90plus,0.656083,0.37811,three-month balance movement,none,0.785248,current performance status (+2.64) | months delinquent in last 12 months (+1.33) | days past due (+0.98),high,0.000182,escalate_loss_mitigation,Twelve-month default probability is materially elevated; refer to loss mitigation.,True
LN100016,2020-09,Arcadia Capital Servicing,DQ90plus,0.989134,0.994356,0.999999,0.023684,0.759186,DQ90plus,0.504734,0.498552,month-over-month change in days past due,missing_documentation,0.998651,current performance status (+2.11) | months delinquent in last 12 months (+1.30) | credit score band (+1.10),high,0.000155,raise_exception_for_review,Operational exception is more likely than not; route to the data-quality queue.,True
LN100017,2025-04,Kestrel Financial,DQ90plus,0.990349,0.991222,0.999999,0.010363,0.004337,DQ90plus,0.640512,0.449099,three-month balance movement,none,0.364628,current performance status (+2.29) | months delinquent in last 12 months (+1.31) | days past due (+1.17),high,0.00248,escalate_loss_mitigation,Twelve-month default probability is materially elevated; refer to loss mitigation.,True
LN100018,2024-07,Northgate Servicing,DQ90plus,0.990307,0.988325,0.999999,0.03006,0.003957,DQ90plus,0.517358,0.279806,three-month balance movement,none,0.403715,current performance status (+2.56) | months delinquent in last 12 months (+1.35) | days past due (+1.00),high,0.003208,escalate_loss_mitigation,Twelve-month default probability is materially elevated; refer to loss mitigation.,True
LN100001,2021-07,Belmont Loan Services,DQ90plus,0.988417,0.991695,0.999999,0.003945,0.004532,DQ90plus,0.707028,0.274138,three-month balance movement,none,0.298744,current performance status (+2.52) | months delinquent in last 12 months (+2.07) | days past due (+1.16),high,0.000303,escalate_loss_mitigation,Twelve-month default probability is materially elevated; refer to loss mitigation.,True
LN101199,2025-07,Pioneer Mortgage Ops,DQ90plus,0.990291,0.990731,0.999999,0.003945,0.010323,DQ90plus,0.671758,0.340374,three-month balance movement,none,0.38509,current performance status (+2.41) | months delinquent in last 12 months (+1.78) | days past due (+1.01),high,0.004407,escalate_loss_mitigation,Twelve-month default probability is materially elevated; refer to loss mitigation.,True
LN101200,2026-01,Belmont Loan Services,DQ90plus,0.986654,0.987708,0.999999,0.023684,0.004462,Default,0.458752,0.31296,three-month balance movement,none,0.558158,current performance status (+2.13) | months delinquent in last 12 months (+1.72) | days past due (+1.08),high,0.00081,escalate_loss_mitigation,Twelve-month default probability is materially elevated; refer to loss mitigation.,True
LN101203,2024-08,Arcadia Capital Servicing,DQ90plus,0.990301,0.993003,0.999999,0.010363,0.004816,DQ90plus,0.556125,0.341199,three-month balance movement,none,0.519753,current performance status (+2.64) | months delinquent in last 12 months (+1.34) | days past due (+1.01),high,0.001625,escalate_loss_mitigation,Twelve-month default probability is materially elevated; refer to loss mitigation.,True
LN100033,2021-02,Belmont Loan Services,DQ90plus,0.984143,0.992153,0.999999,0.03006,0.004703,DQ90plus,0.74994,0.406456,three-month balance movement,none,0.34155,current performance status (+2.50) | months delinquent in last 12 months (+2.08) | days past due (+1.09),high,0.000516,escalate_loss_mitigation,Twelve-month default probability is materially elevated; refer to loss mitigation.,True
LN101491,2025-10,Belmont Loan Services,DQ90plus,0.988602,0.992665,0.999999,0.023684,0.004361,DQ90plus,0.685999,0.265769,three-month balance movement,none,0.327008,current performance status (+2.21) | months delinquent in last 12 months (+1.25) | days past due (+1.03),high,0.001869,escalate_loss_mitigation,Twelve-month default probability is materially elevated; refer to loss mitigation.,True
LN101492,2024-05,Northgate Servicing,DQ90plus,0.987505,0.993482,0.999999,0.003945,0.004468,Default,0.549843,0.236134,three-month balance movement,none,0.381127,current performance status (+2.01) | days past due (+1.11) | months delinquent in last 12 months (+0.94),high,0.002042,escalate_loss_mitigation,Twelve-month default probability is materially elevated; refer to loss mitigation.,True
LN100988,2025-11,Northgate Servicing,DQ90plus,0.983872,0.990136,0.999999,0.12069,0.004795,DQ90plus,0.659541,0.499913,scheduled payment relative to balance,none,0.579467,current performance status (+2.01) | months delinquent in last 12 months (+1.39) | days past due (+1.03),high,0.000213,escalate_loss_mitigation,Twelve-month default probability is materially elevated; refer to loss mitigation.,True
LN100990,2020-07,Pioneer Mortgage Ops,DQ90plus,0.989069,0.992907,0.999999,0.003945,0.005464,DQ90plus,0.5294,0.341759,three-month balance movement,none,0.681958,current performance status (+2.59) | months delinquent in last 12 months (+1.84) | days past due (+1.16),high,0.000793,escalate_loss_mitigation,Twelve-month default probability is materially elevated; refer to loss mitigation.,True
LN100994,2023-09,Arcadia Capital Servicing,DQ90plus,0.987506,0.994313,0.999999,0.03006,0.05567,Default,0.538,0.47086,three-month balance movement,none,0.855787,current performance status (+2.18) | months delinquent in last 12 months (+1.19) | days past due (+1.02),high,0.000337,escalate_loss_mitigation,Twelve-month default probability is materially elevated; refer to loss mitigation.,True
LN101468,2026-06,Pioneer Mortgage Ops,DQ60,0.979103,0.974576,0.741331,0.023684,0.004451,DQ60,0.552698,0.873775,scheduled payment relative to balance,none,0.477552,current performance status (+2.31) | months delinquent in last 12 months (+1.39) | days past due (+1.13),low,0.00688,escalate_loss_mitigation,Twelve-month default probability is materially elevated; refer to loss mitigation.,True
LN100985,2025-01,Pioneer Mortgage Ops,Current,0.070293,0.221881,0.689655,0.145631,0.003976,Current,0.85581,0.100687,scheduled payment relative to balance,none,0.353723,credit score band (+1.61) | debt-to-income band (+1.14) | note rate (+0.89),low,0.00636,escalate_loss_mitigation,Twelve-month default probability is materially elevated; refer to loss mitigation.,True
LN101195,2026-06,Kestrel Financial,DQ90plus,0.98257,0.982974,0.689655,0.003945,0.005344,DQ90plus,0.796557,0.367191,servicer reporting lag,none,0.325702,current performance status (+2.21) | months delinquent in last 12 months (+1.05) | state (-0.85),low,0.008555,escalate_loss_mitigation,Twelve-month default probability is materially elevated; refer to loss mitigation.,True
LN100350,2026-04,Belmont Loan Services,Current,0.132769,0.309258,0.689655,0.03006,0.003908,Current,0.950386,0.124184,count of missing credit fields,none,0.808543,credit score band (+1.53) | note rate (+1.27) | loan-to-value band (+0.84),low,0.018615,escalate_loss_mitigation,Twelve-month default probability is materially elevated; refer to loss mitigation.,True
LN101103,2025-02,Pioneer Mortgage Ops,Current,0.066224,0.126011,0.689655,0.03006,0.004343,Current,0.924366,0.136573,scheduled payment relative to balance,none,0.685497,credit score band (+1.70) | note rate (+1.24) | debt-to-income band (+0.92),low,0.008074,escalate_loss_mitigation,Twelve-month default probability is materially elevated; refer to loss mitigation.,True
LN100203,2025-01,Pioneer Mortgage Ops,DQ90plus,0.986948,0.989173,0.689655,0.023684,0.004006,DQ90plus,0.592457,0.174084,month-over-month balance movement,none,0.352779,current performance status (+2.21) | months delinquent in last 12 months (+1.15) | days past due (+1.15),low,0.009061,escalate_loss_mitigation,Twelve-month default probability is materially elevated; refer to loss mitigation.,True
LN101109,2026-06,Belmont Loan Services,Current,0.315059,0.734099,0.689655,0.03006,0.003961,Current,0.95349,0.057066,three-month balance movement,none,0.895901,credit score band (+2.39) | credit score band (+0.90) | note rate (+0.87),low,0.004204,escalate_loss_mitigation,Twelve-month default probability is materially elevated; refer to loss mitigation.,True
LN100324,2026-06,Northgate Servicing,DQ30,0.857733,0.785182,0.689655,0.03006,0.00399,DQ30,0.511289,0.156818,month-over-month change in days past due,none,0.319589,current performance status (+1.66) | credit score band (+1.02) | current balance (-0.63),low,0.006273,escalate_loss_mitigation,Twelve-month default probability is materially elevated; refer to loss mitigation.,True
LN100342,2026-06,Northgate Servicing,Current,0.252513,0.546237,0.689655,0.03006,0.703807,Current,0.970264,0.8724,balance required repair,unexpected_balance_movement,0.997939,credit score band (+2.71) | debt-to-income band (+0.89) | note rate (+0.89),low,0.012315,raise_exception_for_review,Operational exception is more likely than not; route to the data-quality queue.,True
LN100625,2025-07,Pioneer Mortgage Ops,DQ90plus,0.990555,0.993744,0.357143,0.003945,0.004361,DQ90plus,0.876404,0.314604,three-month balance movement,none,0.427391,current performance status (+2.63) | months delinquent in last 12 months (+1.94) | days past due (+1.13),low,0.006919,escalate_loss_mitigation,Twelve-month default probability is materially elevated; refer to loss mitigation.,True
LN101054,2026-06,Belmont Loan Services,DQ30,0.916489,0.85908,0.357143,0.03006,0.005426,DQ60,0.544495,0.252507,count of missing credit fields,none,0.437581,current performance status (+2.05) | months delinquent in last 12 months (+1.17) | credit score band (-1.06),low,0.008458,escalate_loss_mitigation,Twelve-month default probability is materially elevated; refer to loss mitigation.,True
LN101020,2026-06,Arcadia Capital Servicing,Current,0.153911,0.276318,0.357143,0.03006,0.004492,Current,0.943157,0.075416,scheduled payment relative to balance,none,0.619664,credit score band (+1.84) | note rate (+1.12) | balance change 1m (+0.65),low,0.008069,escalate_loss_mitigation,Twelve-month default probability is materially elevated; refer to loss mitigation.,True
LN100125,2026-02,Belmont Loan Services,Current,0.16083,0.439443,0.357143,0.4375,0.004512,Current,0.945992,0.125997,scheduled payment relative to balance,none,0.353214,credit score band (+1.97) | debt-to-income band (+1.02) | note rate (+0.96),low,0.00648,escalate_loss_mitigation,Twelve-month default probability is materially elevated; refer to loss mitigation.,True
LN101400,2026-06,Northgate Servicing,Current,0.126765,0.395126,0.357143,0.03006,0.726393,Current,0.973179,0.245447,document file incomplete,missing_documentation,0.996163,credit score band (+2.05) | note rate (+0.89) | credit score band (+0.71),low,0.01079,raise_exception_for_review,Operational exception is more likely than not; route to the data-quality queue.,True
LN100349,2020-06,Arcadia Capital Servicing,DQ90plus,0.985764,0.944716,0.357143,0.999999,0.008192,DQ90plus,0.631556,0.756548,balance against expected amortisation for term elapsed,none,0.782001,current performance status (+1.97) | credit score band (+1.19) | days past due (+0.92),low,0.034779,escalate_loss_mitigation,Twelve-month default probability is materially elevated; refer to loss mitigation.,True
LN100809,2026-06,Belmont Loan Services,Current,0.136206,0.220172,0.210526,0.03006,0.004438,Current,0.955974,0.112782,scheduled payment relative to balance,none,0.69737,credit score band (+1.78) | debt-to-income band (+0.90) | note rate (+0.84),medium,0.006202,monitor_no_action,All model scores below action thresholds.,True
LN100595,2026-06,Arcadia Capital Servicing,DQ60,0.981405,0.972312,0.210526,0.03006,0.004038,DQ90plus,0.666346,0.812299,three-month balance movement,none,0.505261,current performance status (+2.43) | months delinquent in last 12 months (+1.41) | days past due (+1.25),low,0.014331,early_stage_collections_outreach,Near-term delinquency risk is elevated; contact before the loan rolls.,True
LN100128,2025-07,Belmont Loan Services,Current,0.136665,0.542383,0.210526,0.12069,0.01082,Current,0.980822,0.131475,count of missing credit fields,none,0.678478,credit score band (+1.73) | note rate (+0.98) | state (-0.63),medium,0.004766,watchlist_monitor,Medium-term delinquency risk is elevated; add to watchlist.,True
LN100363,2026-06,Kestrel Financial,Current,0.123809,0.222519,0.210526,0.185185,0.005182,Current,0.937936,0.147977,scheduled payment relative to balance,none,0.30344,debt-to-income band (+0.89) | credit score band (+0.80) | note rate (+0.79),medium,0.005396,monitor_no_action,All model scores below action thresholds.,True
LN100722,2022-03,Kestrel Financial,DQ90plus,0.986588,0.962913,0.210526,0.999999,0.004029,DQ90plus,0.591287,0.227702,three-month balance movement,none,0.423115,current performance status (+2.30) | months delinquent in last 12 months (+1.22) | days past due (+1.11),low,0.014019,early_stage_collections_outreach,Near-term delinquency risk is elevated; contact before the loan rolls.,True
LN100647,2026-06,Pioneer Mortgage Ops,Current,0.186999,0.370773,0.210526,0.4375,0.004961,Current,0.934076,0.06161,three-month balance movement,none,0.564005,credit score band (+1.77) | note rate (+1.02) | debt-to-income band (+0.96),medium,0.006179,watchlist_monitor,Medium-term delinquency risk is elevated; add to watchlist.,True
LN101369,2026-06,Belmont Loan Services,Current,0.053026,0.150083,0.210526,0.934783,0.004518,Current,0.918327,0.091403,scheduled payment relative to balance,none,0.298574,note rate (+0.71) | credit score band (+0.59) | months delinquent in last 12 months (+0.53),low,0.014765,retention_review,Prepayment risk is elevated; refer for retention pricing review.,True
LN101464,2025-07,Belmont Loan Services,Current,0.102368,0.388281,0.210526,0.235294,0.004034,Current,0.94841,0.075341,three-month balance movement,none,0.675193,debt-to-income band (+0.88) | note rate (+0.83) | credit score band (+0.82),medium,0.008261,watchlist_monitor,Medium-term delinquency risk is elevated; add to watchlist.,True
LN101153,2025-02,Arcadia Capital Servicing,Current,0.208797,0.524301,0.210526,0.03006,0.759876,Current,0.841103,0.514665,document file incomplete,missing_documentation,0.978703,credit score band (+1.88) | loan age (+0.47) | months delinquent in last 12 months (+0.44),medium,0.010253,raise_exception_for_review,Operational exception is more likely than not; route to the data-quality queue.,True
LN100919,2026-06,Northgate Servicing,DQ60,0.984079,0.97712,0.210526,0.023684,0.004302,DQ90plus,0.499492,0.209172,month-over-month change in days past due,none,0.390508,current performance status (+2.31) | days past due (+1.06) | months delinquent in last 12 months (+1.03),medium,0.008114,early_stage_collections_outreach,Near-term delinquency risk is elevated; contact before the loan rolls.,True
LN100206,2026-06,Northgate Servicing,Current,0.172766,0.294439,0.210526,0.03006,0.698967,Current,0.964381,0.749222,servicer feed balance gap,balance_reconciliation_break,0.91162,credit score band (+1.37) | note rate (+0.89) | credit score band (+0.72),medium,0.007115,raise_exception_for_review,Operational exception is more likely than not; route to the data-quality queue.,True
LN101378,2025-10,Belmont Loan Services,Current,0.259847,0.435568,0.210526,0.235294,0.004462,Current,0.949205,0.078169,scheduled payment relative to balance,none,0.373687,credit score band (+1.62) | note rate (+0.88) | debt-to-income band (+0.51),medium,0.011147,watchlist_monitor,Medium-term delinquency risk is elevated; add to watchlist.,True
LN100941,2026-06,Belmont Loan Services,Current,0.198539,0.267779,0.210526,0.03352,0.003937,Current,0.94756,0.124185,count of missing credit fields,none,0.363964,credit score band (+1.38) | debt-to-income band (+0.79) | credit score band (+0.63),medium,0.010707,watchlist_monitor,Medium-term delinquency risk is elevated; add to watchlist.,True
LN100288,2026-06,Belmont Loan Services,DQ60,0.978053,0.968396,0.210526,0.003945,0.004681,DQ90plus,0.706448,0.290666,servicer reporting lag,none,0.612974,current performance status (+2.20) | days past due (+0.93) | months delinquent in last 12 months (+0.92),low,0.016534,early_stage_collections_outreach,Near-term delinquency risk is elevated; contact before the loan rolls.,True
LN101186,2026-06,Arcadia Capital Servicing,DQ30,0.900724,0.855184,0.210526,0.003945,0.003988,DQ30,0.52178,0.33268,record arrived by manual upload,none,0.670748,current performance status (+1.49) | credit score band (+1.40) | current status (+0.61),medium,0.009462,early_stage_collections_outreach,Near-term delinquency risk is elevated; contact before the loan rolls.,True
LN101473,2026-06,Pioneer Mortgage Ops,Current,0.059904,0.124674,0.166667,0.145631,0.767832,Current,0.986336,0.880208,count of missing credit fields,missing_documentation,0.998726,credit score band (+1.69) | note rate (+0.70) | debt-to-income band (+0.51),medium,0.003238,raise_exception_for_review,Operational exception is more likely than not; route to the data-quality queue.,True
LN100987,2026-06,Arcadia Capital Servicing,Current,0.032144,0.036937,0.060533,0.222222,0.004505,Current,0.961185,0.121029,scheduled payment relative to balance,none,0.533022,credit score band (+1.26) | note rate (+0.87) | scheduled payment relative to balance (+0.65),high,0.008612,monitor_no_action,All model scores below action thresholds.,True
LN101489,2025-10,Northgate Servicing,Current,0.048771,0.026195,0.060533,0.145631,0.005793,Current,0.950076,0.076935,count of missing credit fields,none,0.233763,credit score band (+1.39) | note rate (+0.90) | unemployment rate (+0.63),high,0.002211,monitor_no_action,All model scores below action thresholds.,True
LN101338,2026-06,Arcadia Capital Servicing,Current,0.044007,0.062076,0.060533,0.03352,0.004998,Current,0.970917,0.061216,scheduled payment relative to balance,none,0.492791,credit score band (+1.04) | note rate (+0.77) | scheduled payment relative to balance (+0.51),high,0.000921,monitor_no_action,All model scores below action thresholds.,True
LN101089,2019-05,Kestrel Financial,Current,0.073453,0.044919,0.060533,0.999999,0.005947,Current,0.886622,0.082379,scheduled payment relative to balance,none,0.919176,credit score band (+1.98) | note rate (+0.83) | state (-0.76),high,0.006238,retention_review,Prepayment risk is elevated; refer for retention pricing review.,True
LN101083,2026-06,Arcadia Capital Servicing,Current,0.056851,0.123618,0.060533,0.03006,0.851149,Current,0.972008,0.230502,servicer feed balance gap,balance_reconciliation_break,0.998834,credit score band (+1.42) | note rate (+0.81) | credit score band (+0.55),high,0.002341,raise_exception_for_review,Operational exception is more likely than not; route to the data-quality queue.,True
LN100236,2020-01,Belmont Loan Services,Current,0.021155,0.015714,0.060533,0.999999,0.009118,Current,0.911265,0.107275,count of missing credit fields,none,0.469676,unemployment rate (+0.63) | state (+0.59) | debt-to-income band (+0.36),high,0.00121,retention_review,Prepayment risk is elevated; refer for retention pricing review.,True
LN101365,2026-01,Belmont Loan Services,Current,0.033448,0.061743,0.060533,0.999999,0.546036,Current,0.968301,0.245838,servicer reporting lag,stale_servicer_reporting,0.996332,note rate (+0.96) | debt-to-income band (+0.61) | credit score band (+0.52),high,0.002866,raise_exception_for_review,Operational exception is more likely than not; route to the data-quality queue.,True
LN101362,2025-09,Northgate Servicing,Current,0.012494,0.014687,0.060533,0.03352,0.004141,Current,0.984213,0.234374,month-over-month change in days past due,none,0.338769,credit score band (-1.07) | months delinquent in last 12 months (+1.06) | note rate (+0.78),high,0.000413,monitor_no_action,All model scores below action thresholds.,True
LN100569,2026-06,Northgate Servicing,Current,0.135898,0.161136,0.060533,0.222222,0.00399,Current,0.968569,0.064953,scheduled payment relative to balance,none,0.389581,credit score band (+1.43) | debt-to-income band (+0.97) | note rate (+0.95),high,0.004948,monitor_no_action,All model scores below action thresholds.,True
LN101208,2024-07,Northgate Servicing,Current,0.132873,0.245467,0.060533,0.145631,0.00388,Current,0.936852,0.273018,record arrived by manual upload,none,0.498054,credit score band (+1.59) | credit score band (+0.55) | note rate (+0.52),high,0.00196,monitor_no_action,All model scores below action thresholds.,True
LN100997,2026-06,Arcadia Capital Servicing,DQ30,0.813925,0.668511,0.060533,0.145631,0.004428,DQ60,0.644025,0.55834,three-month balance movement,none,0.846884,current performance status (+2.04) | current status (+0.75) | months delinquent in last 6 months (+0.73),medium,0.013429,early_stage_collections_outreach,Near-term delinquency risk is elevated; contact before the loan rolls.,True
LN100549,2025-09,Belmont Loan Services,Current,0.052652,0.120944,0.060533,0.458333,0.004404,Current,0.951763,0.113613,scheduled payment relative to balance,none,0.641882,note rate (+0.86) | credit score band (+0.56) | debt-to-income band (+0.50),high,0.001801,retention_review,Prepayment risk is elevated; refer for retention pricing review.,True
LN100043,2026-06,Belmont Loan Services,Current,0.261644,0.497313,0.060533,0.4375,0.003961,Current,0.921848,0.064843,scheduled payment relative to balance,none,0.342407,credit score band (+1.94) | note rate (+0.69) | credit score band (+0.57),high,0.004019,watchlist_monitor,Medium-term delinquency risk is elevated; add to watchlist.,True
LN100070,2019-11,Belmont Loan Services,Current,0.086063,0.289545,0.060533,0.999999,0.00452,Current,0.898807,0.141909,month-over-month balance movement,none,0.819769,credit score band (+1.85) | credit score band (+0.51) | note rate (+0.50),high,0.003274,watchlist_monitor,Medium-term delinquency risk is elevated; add to watchlist.,True
LN101216,2026-06,Kestrel Financial,Current,0.086775,0.080501,0.060533,0.010363,0.050736,Current,0.971622,0.271264,servicer reporting lag,none,0.634025,credit score band (+1.14) | loan age (+0.57) | credit score band (+0.34),high,0.002297,monitor_no_action,All model scores below action thresholds.,True
LN101214,2026-06,Pioneer Mortgage Ops,DQ30,0.883598,0.779154,0.060533,0.145631,0.003961,DQ60,0.432806,0.237363,month-over-month change in days past due,none,0.649964,current performance status (+1.92) | credit score band (+1.08) | state (-0.94),high,0.007003,early_stage_collections_outreach,Near-term delinquency risk is elevated; contact before the loan rolls.,True
LN100749,2026-06,Pioneer Mortgage Ops,Current,0.150347,0.251966,0.060533,0.6,0.003908,Current,0.958387,0.114915,count of missing credit fields,none,0.401977,credit score band (+2.25) | credit score band (+0.69) | note rate (+0.54),high,0.002352,watchlist_monitor,Medium-term delinquency risk is elevated; add to watchlist.,True
LN101223,2024-11,Belmont Loan Services,Current,0.030607,0.037018,0.060533,0.145631,0.748901,Current,0.835599,0.494413,balance required repair,unexpected_balance_movement,0.995962,credit score band (+1.52) | credit score band (+0.51) | unemployment rate (+0.40),high,0.008252,raise_exception_for_review,Operational exception is more likely than not; route to the data-quality queue.,True
LN101311,2025-11,Belmont Loan Services,Current,0.051634,0.071145,0.060533,0.03006,0.005017,Current,0.981411,0.025041,scheduled payment relative to balance,none,0.388695,credit score band (+1.22) | note rate (+0.68) | debt-to-income band (+0.38),high,0.004145,monitor_no_action,All model scores below action thresholds.,True
LN101310,2020-03,Belmont Loan Services,Current,0.040775,0.027685,0.060533,0.999999,0.007496,Current,0.917873,0.074122,count of missing credit fields,none,0.650514,credit score band (+1.39) | worst days past due in last 6 months (-0.58) | credit score band (+0.55),high,0.00203,retention_review,Prepayment risk is elevated; refer for retention pricing review.,True
LN101229,2026-06,Belmont Loan Services,Current,0.08287,0.136269,0.060533,0.653167,0.004194,Current,0.95848,0.076013,scheduled payment relative to balance,none,0.382755,credit score band (+0.71) | note rate (+0.48) | scheduled payment relative to balance (+0.41),high,0.005446,retention_review,Prepayment risk is elevated; refer for retention pricing review.,True
LN101182,2026-06,Belmont Loan Services,Current,0.024985,0.044563,0.060533,0.060606,0.004551,Current,0.981151,0.123083,count of missing credit fields,none,0.714706,note rate (+0.90) | scheduled payment relative to balance (+0.58) | balance change 1m (+0.38),high,0.00431,monitor_no_action,All model scores below action thresholds.,True
LN100621,2019-11,Belmont Loan Services,Current,0.061576,0.11947,0.060533,0.999999,0.007382,Current,0.895872,0.220567,three-month balance movement,none,0.616556,credit score band (+0.70) | balance change 3m (-0.55) | state (+0.51),high,0.00052,retention_review,Prepayment risk is elevated; refer for retention pricing review.,True
LN100592,2024-01,Northgate Servicing,Current,0.151952,0.116156,0.060533,0.222222,0.003967,Current,0.938333,0.316514,three-month balance movement,none,0.363016,credit score band (+1.49) | credit score band (+0.62) | scheduled monthly payment (+0.45),high,0.001024,monitor_no_action,All model scores below action thresholds.,True
LN100498,2024-04,Arcadia Capital Servicing,Current,0.019787,0.022581,0.060533,0.458333,0.004652,Current,0.91026,0.116366,servicer feed record present,none,0.853123,state (+0.83) | note rate (+0.73) | balance change 1m (+0.56),high,0.001597,retention_review,Prepayment risk is elevated; refer for retention pricing review.,True
LN101224,2026-06,Belmont Loan Services,Current,0.050166,0.096917,0.060533,0.03006,0.718286,Current,0.975426,0.396757,servicer feed balance gap,balance_reconciliation_break,0.998025,loan age (+0.60) | share of term elapsed (+0.50) | credit score band (+0.45),high,0.003822,raise_exception_for_review,Operational exception is more likely than not; route to the data-quality queue.,True
LN100614,2019-06,Northgate Servicing,Current,0.171501,0.06909,0.060533,0.999999,0.004521,Current,0.745593,0.046975,balance against expected amortisation for term elapsed,none,0.761486,credit score band (+2.51) | state (-1.53) | credit score band (+0.60),high,0.006164,retention_review,Prepayment risk is elevated; refer for retention pricing review.,True
LN100099,2026-06,Arcadia Capital Servicing,Current,0.129961,0.298208,0.060533,0.003945,0.004055,Current,0.966964,0.01091,balance against expected amortisation for term elapsed,none,0.857276,credit score band (+1.47) | state (+1.17) | scheduled monthly payment (-0.80),high,0.002248,watchlist_monitor,Medium-term delinquency risk is elevated; add to watchlist.,True
LN100945,2021-05,Pioneer Mortgage Ops,Current,0.192231,0.114275,0.060533,0.999999,0.004594,Current,0.819788,0.021273,three-month balance movement,none,0.624434,credit score band (+1.76) | scheduled monthly payment (-0.78) | note rate (+0.74),high,0.004957,retention_review,Prepayment risk is elevated; refer for retention pricing review.,True
LN100615,2026-06,Northgate Servicing,Current,0.200468,0.357432,0.060533,0.6,0.004194,Current,0.869414,0.094184,scheduled payment relative to balance,none,0.398116,credit score band (+1.48) | note rate (+0.64) | loan-to-value band (+0.61),high,0.001505,watchlist_monitor,Medium-term delinquency risk is elevated; add to watchlist.,True
LN100824,2019-02,Arcadia Capital Servicing,Current,0.043959,0.022622,0.060533,0.999999,0.004521,Current,0.768673,0.02261,balance against expected amortisation for term elapsed,none,0.350407,debt-to-income band (+1.01) | credit score band (+0.81) | dti band (+0.56),high,0.005102,retention_review,Prepayment risk is elevated; refer for retention pricing review.,True
LN100730,2026-06,Pioneer Mortgage Ops,Current,0.036381,0.088788,0.060533,0.03006,0.004306,Current,0.982983,0.043198,balance against expected amortisation for term elapsed,none,0.916309,credit score band (+1.30) | state (+0.71) | loan age (+0.55),high,0.001387,monitor_no_action,All model scores below action thresholds.,True
LN100312,2024-11,Belmont Loan Services,Current,0.031523,0.04887,0.060533,0.145631,0.005042,Current,0.941091,0.317132,record arrived by manual upload,none,0.459788,note rate (+0.92) | state (+0.87) | balance change 1m (+0.50),high,0.002597,monitor_no_action,All model scores below action thresholds.,True
LN100227,2026-06,Belmont Loan Services,Current,0.100695,0.237079,0.060533,0.03006,0.004321,Current,0.951563,0.146493,scheduled payment relative to balance,none,0.51,credit score band (+1.67) | note rate (+0.89) | state (+0.60),high,0.004645,monitor_no_action,All model scores below action thresholds.,True
LN101442,2020-06,Belmont Loan Services,Current,0.070841,0.07461,0.060533,0.999999,0.726658,Current,0.797004,0.195676,document file incomplete,missing_documentation,0.998662,credit score band (+2.74) | debt-to-income band (-0.63) | credit score band (+0.48),high,0.006213,raise_exception_for_review,Operational exception is more likely than not; route to the data-quality queue.,True
LN101016,2025-06,Arcadia Capital Servicing,Current,0.029906,0.040398,0.060533,0.060606,0.004122,Current,0.973868,0.27012,record arrived by manual upload,none,0.774196,credit score band (+1.85) | property type (-0.68) | note rate (+0.63),high,0.011387,monitor_no_action,All model scores below action thresholds.,True
LN100935,2026-06,Pioneer Mortgage Ops,Current,0.090325,0.127206,0.060533,0.03352,0.007157,Current,0.959549,0.121571,count of missing credit fields,none,0.349967,credit score band (+1.71) | note rate (+0.82) | debt-to-income band (+0.56),high,0.001268,monitor_no_action,All model scores below action thresholds.,True
LN100841,2019-02,Belmont Loan Services,Current,0.038042,0.04305,0.060533,0.999999,0.008742,Current,0.890224,0.140074,count of missing credit fields,none,0.740185,credit score band (+1.03) | state (+0.65) | credit score band (+0.47),high,0.002992,retention_review,Prepayment risk is elevated; refer for retention pricing review.,True
LN100060,2026-06,Kestrel Financial,Current,0.024295,0.020108,0.060533,0.03006,0.004752,Current,0.984662,0.094127,count of missing credit fields,none,0.438843,months delinquent in last 12 months (+0.97) | loan age (+0.82) | credit score band (+0.54),high,0.001127,monitor_no_action,All model scores below action thresholds.,True
LN101343,2026-06,Belmont Loan Services,Current,0.288691,0.479317,0.060533,0.999999,0.004194,Current,0.931815,0.078498,scheduled payment relative to balance,none,0.375568,credit score band (+2.09) | note rate (+0.71) | credit score band (+0.63),high,0.010173,watchlist_monitor,Medium-term delinquency risk is elevated; add to watchlist.,True
LN100956,2020-02,Northgate Servicing,Current,0.07184,0.148662,0.060533,0.999999,0.004108,Current,0.834407,0.019127,three-month balance movement,none,0.312253,credit score band (+0.61) | note rate (+0.58) | state (+0.57),high,0.002392,retention_review,Prepayment risk is elevated; refer for retention pricing review.,True
LN100266,2025-12,Northgate Servicing,Current,0.159241,0.381173,0.060533,0.03006,0.004048,Current,0.93065,0.194995,record arrived by manual upload,none,0.378575,credit score band (+1.59) | scheduled monthly payment (+0.92) | credit score band (+0.58),high,0.004675,watchlist_monitor,Medium-term delinquency risk is elevated; add to watchlist.,True
LN100068,2026-06,Arcadia Capital Servicing,Current,0.040981,0.07247,0.060533,0.458333,0.004518,Current,0.947941,0.083785,scheduled payment relative to balance,none,0.301118,note rate (+0.77) | debt-to-income band (+0.63) | loan purpose (-0.54),high,0.00098,retention_review,Prepayment risk is elevated; refer for retention pricing review.,True
LN100575,2024-10,Belmont Loan Services,Current,0.0583,0.129614,0.060533,0.023684,0.739312,Current,0.950367,0.187196,document file incomplete,missing_documentation,0.996569,debt-to-income band (+0.53) | dti band (+0.51) | refinance incentive (note rate less market rate) (+0.48),high,0.000612,raise_exception_for_review,Operational exception is more likely than not; route to the data-quality queue.,True
LN100247,2026-06,Kestrel Financial,Current,0.04217,0.051331,0.060533,0.185185,0.761021,Current,0.958997,0.238826,document file incomplete,missing_documentation,0.999085,credit score band (+1.27) | note rate (+0.90) | state (-0.55),high,0.001468,raise_exception_for_review,Operational exception is more likely than not; route to the data-quality queue.,True
LN101210,2025-02,Kestrel Financial,Current,0.095834,0.122954,0.060533,0.03006,0.010567,Current,0.879125,0.114829,count of missing credit fields,none,0.942327,credit score band (+2.30) | worst days past due in last 12 months (+0.74) | credit score band (+0.63),high,0.003012,monitor_no_action,All model scores below action thresholds.,True
LN100220,2026-06,Northgate Servicing,Current,0.029877,0.023718,0.060533,0.222222,0.004129,Current,0.957706,0.108226,scheduled payment relative to balance,none,0.333262,scheduled monthly payment (+0.92) | debt-to-income band (+0.75) | credit score band (+0.60),high,0.005476,monitor_no_action,All model scores below action thresholds.,True
LN100066,2026-06,Kestrel Financial,Current,0.070166,0.102565,0.060533,0.145631,0.004585,Current,0.925542,0.342052,count of missing credit fields,none,0.321091,credit score band (+1.16) | note rate (+0.74) | loan-to-value band (-0.38),high,0.001145,monitor_no_action,All model scores below action thresholds.,True
LN100067,2026-06,Arcadia Capital Servicing,Current,0.072677,0.03495,0.060533,0.03006,0.003988,Current,0.97278,0.014796,balance against expected amortisation for term elapsed,none,0.907838,loan age (+0.52) | state (-0.46) | share of term elapsed (+0.38),high,0.001631,monitor_no_action,All model scores below action thresholds.,True
LN100961,2025-11,Pioneer Mortgage Ops,Current,0.029988,0.021077,0.060533,0.145631,0.006418,Current,0.975141,0.222083,scheduled payment relative to balance,none,0.678888,scheduled monthly payment (+0.85) | debt-to-income band (+0.82) | market rate delta 12m (-0.65),high,0.00345,monitor_no_action,All model scores below action thresholds.,True
LN100123,2025-01,Arcadia Capital Servicing,Current,0.085571,0.161936,0.060533,0.03006,0.00429,Current,0.893803,0.100001,scheduled payment relative to balance,none,0.46419,credit score band (+1.76) | note rate (+0.83) | state (-0.75),high,0.001741,monitor_no_action,All model scores below action thresholds.,True
LN100330,2023-12,Belmont Loan Services,Current,0.01343,0.010894,0.060533,0.934783,0.007591,Current,0.979161,0.115903,count of missing credit fields,none,0.521413,note rate (+0.83) | balance change 1m (+0.63) | debt-to-income band (+0.41),high,0.000928,retention_review,Prepayment risk is elevated; refer for retention pricing review.,True
LN101116,2024-03,Kestrel Financial,Current,0.024705,0.042735,0.060533,0.03006,0.004406,Current,0.934729,0.13943,scheduled payment relative to balance,none,0.368448,credit score band (+1.28) | note rate (+0.91) | credit score band (+0.52),high,0.000684,monitor_no_action,All model scores below action thresholds.,True
LN101114,2019-03,Northgate Servicing,Current,0.164032,0.1035,0.060533,0.999999,0.004521,Current,0.736138,0.045939,balance against expected amortisation for term elapsed,none,0.409421,credit score band (+2.28) | debt-to-income band (+0.75) | credit score band (+0.68),high,0.004414,retention_review,Prepayment risk is elevated; refer for retention pricing review.,True
LN100207,2026-06,Pioneer Mortgage Ops,Current,0.05338,0.081591,0.060533,0.03352,0.004418,Current,0.971067,0.25065,record arrived by manual upload,none,0.290811,credit score band (+1.31) | note rate (+0.79) | loan-to-value band (+0.72),high,0.002633,monitor_no_action,All model scores below action thresholds.,True
LN100186,2019-01,Kestrel Financial,Current,0.094456,0.09254,0.060533,0.999999,0.04,Current,0.631635,0.23459,count of missing credit fields,none,0.290723,note rate (+0.69) | credit score band (+0.48) | scheduled payment relative to balance (+0.39),high,0.0017,retention_review,Prepayment risk is elevated; refer for retention pricing review.,True
LN100479,2019-10,Arcadia Capital Servicing,Current,0.096492,0.126285,0.060533,0.999999,0.004761,Current,0.872685,0.08367,month-over-month balance movement,none,0.837453,credit score band (+1.88) | state (-1.03) | loan-to-value band (+0.41),high,0.005626,retention_review,Prepayment risk is elevated; refer for retention pricing review.,True
LN100205,2020-08,Kestrel Financial,Current,0.091416,0.060675,0.060533,0.999999,0.759186,Current,0.791211,0.198567,document file incomplete,missing_documentation,0.998627,credit score band (+1.33) | state (-1.26) | loan age (+0.71),high,0.000579,raise_exception_for_review,Operational exception is more likely than not; route to the data-quality queue.,True
LN101447,2026-06,Pioneer Mortgage Ops,Current,0.037371,0.042705,0.060533,0.03006,0.004451,Current,0.980945,0.069176,scheduled payment relative to balance,none,0.335011,credit score band (+1.10) | debt-to-income band (+0.95) | note rate (+0.93),high,0.003928,monitor_no_action,All model scores below action thresholds.,True
LN100094,2026-06,Kestrel Financial,DQ30,0.857786,0.816012,0.060533,0.010363,0.748703,DQ60,0.524895,0.440527,document file incomplete,missing_documentation,0.99811,current performance status (+1.73) | months delinquent in last 12 months (+0.83) | months delinquent in last 6 months (+0.70),high,0.009174,raise_exception_for_review,Operational exception is more likely than not; route to the data-quality queue.,True
LN100616,2026-06,Pioneer Mortgage Ops,Current,0.096352,0.326026,0.060533,0.222222,0.77352,Current,0.930364,0.556569,servicer feed balance gap,balance_reconciliation_break,0.99821,credit score band (+0.87) | note rate (+0.85) | debt-to-income band (+0.57),high,0.005479,raise_exception_for_review,Operational exception is more likely than not; route to the data-quality queue.,True
LN101165,2026-06,Belmont Loan Services,Current,0.151048,0.234858,0.060533,0.003945,0.00399,Current,0.915159,0.020162,scheduled payment relative to balance,none,0.499117,credit score band (+1.60) | debt-to-income band (-0.61) | credit score band (+0.50),high,0.002809,monitor_no_action,All model scores below action thresholds.,True
LN100661,2019-02,Northgate Servicing,Current,0.012901,0.011523,0.060533,0.999999,0.004574,Current,0.84616,0.034487,balance against expected amortisation for term elapsed,none,0.519692,state (+0.99) | credit score band (+0.66) | scheduled payment relative to balance (+0.66),high,0.002729,retention_review,Prepayment risk is elevated; refer for retention pricing review.,True
LN100633,2026-06,Belmont Loan Services,DQ30,0.786063,0.593513,0.060533,0.03006,0.003847,DQ60,0.526894,0.266924,balance against expected amortisation for term elapsed,none,0.504075,current performance status (+2.13) | months delinquent in last 12 months (+1.26) | credit score band (-1.04),high,0.001166,early_stage_collections_outreach,Near-term delinquency risk is elevated; contact before the loan rolls.,True
LN100441,2025-11,Pioneer Mortgage Ops,Current,0.009608,0.012357,0.060533,0.222222,0.004034,Current,0.957438,0.07383,scheduled payment relative to balance,none,0.574447,note rate (+0.89) | scheduled payment relative to balance (+0.54) | market rate delta 12m (-0.46),high,0.000671,monitor_no_action,All model scores below action thresholds.,True
LN100115,2019-01,Pioneer Mortgage Ops,Current,0.289456,0.283995,0.060533,0.999999,0.005391,Current,0.711879,0.013474,balance against expected amortisation for term elapsed,none,0.440763,credit score band (+1.83) | scheduled monthly payment (+0.54) | state (+0.43),high,0.012604,watchlist_monitor,Medium-term delinquency risk is elevated; add to watchlist.,True
LN100351,2019-01,Belmont Loan Services,Current,0.035027,0.047082,0.060533,0.999999,0.013047,Current,0.678607,0.136423,count of missing credit fields,none,0.295213,credit score band (+1.11) | state (+1.08) | credit score band (+0.48),high,0.001595,retention_review,Prepayment risk is elevated; refer for retention pricing review.,True
LN100638,2025-05,Pioneer Mortgage Ops,Current,0.045273,0.054996,0.060533,0.03006,0.004498,Current,0.975741,0.190587,scheduled payment relative to balance,none,0.814186,credit score band (+2.56) | credit score band (+0.77) | note rate (+0.68),high,0.010311,monitor_no_action,All model scores below action thresholds.,True
LN101417,2026-06,Arcadia Capital Servicing,Current,0.165024,0.536061,0.060533,0.003945,0.004231,Current,0.982183,0.087863,servicer feed record present,none,0.84171,credit score band (+1.68) | credit score band (+0.61) | loan purpose (-0.56),high,0.004058,watchlist_monitor,Medium-term delinquency risk is elevated; add to watchlist.,True
LN101430,2026-06,Arcadia Capital Servicing,Current,0.037344,0.050506,0.060533,0.145631,0.004131,Current,0.956852,0.067044,scheduled payment relative to balance,none,0.321597,months delinquent in last 12 months (+1.33) | note rate (+0.71) | worst days past due in last 12 months (+0.57),high,0.008914,monitor_no_action,All model scores below action thresholds.,True
LN100640,2024-10,Arcadia Capital Servicing,Current,0.094086,0.072484,0.060533,0.060606,0.004018,Current,0.897447,0.103061,scheduled payment relative to balance,none,0.36849,original balance (+0.43) | note rate (+0.37) | state (-0.34),high,0.002327,monitor_no_action,All model scores below action thresholds.,True
LN100450,2025-09,Belmont Loan Services,Current,0.010151,0.023314,0.060533,0.666667,0.004222,Current,0.968787,0.15054,scheduled payment relative to balance,none,0.503645,note rate (+1.13) | scheduled payment relative to balance (+0.61) | credit score band (+0.57),high,0.003128,retention_review,Prepayment risk is elevated; refer for retention pricing review.,True
LN100454,2019-03,Northgate Servicing,Current,0.13183,0.120317,0.060533,0.999999,0.006304,Current,0.773053,0.071898,servicer feed record present,none,0.471649,credit score band (+1.49) | debt-to-income band (+0.67) | credit score band (+0.59),high,0.003054,retention_review,Prepayment risk is elevated; refer for retention pricing review.,True
LN100425,2026-06,Pioneer Mortgage Ops,Current,0.116976,0.237046,0.060533,0.03006,0.004131,Current,0.954228,0.069447,scheduled payment relative to balance,none,0.61674,credit score band (+1.66) | note rate (+1.11) | debt-to-income band (-0.64),high,0.003418,monitor_no_action,All model scores below action thresholds.,True
LN100428,2026-06,Belmont Loan Services,Current,0.069985,0.13759,0.060533,0.222222,0.004518,Current,0.970269,0.074404,scheduled payment relative to balance,none,0.289437,note rate (+0.77) | scheduled payment relative to balance (+0.62) | debt-to-income band (+0.57),high,0.00425,monitor_no_action,All model scores below action thresholds.,True
LN100401,2026-01,Kestrel Financial,Current,0.034231,0.042356,0.060533,0.222222,0.575321,Current,0.966367,0.322652,servicer reporting lag,stale_servicer_reporting,0.99639,credit score band (+1.72) | note rate (+0.94) | credit score band (+0.68),high,0.004503,raise_exception_for_review,Operational exception is more likely than not; route to the data-quality queue.,True
LN100723,2024-08,Kestrel Financial,Current,0.036265,0.0227,0.060533,0.185185,0.684274,Current,0.947159,0.231741,servicer reporting lag,stale_servicer_reporting,0.99649,debt-to-income band (+0.55) | note rate (+0.49) | state (+0.36),high,0.002642,raise_exception_for_review,Operational exception is more likely than not; route to the data-quality queue.,True
LN100697,2024-12,Northgate Servicing,Current,0.094063,0.213781,0.060533,0.03006,0.00445,Current,0.920644,0.143509,scheduled payment relative to balance,none,0.246329,credit score band (+2.12) | debt-to-income band (+0.86) | note rate (+0.64),high,0.007762,monitor_no_action,All model scores below action thresholds.,True
LN100709,2020-09,Pioneer Mortgage Ops,Current,0.03876,0.088837,0.060533,0.999999,0.01081,Current,0.847637,0.110057,count of missing credit fields,none,0.480314,credit score band (+1.78) | worst days past due in last 12 months (+0.68) | credit score band (+0.67),high,0.003786,retention_review,Prepayment risk is elevated; refer for retention pricing review.,True
LN100702,2019-02,Arcadia Capital Servicing,Current,0.173617,0.092502,0.060533,0.999999,0.004521,Current,0.638934,0.047553,balance against expected amortisation for term elapsed,none,0.312001,credit score band (+2.12) | state (-0.94) | current balance (-0.81),high,0.00313,retention_review,Prepayment risk is elevated; refer for retention pricing review.,True
LN100372,2026-06,Belmont Loan Services,Current,0.07088,0.10986,0.060533,0.03006,0.004041,Current,0.984087,0.047371,servicer reporting lag,none,0.536259,loan age (+0.96) | state (+0.84) | credit score band (+0.67),high,0.002944,monitor_no_action,All model scores below action thresholds.,True
LN100106,2026-06,Pioneer Mortgage Ops,Current,0.083402,0.168613,0.060533,0.03006,0.005079,Current,0.987986,0.11228,servicer feed record present,none,0.837971,credit score band (+1.26) | loan age (+0.52) | scheduled monthly payment (+0.39),high,0.00204,monitor_no_action,All model scores below action thresholds.,True
LN100180,2023-05,Pioneer Mortgage Ops,Current,0.040712,0.036803,0.060533,0.999999,0.003786,Current,0.968116,0.062174,count of missing credit fields,none,0.48908,loan-to-value band (+0.48) | share of term elapsed (+0.41) | loan purpose (+0.37),high,0.003207,retention_review,Prepayment risk is elevated; refer for retention pricing review.,True
LN100867,2026-06,Northgate Servicing,Current,0.025006,0.029746,0.060533,0.185185,0.004027,Current,0.961596,0.062361,scheduled payment relative to balance,none,0.437367,note rate (+0.82) | scheduled payment relative to balance (+0.59) | debt-to-income band (+0.48),high,0.001336,monitor_no_action,All model scores below action thresholds.,True
LN100863,2026-06,Arcadia Capital Servicing,Current,0.055004,0.092182,0.060533,0.060606,0.004034,Current,0.979642,0.249273,record arrived by manual upload,none,0.401178,credit score band (+2.25) | note rate (+0.77) | credit score band (+0.61),high,0.003155,monitor_no_action,All model scores below action thresholds.,True
LN100859,2020-06,Kestrel Financial,Current,0.288674,0.146623,0.060533,0.999999,0.004238,Current,0.742281,0.014392,three-month balance movement,none,0.597971,credit score band (+1.59) | loan-to-value band (+0.71) | credit score band (+0.63),high,0.002054,retention_review,Prepayment risk is elevated; refer for retention pricing review.,True
LN100856,2020-02,Northgate Servicing,Current,0.220994,0.298309,0.060533,0.999999,0.008155,Current,0.746598,0.083499,count of missing credit fields,none,0.362131,credit score band (+2.75) | credit score band (+0.57) | debt-to-income band (+0.44),high,0.011367,watchlist_monitor,Medium-term delinquency risk is elevated; add to watchlist.,True
LN100407,2025-10,Pioneer Mortgage Ops,Current,0.231292,0.345804,0.060533,0.145631,0.004034,Current,0.970393,0.245616,record arrived by manual upload,none,0.594209,credit score band (+1.40) | credit score band (+0.62) | note rate (+0.61),high,0.00313,watchlist_monitor,Medium-term delinquency risk is elevated; add to watchlist.,True
LN100164,2026-06,Belmont Loan Services,Current,0.016093,0.020299,0.060533,0.03006,0.004231,Current,0.987943,0.126611,servicer feed record present,none,0.658134,credit score band (+1.14) | months delinquent in last 12 months (+0.97) | original balance (-0.50),high,0.002754,monitor_no_action,All model scores below action thresholds.,True
LN101384,2026-06,Belmont Loan Services,Current,0.057245,0.06588,0.060533,0.666667,0.004163,Current,0.959668,0.074321,scheduled payment relative to balance,none,0.429399,note rate (+0.72) | debt-to-income band (+0.71) | current balance (-0.62),high,0.001833,retention_review,Prepayment risk is elevated; refer for retention pricing review.,True
LN101402,2026-06,Belmont Loan Services,Current,0.100389,0.342798,0.060533,0.03006,0.856095,Current,0.979793,0.504002,three-month balance movement,invalid_date_relationship,0.998232,credit score band (+1.36) | share of term elapsed (+0.62) | credit score band (+0.52),high,0.001919,raise_exception_for_review,Operational exception is more likely than not; route to the data-quality queue.,True
LN101044,2025-08,Kestrel Financial,Current,0.078513,0.132733,0.060533,0.03006,0.009744,Current,0.952354,0.158588,count of missing credit fields,none,0.382363,credit score band (+1.24) | note rate (+1.17) | credit score band (+0.67),high,0.007959,monitor_no_action,All model scores below action thresholds.,True
LN101046,2026-06,Belmont Loan Services,Current,0.015485,0.045055,0.060533,0.03006,0.710107,Current,0.968986,0.567963,document file incomplete,missing_documentation,0.996994,months delinquent in last 12 months (+1.26) | worst days past due in last 12 months (+0.61) | loan age (+0.55),high,0.000648,raise_exception_for_review,Operational exception is more likely than not; route to the data-quality queue.,True
LN101392,2024-06,Belmont Loan Services,Current,0.05485,0.053634,0.060533,0.03006,0.833244,Current,0.910924,0.217383,scheduled payment relative to balance,balance_reconciliation_break,0.998653,credit score band (+1.32) | note rate (+0.91) | debt-to-income band (-0.72),high,0.003346,raise_exception_for_review,Operational exception is more likely than not; route to the data-quality queue.,True
LN101394,2019-05,Belmont Loan Services,Current,0.024286,0.019612,0.060533,0.999999,0.011921,Current,0.944104,0.071956,count of missing credit fields,none,0.560981,credit score band (+1.09) | state (+0.80) | loan-to-value band (+0.79),high,0.001079,retention_review,Prepayment risk is elevated; refer for retention pricing review.,True
LN101296,2023-05,Belmont Loan Services,Current,0.013331,0.005316,0.060533,0.999999,0.757399,Current,0.956032,0.260715,document file incomplete,missing_documentation,0.999341,credit score band (+1.12) | original balance (+0.57) | loan purpose (+0.33),high,0.00122,raise_exception_for_review,Operational exception is more likely than not; route to the data-quality queue.,True
LN101401,2020-12,Belmont Loan Services,Current,0.081649,0.092322,0.060533,0.999999,0.005141,Current,0.760651,0.089631,servicer feed record present,none,0.316855,credit score band (+1.75) | current balance (-0.61) | loan age (+0.59),high,0.002312,retention_review,Prepayment risk is elevated; refer for retention pricing review.,True
LN101386,2024-01,Kestrel Financial,Current,0.023309,0.031125,0.060533,0.03352,0.003159,Current,0.923796,0.164698,three-month balance movement,none,0.47454,credit score band (+1.75) | state (-0.68) | credit score band (+0.56),high,0.002623,monitor_no_action,All model scores below action thresholds.,True
LN100650,2019-01,Northgate Servicing,Current,0.100514,0.145597,0.060533,0.999999,0.744586,Current,0.822252,0.228863,document file incomplete,missing_documentation,0.997152,credit score band (+1.96) | debt-to-income band (+0.77) | note rate (+0.49),high,0.012674,raise_exception_for_review,Operational exception is more likely than not; route to the data-quality queue.,True
LN100677,2026-06,Northgate Servicing,Current,0.14851,0.420905,0.060533,0.211453,0.00433,Current,0.956211,0.101842,servicer feed record present,none,0.644841,credit score band (+1.59) | note rate (+0.84) | credit score band (+0.67),high,0.003109,watchlist_monitor,Medium-term delinquency risk is elevated; add to watchlist.,True
LN100162,2024-09,Northgate Servicing,Current,0.121052,0.181145,0.060533,0.12069,0.004273,Current,0.86218,0.029493,scheduled payment relative to balance,none,0.333193,credit score band (+1.88) | note rate (+1.09) | credit score band (+0.59),high,0.010722,monitor_no_action,All model scores below action thresholds.,True
LN101257,2026-06,Arcadia Capital Servicing,Current,0.101913,0.164812,0.060533,0.235294,0.004551,Current,0.953,0.116665,count of missing credit fields,none,0.745187,credit score band (+1.80) | state (-0.98) | note rate (+0.88),high,0.002839,monitor_no_action,All model scores below action thresholds.,True
LN100419,2024-08,Arcadia Capital Servicing,Current,0.01358,0.009492,0.060533,0.222222,0.833244,Current,0.951748,0.303635,servicer feed balance gap,balance_reconciliation_break,0.999144,note rate (+0.82) | scheduled payment relative to balance (+0.57) | balance change 1m (+0.44),high,0.002395,raise_exception_for_review,Operational exception is more likely than not; route to the data-quality queue.,True
LN100396,2026-02,Belmont Loan Services,Current,0.075118,0.107309,0.060533,0.666667,0.004817,Current,0.950835,0.205594,scheduled payment relative to balance,none,0.695742,credit score band (+2.13) | note rate (+0.81) | state (+0.72),high,0.004729,retention_review,Prepayment risk is elevated; refer for retention pricing review.,True
LN101271,2026-06,Northgate Servicing,Current,0.029537,0.031546,0.060533,0.03352,0.003961,Current,0.985862,0.057721,three-month balance movement,none,0.917691,note rate (+1.22) | credit score band (+1.19) | debt-to-income band (+0.73),high,0.005391,monitor_no_action,All model scores below action thresholds.,True
LN101264,2026-06,Belmont Loan Services,Current,0.079611,0.138384,0.060533,0.235294,0.003988,Current,0.97399,0.177353,days past due against reported status,none,0.755228,note rate (+0.82) | state (-0.68) | debt-to-income band (+0.61),high,0.002243,monitor_no_action,All model scores below action thresholds.,True
LN101205,2026-06,Northgate Servicing,Current,0.043721,0.049877,0.060533,0.03352,0.009456,Current,0.982267,0.164443,count of missing credit fields,none,0.730009,note rate (+0.85) | scheduled payment relative to balance (+0.50) | debt-to-income band (+0.47),high,0.005358,monitor_no_action,All model scores below action thresholds.,True
LN101495,2026-06,Kestrel Financial,Current,0.067622,0.111881,0.060533,0.156845,0.560503,Current,0.975292,0.338624,servicer reporting lag,stale_servicer_reporting,0.981782,note rate (+0.67) | loan-to-value band (+0.56) | credit score band (+0.49),high,0.002603,raise_exception_for_review,Operational exception is more likely than not; route to the data-quality queue.,True
LN101015,2026-06,Belmont Loan Services,Current,0.038953,0.063987,0.060533,0.222222,0.009293,Current,0.974284,0.289795,count of missing credit fields,none,0.809982,note rate (+0.73) | loan-to-value band (+0.69) | debt-to-income band (+0.58),high,0.001394,monitor_no_action,All model scores below action thresholds.,True
LN100776,2026-06,Northgate Servicing,Current,0.03645,0.030899,0.060533,0.185185,0.004217,Current,0.963603,0.105845,servicer feed record present,none,0.516732,note rate (+0.65) | loan-to-value band (+0.58) | scheduled payment relative to balance (+0.57),high,0.003366,monitor_no_action,All model scores below action thresholds.,True
LN100020,2021-02,Northgate Servicing,DQ90plus,0.98291,0.958348,0.060533,0.999999,0.752809,DQ90plus,0.759752,0.535548,three-month balance movement,missing_documentation,0.994416,current performance status (+2.09) | months delinquent in last 12 months (+1.40) | days past due (+1.00),high,0.011712,raise_exception_for_review,Operational exception is more likely than not; route to the data-quality queue.,True
LN100019,2019-01,Kestrel Financial,Current,0.071866,0.101548,0.060533,0.999999,0.005367,Current,0.806568,0.016927,balance against expected amortisation for term elapsed,none,0.37012,credit score band (+1.49) | state (+0.63) | debt-to-income band (-0.61),high,0.005149,retention_review,Prepayment risk is elevated; refer for retention pricing review.,True
LN101192,2023-01,Belmont Loan Services,Current,0.017616,0.01812,0.060533,0.999999,0.004337,Current,0.898825,0.20858,scheduled payment relative to balance,none,0.334903,credit score band (+1.72) | note rate (+0.73) | credit score band (+0.69),high,0.010518,retention_review,Prepayment risk is elevated; refer for retention pricing review.,True
LN100031,2019-02,Arcadia Capital Servicing,Current,0.048108,0.034787,0.060533,0.999999,0.851149,Current,0.801614,0.149658,servicer feed balance gap,balance_reconciliation_break,0.998603,credit score band (+1.38) | state (+1.11) | servicer (+0.51),high,0.004732,raise_exception_for_review,Operational exception is more likely than not; route to the data-quality queue.,True
LN100583,2021-01,Pioneer Mortgage Ops,Current,0.011343,0.02601,0.044218,0.999999,0.003443,Current,0.769745,0.065308,count of missing credit fields,none,0.317841,credit score band (+1.65) | state (+0.53) | loan age (-0.51),high,0.001446,retention_review,Prepayment risk is elevated; refer for retention pricing review.,True
LN101201,2026-06,Kestrel Financial,Current,0.026223,0.031359,0.044218,0.03352,0.011442,Current,0.973854,0.368108,servicer reporting lag,none,0.863574,scheduled monthly payment (+0.94) | worst days past due in last 12 months (+0.77) | current balance (-0.74),high,0.000675,monitor_no_action,All model scores below action thresholds.,True
LN100002,2026-03,Belmont Loan Services,Current,0.080533,0.223781,0.044218,0.145631,0.003961,Current,0.984503,0.054906,three-month balance movement,none,0.946457,note rate (+0.89) | state (-0.75) | balance change 1m (+0.56),high,0.001116,monitor_no_action,All model scores below action thresholds.,True
LN100542,2026-06,Belmont Loan Services,Current,0.014433,0.008507,0.044218,0.03006,0.005062,Current,0.989509,0.154481,count of missing credit fields,none,0.494974,loan age (+0.59) | state (+0.49) | loan purpose (+0.37),high,0.000497,monitor_no_action,All model scores below action thresholds.,True
LN100544,2025-04,Belmont Loan Services,Current,0.015268,0.016955,0.044218,0.883085,0.004331,Current,0.926278,0.073701,scheduled payment relative to balance,none,0.592278,state (+0.73) | note rate (+0.59) | scheduled payment relative to balance (+0.43),high,0.000637,retention_review,Prepayment risk is elevated; refer for retention pricing review.,True
LN101010,2020-01,Arcadia Capital Servicing,Current,0.086346,0.060966,0.044218,0.999999,0.586569,Current,0.832996,0.133948,servicer reporting lag,stale_servicer_reporting,0.990051,state (+0.61) | months delinquent in last 12 months (+0.51) | debt-to-income band (-0.43),high,0.001333,raise_exception_for_review,Operational exception is more likely than not; route to the data-quality queue.,True
LN100873,2025-11,Belmont Loan Services,Current,0.006066,0.008017,0.044218,0.67355,0.676182,Current,0.964072,0.481678,servicer reporting lag,stale_servicer_reporting,0.995571,credit score band (+1.07) | note rate (+0.64) | market rate delta 12m (-0.51),high,0.000776,raise_exception_for_review,Operational exception is more likely than not; route to the data-quality queue.,True
LN101143,2019-02,Belmont Loan Services,Current,0.100676,0.133522,0.044218,0.999999,0.00494,Current,0.869615,0.194528,month-over-month balance movement,none,0.684501,credit score band (+1.48) | debt-to-income band (+0.60) | credit score band (+0.57),high,0.000815,retention_review,Prepayment risk is elevated; refer for retention pricing review.,True
LN101041,2026-06,Pioneer Mortgage Ops,Current,0.114456,0.061105,0.044218,0.03006,0.748707,Current,0.983025,0.201408,document file incomplete,missing_documentation,0.997039,credit score band (+1.45) | loan purpose (-0.50) | credit score band (+0.48),high,0.000495,raise_exception_for_review,Operational exception is more likely than not; route to the data-quality queue.,True
LN100423,2026-06,Kestrel Financial,Current,0.017315,0.01564,0.044218,0.235294,0.006594,Current,0.934233,0.182345,scheduled payment relative to balance,none,0.610781,note rate (+0.74) | credit score band (+0.69) | property type (-0.53),high,0.001609,monitor_no_action,All model scores below action thresholds.,True
LN100689,2019-01,Belmont Loan Services,Current,0.053774,0.031165,0.044218,0.999999,0.005292,Current,0.903927,0.00038,balance against expected amortisation for term elapsed,none,0.300923,credit score band (+1.54) | credit score band (+0.73) | loan-to-value band (+0.59),high,0.002028,retention_review,Prepayment risk is elevated; refer for retention pricing review.,True
LN101263,2026-06,Belmont Loan Services,Current,0.025642,0.039803,0.044218,0.033046,0.004867,Current,0.973952,0.079395,count of missing credit fields,none,0.454219,credit score band (+1.30) | state (-0.64) | months delinquent in last 12 months (+0.45),high,0.001035,monitor_no_action,All model scores below action thresholds.,True
LN101269,2026-06,Northgate Servicing,Current,0.068765,0.060849,0.044218,0.732905,0.759186,Current,0.955911,0.234319,document file incomplete,missing_documentation,0.999322,note rate (+0.61) | debt-to-income band (+0.53) | credit score band (+0.51),high,0.001039,raise_exception_for_review,Operational exception is more likely than not; route to the data-quality queue.,True
LN100474,2026-06,Kestrel Financial,Current,0.08559,0.119543,0.044218,0.03006,0.003988,Current,0.973484,0.022471,balance against expected amortisation for term elapsed,none,0.62304,credit score band (+1.45) | state (+0.65) | credit score band (+0.47),high,0.001922,monitor_no_action,All model scores below action thresholds.,True
LN100793,2026-06,Northgate Servicing,Current,0.051132,0.102799,0.044218,0.185185,0.004505,Current,0.926337,0.126685,scheduled payment relative to balance,none,0.382183,credit score band (+1.17) | debt-to-income band (+0.89) | current balance (-0.68),high,0.001897,monitor_no_action,All model scores below action thresholds.,True
LN100794,2026-06,Pioneer Mortgage Ops,Current,0.021209,0.040564,0.044218,0.010363,0.004321,Current,0.989688,0.181614,three-month balance movement,none,0.747495,credit score band (+1.30) | state (+0.53) | credit score band (+0.53),high,0.001573,monitor_no_action,All model scores below action thresholds.,True
LN101055,2026-06,Arcadia Capital Servicing,Current,0.060454,0.111734,0.044218,0.03006,0.004004,Current,0.976633,0.053693,three-month balance movement,none,0.726842,credit score band (+0.98) | note rate (+0.88) | credit score band (+0.47),high,0.000441,monitor_no_action,All model scores below action thresholds.,True
LN100357,2021-02,Northgate Servicing,Current,0.058843,0.052043,0.044218,0.999999,0.005522,Current,0.738276,0.082136,balance against expected amortisation for term elapsed,none,0.460512,credit score band (+1.29) | debt-to-income band (+0.79) | state (-0.64),high,0.000616,retention_review,Prepayment risk is elevated; refer for retention pricing review.,True
LN100742,2026-06,Belmont Loan Services,Current,0.102732,0.244941,0.044218,0.458333,0.004194,Current,0.940075,0.0754,scheduled payment relative to balance,none,0.415946,state (-0.72) | months delinquent in last 12 months (+0.58) | current balance (-0.53),high,0.001669,retention_review,Prepayment risk is elevated; refer for retention pricing review.,True
LN101056,2026-06,Pioneer Mortgage Ops,Current,0.030634,0.076537,0.044218,0.145631,0.00395,Current,0.978551,0.117598,count of missing credit fields,none,0.570734,note rate (+0.66) | credit score band (+0.51) | debt-to-income band (-0.45),high,0.001205,monitor_no_action,All model scores below action thresholds.,True
LN101168,2019-07,Belmont Loan Services,Current,0.019381,0.024027,0.044218,0.999999,0.004697,Current,0.883737,0.033425,balance against expected amortisation for term elapsed,none,0.756597,loan age (+0.57) | state (+0.55) | credit score band (+0.44),high,0.00073,retention_review,Prepayment risk is elevated; refer for retention pricing review.,True
LN101166,2021-03,Pioneer Mortgage Ops,Current,0.034816,0.022,0.044218,0.999999,0.004576,Current,0.894855,0.11031,count of missing credit fields,none,0.388562,credit score band (+0.64) | balance change 1m (+0.42) | dti band (+0.35),high,0.001048,retention_review,Prepayment risk is elevated; refer for retention pricing review.,True
LN101245,2021-04,Arcadia Capital Servicing,Current,0.116726,0.100394,0.044218,0.999999,0.004916,Current,0.80887,0.059391,servicer feed record present,none,0.34089,credit score band (+1.14) | months delinquent in last 12 months (+0.91) | credit score band (+0.54),high,0.000294,retention_review,Prepayment risk is elevated; refer for retention pricing review.,True
LN100117,2025-01,Arcadia Capital Servicing,Current,0.027188,0.01689,0.044218,0.185185,0.00402,Current,0.934142,0.052246,month-over-month balance movement,none,0.39737,note rate (+0.78) | credit score band (+0.68) | property type (-0.58),high,0.000755,monitor_no_action,All model scores below action thresholds.,True
LN100885,2026-06,Arcadia Capital Servicing,Current,0.010621,0.009347,0.044218,0.03006,0.004207,Current,0.991101,0.062994,servicer feed record present,none,0.97655,credit score band (+0.84) | loan age (+0.62) | loan purpose (+0.38),high,0.001107,monitor_no_action,All model scores below action thresholds.,True
LN100864,2026-06,Kestrel Financial,Current,0.094625,0.159759,0.044218,0.03352,0.004194,Current,0.914074,0.085583,scheduled payment relative to balance,none,0.623764,credit score band (+1.05) | state (-0.90) | note rate (+0.72),high,0.000427,monitor_no_action,All model scores below action thresholds.,True
LN100715,2020-08,Belmont Loan Services,Current,0.058487,0.040468,0.044218,0.999999,0.005092,Current,0.775005,0.281869,record arrived by manual upload,none,0.384658,balance against expected amortisation (+0.61) | loan age (+0.60) | credit score band (+0.56),high,0.000912,retention_review,Prepayment risk is elevated; refer for retention pricing review.,True
LN100345,2026-06,Arcadia Capital Servicing,Current,0.043919,0.048709,0.044218,0.03006,0.00399,Current,0.973927,0.054502,servicer reporting lag,none,0.473647,credit score band (+1.41) | debt-to-income band (-0.61) | note rate (+0.60),high,0.001765,monitor_no_action,All model scores below action thresholds.,True
LN100639,2026-06,Arcadia Capital Servicing,Current,0.047367,0.03669,0.044218,0.03006,0.004192,Current,0.966457,0.113431,scheduled payment relative to balance,none,0.31637,credit score band (+1.59) | note rate (+0.70) | credit score band (+0.64),high,0.00127,monitor_no_action,All model scores below action thresholds.,True
LN101021,2025-07,Northgate Servicing,Current,0.007561,0.005767,0.044218,0.222222,0.004344,Current,0.982231,0.090714,servicer feed record present,none,0.604515,note rate (+0.91) | debt-to-income band (+0.77) | balance change 1m (+0.63),high,0.000949,monitor_no_action,All model scores below action thresholds.,True
LN101298,2026-06,Arcadia Capital Servicing,Current,0.009608,0.011426,0.044218,0.222222,0.752809,Current,0.971705,0.430144,month-over-month change in days past due,missing_documentation,0.997497,credit score band (-1.06) | months delinquent in last 12 months (+0.60) | scheduled payment relative to balance (+0.57),high,0.000753,raise_exception_for_review,Operational exception is more likely than not; route to the data-quality queue.,True
LN101279,2026-06,Belmont Loan Services,Current,0.080211,0.104231,0.044218,0.03006,0.004041,Current,0.98412,0.023756,servicer reporting lag,none,0.857047,loan age (+0.51) | debt-to-income band (+0.47) | credit score band (+0.43),high,0.000739,monitor_no_action,All model scores below action thresholds.,True
LN101022,2026-06,Kestrel Financial,Current,0.036505,0.062173,0.044218,0.060606,0.00399,Current,0.985796,0.026178,scheduled payment relative to balance,none,0.624611,credit score band (+0.51) | balance change 1m (+0.41) | state (+0.34),high,0.000729,monitor_no_action,All model scores below action thresholds.,True
LN100904,2026-06,Northgate Servicing,Current,0.019284,0.042501,0.044218,0.010363,0.004193,Current,0.977568,0.107828,servicer feed record present,none,0.574365,loan age (+0.63) | credit score band (+0.48) | refinance incentive (note rate less market rate) (+0.37),high,0.000266,monitor_no_action,All model scores below action thresholds.,True
LN100670,2024-12,Northgate Servicing,Current,0.035368,0.030284,0.044218,0.03352,0.004176,Current,0.975231,0.065142,servicer reporting lag,none,0.710415,credit score band (+1.43) | note rate (+0.69) | state (-0.65),high,0.001061,monitor_no_action,All model scores below action thresholds.,True
LN100914,2019-02,Belmont Loan Services,Current,0.058341,0.05444,0.044218,0.999999,0.828871,Current,0.825239,0.216602,servicer feed balance gap,balance_reconciliation_break,0.997528,credit score band (+2.06) | note rate (+0.69) | credit score band (+0.61),high,0.001774,raise_exception_for_review,Operational exception is more likely than not; route to the data-quality queue.,True
LN100170,2026-06,Kestrel Financial,Current,0.055001,0.096692,0.044218,0.03006,0.004003,Current,0.965646,0.103571,count of missing credit fields,none,0.907228,credit score band (+1.35) | note rate (+0.72) | credit score band (+0.43),high,0.001432,monitor_no_action,All model scores below action thresholds.,True
LN101415,2026-06,Northgate Servicing,Current,0.0852,0.0385,0.044218,0.03352,0.00479,Current,0.974884,0.195295,scheduled payment relative to balance,none,0.529493,credit score band (+1.90) | scheduled monthly payment (+0.94) | note rate (+0.60),high,0.002034,monitor_no_action,All model scores below action thresholds.,True
LN100576,2026-06,Northgate Servicing,Current,0.013432,0.025711,0.044218,0.03006,0.004683,Current,0.989252,0.28009,record arrived by manual upload,none,0.899686,state (+0.76) | loan age (+0.56) | credit score band (+0.45),high,0.00045,monitor_no_action,All model scores below action thresholds.,True
LN101212,2026-06,Northgate Servicing,Current,0.017487,0.019874,0.044218,0.03006,0.003988,Current,0.967346,0.11291,balance against expected amortisation for term elapsed,none,0.730372,months delinquent in last 12 months (+0.94) | loan purpose (+0.34) | worst days past due in last 12 months (+0.33),high,0.000439,monitor_no_action,All model scores below action thresholds.,True
LN100982,2019-12,Belmont Loan Services,Current,0.037838,0.037526,0.044218,0.999999,0.004456,Current,0.90779,0.040396,balance against expected amortisation for term elapsed,none,0.866351,loan age (+1.07) | scheduled monthly payment (+0.38) | loan purpose (+0.35),high,0.002735,retention_review,Prepayment risk is elevated; refer for retention pricing review.,True
LN100946,2019-04,Belmont Loan Services,Current,0.041684,0.013959,0.044218,0.999999,0.004922,Current,0.797039,0.037331,balance against expected amortisation for term elapsed,none,0.329468,state (+1.36) | debt-to-income band (-0.50) | servicer (+0.41),high,0.000609,retention_review,Prepayment risk is elevated; refer for retention pricing review.,True
LN100283,2025-09,Arcadia Capital Servicing,Current,0.181729,0.284351,0.044218,0.145631,0.759186,Current,0.977443,0.275447,document file incomplete,missing_documentation,0.997303,credit score band (+1.78) | current balance (-0.64) | debt-to-income band (-0.52),high,0.001539,raise_exception_for_review,Operational exception is more likely than not; route to the data-quality queue.,True
LN101080,2026-06,Northgate Servicing,Current,0.088648,0.129314,0.044218,0.003945,0.004552,Current,0.985259,0.112193,servicer reporting lag,none,0.656468,credit score band (+1.50) | state (-0.43) | share of term elapsed (+0.40),high,0.001195,monitor_no_action,All model scores below action thresholds.,True
LN101084,2020-04,Arcadia Capital Servicing,Current,0.130148,0.040656,0.044218,0.999999,0.004049,Current,0.793793,0.003709,month-over-month balance movement,none,0.322176,credit score band (+1.64) | state (-0.98) | unemployment rate (+0.50),high,0.001096,retention_review,Prepayment risk is elevated; refer for retention pricing review.,True
LN100573,2020-07,Belmont Loan Services,Current,0.027808,0.03737,0.044218,0.999999,0.004537,Current,0.88941,0.070053,servicer feed record present,none,0.542625,credit score band (+1.67) | state (-0.73) | scheduled payment relative to balance (+0.57),high,0.000682,retention_review,Prepayment risk is elevated; refer for retention pricing review.,True
LN100041,2019-01,Pioneer Mortgage Ops,Current,0.026872,0.02527,0.044218,0.999999,0.005326,Current,0.609495,0.036904,balance against expected amortisation for term elapsed,none,0.361764,state (-0.89) | scheduled payment relative to balance (+0.61) | debt-to-income band (+0.44),high,0.002141,retention_review,Prepayment risk is elevated; refer for retention pricing review.,True
LN100992,2020-12,Northgate Servicing,Current,0.082646,0.116692,0.044218,0.999999,0.004461,Current,0.857192,0.015622,servicer reporting lag,none,0.365097,credit score band (+1.57) | months delinquent in last 12 months (+0.52) | occupancy type (-0.40),high,0.00126,retention_review,Prepayment risk is elevated; refer for retention pricing review.,True
LN100986,2026-06,Pioneer Mortgage Ops,Current,0.050733,0.072271,0.044218,0.03352,0.00433,Current,0.959829,0.108249,servicer feed record present,none,0.423671,credit score band (+1.35) | worst days past due in last 12 months (+0.76) | note rate (+0.60),high,0.001316,monitor_no_action,All model scores below action thresholds.,True
LN101451,2021-03,Pioneer Mortgage Ops,Current,0.013201,0.012548,0.044218,0.999999,0.005133,Current,0.749838,0.082674,balance against expected amortisation for term elapsed,none,0.413688,scheduled payment relative to balance (+0.54) | credit score band (+0.52) | loan age (+0.47),high,0.00091,retention_review,Prepayment risk is elevated; refer for retention pricing review.,True
LN100597,2019-03,Belmont Loan Services,Current,0.043725,0.023642,0.044218,0.999999,0.738861,Current,0.78459,0.258073,document file incomplete,missing_documentation,0.997441,debt-to-income band (+0.70) | credit score band (+0.51) | state (-0.48),high,0.001267,raise_exception_for_review,Operational exception is more likely than not; route to the data-quality queue.,True
LN100547,2025-02,Belmont Loan Services,Current,0.056934,0.101815,0.044218,0.145631,0.702195,Current,0.815343,0.21834,servicer feed balance gap,balance_reconciliation_break,0.996582,credit score band (+1.43) | state (-1.12) | note rate (+0.82),high,0.000352,raise_exception_for_review,Operational exception is more likely than not; route to the data-quality queue.,True
LN100026,2026-06,Kestrel Financial,Current,0.057117,0.060049,0.044218,0.145631,0.004248,Current,0.969468,0.082025,servicer feed record present,none,0.511817,scheduled payment relative to balance (+0.50) | credit score band (+0.44) | state (+0.38),high,0.001473,monitor_no_action,All model scores below action thresholds.,True
LN100783,2026-06,Arcadia Capital Servicing,Current,0.025076,0.046331,0.044218,0.010363,0.003988,Current,0.969908,0.010414,scheduled payment relative to balance,none,0.827173,credit score band (+1.24) | note rate (+0.47) | credit score band (+0.37),high,0.000887,monitor_no_action,All model scores below action thresholds.,True
LN100753,2026-06,Northgate Servicing,Current,0.042336,0.11645,0.044218,0.03352,0.00399,Current,0.96159,0.033597,scheduled payment relative to balance,none,0.740933,state (-1.19) | credit score band (+0.56) | scheduled payment relative to balance (+0.55),high,0.001226,monitor_no_action,All model scores below action thresholds.,True
LN101187,2021-07,Northgate Servicing,Current,0.071858,0.097503,0.044218,0.999999,0.004194,Current,0.878391,0.165593,balance against expected amortisation for term elapsed,none,0.606931,credit score band (+1.84) | share of term elapsed (+0.76) | loan purpose (-0.45),high,0.001394,retention_review,Prepayment risk is elevated; refer for retention pricing review.,True
LN100627,2026-06,Kestrel Financial,Current,0.030329,0.023182,0.044218,0.03006,0.577023,Current,0.977861,0.436182,servicer reporting lag,stale_servicer_reporting,0.996656,worst days past due in last 12 months (+0.87) | note rate (+0.54) | worst days past due in last 6 months (-0.35),high,0.001166,raise_exception_for_review,Operational exception is more likely than not; route to the data-quality queue.,True
LN100511,2024-02,Northgate Servicing,Current,0.021421,0.011738,0.044218,0.666667,0.003909,Current,0.947527,0.146402,three-month balance movement,none,0.372372,loan age (+0.67) | loan purpose (+0.39) | market mortgage rate (+0.35),high,0.00065,retention_review,Prepayment risk is elevated; refer for retention pricing review.,True
LN100612,2019-05,Kestrel Financial,Current,0.038847,0.038601,0.044218,0.999999,0.004886,Current,0.784091,0.152573,month-over-month balance movement,none,0.890677,credit score band (+0.49) | share of term elapsed (+0.45) | occupancy type (-0.39),high,0.000914,retention_review,Prepayment risk is elevated; refer for retention pricing review.,True
LN101312,2026-06,Pioneer Mortgage Ops,Current,0.039468,0.057281,0.044218,0.03352,0.841327,Current,0.974761,0.62229,loan age required repair,invalid_date_relationship,0.997823,credit score band (+1.19) | note rate (+1.03) | debt-to-income band (-0.61),high,0.000409,raise_exception_for_review,Operational exception is more likely than not; route to the data-quality queue.,True
LN101104,2020-02,Belmont Loan Services,Current,0.05874,0.048618,0.044218,0.999999,0.009087,Current,0.897725,0.070851,count of missing credit fields,none,0.587713,credit score band (+1.29) | debt-to-income band (+0.63) | credit score band (+0.51),high,0.00289,retention_review,Prepayment risk is elevated; refer for retention pricing review.,True
LN100332,2026-06,Northgate Servicing,Current,0.104481,0.283643,0.044218,0.03006,0.004445,Current,0.922102,0.345296,three-month balance movement,none,0.862029,credit score band (+1.70) | loan age (+0.52) | debt-to-income band (+0.46),high,0.000784,watchlist_monitor,Medium-term delinquency risk is elevated; add to watchlist.,True
LN100036,2024-10,Northgate Servicing,Current,0.017468,0.024062,0.026786,0.03006,0.004018,Current,0.985855,0.018905,servicer reporting lag,none,0.46339,state (-1.29) | credit score band (+1.14) | loan age (+0.58),high,0.000416,monitor_no_action,All model scores below action thresholds.,True
LN100022,2026-06,Belmont Loan Services,Current,0.158212,0.194618,0.026786,0.03006,0.00466,Current,0.95211,0.232527,three-month balance movement,none,0.954578,credit score band (+1.67) | state (-0.52) | credit score band (+0.47),high,0.000714,monitor_no_action,All model scores below action thresholds.,True
LN101206,2021-06,Belmont Loan Services,Current,0.034631,0.036295,0.026786,0.999999,0.004598,Current,0.841163,0.016687,servicer reporting lag,none,0.47534,credit score band (+0.64) | loan-to-value band (+0.63) | state (-0.51),high,0.000969,retention_review,Prepayment risk is elevated; refer for retention pricing review.,True
LN100015,2023-12,Arcadia Capital Servicing,Current,0.015223,0.010618,0.026786,0.03006,0.004357,Current,0.915938,0.152207,scheduled payment relative to balance,none,0.656648,credit score band (+1.00) | note rate (+0.83) | debt-to-income band (-0.58),high,0.000736,monitor_no_action,All model scores below action thresholds.,True
LN100394,2021-06,Northgate Servicing,Current,0.042266,0.076314,0.026786,0.999999,0.004363,Current,0.884776,0.096234,month-over-month balance movement,none,0.930121,credit score band (+1.63) | state (-0.81) | debt-to-income band (+0.64),high,0.001062,retention_review,Prepayment risk is elevated; refer for retention pricing review.,True
LN100554,2026-06,Belmont Loan Services,Current,0.020648,0.018475,0.026786,0.145631,0.004227,Current,0.985915,0.103212,servicer feed record present,none,0.469789,note rate (+0.74) | debt-to-income band (-0.48) | scheduled payment relative to balance (+0.46),high,0.001031,monitor_no_action,All model scores below action thresholds.,True
LN100687,2019-03,Pioneer Mortgage Ops,Current,0.085138,0.070744,0.026786,0.999999,0.004521,Current,0.814978,0.019123,month-over-month balance movement,none,0.401497,credit score band (+1.57) | debt-to-income band (-0.72) | credit score band (+0.59),high,0.000592,retention_review,Prepayment risk is elevated; refer for retention pricing review.,True
LN101399,2025-09,Northgate Servicing,Current,0.028826,0.026319,0.026786,0.666667,0.005151,Current,0.96154,0.081986,scheduled payment relative to balance,none,0.435335,note rate (+0.64) | scheduled payment relative to balance (+0.52) | market rate delta 12m (-0.51),high,0.000675,retention_review,Prepayment risk is elevated; refer for retention pricing review.,True
LN100229,2023-08,Belmont Loan Services,Current,0.022765,0.065769,0.026786,0.999999,0.004261,Current,0.945599,0.147684,three-month balance movement,none,0.573414,credit score band (+0.62) | refinance incentive (note rate less market rate) (+0.60) | original balance (+0.47),high,0.000761,retention_review,Prepayment risk is elevated; refer for retention pricing review.,True
LN100601,2026-06,Belmont Loan Services,Current,0.024161,0.021014,0.026786,0.934783,0.575136,Current,0.980273,0.297228,servicer reporting lag,stale_servicer_reporting,0.993226,note rate (+0.78) | state (-0.64) | scheduled payment relative to balance (+0.53),high,0.000455,raise_exception_for_review,Operational exception is more likely than not; route to the data-quality queue.,True
LN100261,2020-02,Arcadia Capital Servicing,Current,0.054997,0.057615,0.026786,0.999999,0.005323,Current,0.846138,0.056523,servicer feed record present,none,0.87389,state (+0.93) | debt-to-income band (+0.50) | original balance (-0.37),high,0.00091,retention_review,Prepayment risk is elevated; refer for retention pricing review.,True
LN100750,2020-11,Northgate Servicing,Current,0.041718,0.026918,0.026786,0.999999,0.004198,Current,0.797417,0.070778,count of missing credit fields,none,0.364132,credit score band (+1.39) | debt-to-income band (-0.77) | loan-to-value band (+0.55),high,0.00161,retention_review,Prepayment risk is elevated; refer for retention pricing review.,True
LN100042,2026-06,Northgate Servicing,Current,0.037563,0.018325,0.026786,0.03006,0.003988,Current,0.977573,0.029579,balance against expected amortisation for term elapsed,none,0.728346,loan age (+0.63) | debt-to-income band (+0.57) | scheduled payment relative to balance (+0.54),high,0.000272,monitor_no_action,All model scores below action thresholds.,True
LN100319,2026-06,Northgate Servicing,Current,0.033163,0.014534,0.026786,0.185185,0.003961,Current,0.961542,0.058865,three-month balance movement,none,0.681462,note rate (+0.77) | scheduled payment relative to balance (+0.58) | debt-to-income band (+0.55),high,0.000303,monitor_no_action,All model scores below action thresholds.,True
LN100481,2026-06,Northgate Servicing,Current,0.019271,0.01528,0.026786,0.12069,0.003935,Current,0.981665,0.120073,count of missing credit fields,none,0.783732,state (-0.86) | loan age (+0.51) | loan purpose (-0.51),high,0.000314,monitor_no_action,All model scores below action thresholds.,True
LN101376,2026-06,Pioneer Mortgage Ops,Current,0.025804,0.015606,0.026786,0.060606,0.028382,Current,0.963154,0.17133,count of missing credit fields,none,0.404433,credit score band (-0.98) | note rate (+0.69) | debt-to-income band (+0.61),high,0.000569,monitor_no_action,All model scores below action thresholds.,True
LN100197,2026-06,Belmont Loan Services,Current,0.057878,0.020382,0.026786,0.03006,0.851149,Current,0.988603,0.343807,servicer feed record present,balance_reconciliation_break,0.998111,credit score band (+1.47) | credit score band (+0.56) | share of term elapsed (+0.54),high,0.000695,raise_exception_for_review,Operational exception is more likely than not; route to the data-quality queue.,True
LN101248,2026-04,Northgate Servicing,Current,0.052533,0.103927,0.026786,0.03006,0.003988,Current,0.957228,0.050211,balance against expected amortisation for term elapsed,none,0.631352,credit score band (+1.40) | loan age (+0.55) | loan-to-value band (+0.55),high,0.000275,monitor_no_action,All model scores below action thresholds.,True
LN100204,2019-03,Kestrel Financial,Current,0.032431,0.044802,0.026786,0.999999,0.004922,Current,0.771227,0.03128,balance against expected amortisation for term elapsed,none,0.509844,state (+1.70) | credit score band (-0.77) | balance change 1m (+0.36),high,0.00086,retention_review,Prepayment risk is elevated; refer for retention pricing review.,True
LN101057,2026-05,Arcadia Capital Servicing,Current,0.043703,0.05307,0.026786,0.03006,0.004245,Current,0.98715,0.067339,servicer feed record present,none,0.855706,credit score band (+1.27) | loan age (+0.83) | state (-0.81),high,0.00036,monitor_no_action,All model scores below action thresholds.,True
LN101398,2026-06,Arcadia Capital Servicing,Current,0.031837,0.020298,0.011111,0.4375,0.748455,Current,0.965158,0.307218,document file incomplete,missing_documentation,0.995994,property type (-0.52) | note rate (+0.51) | state (+0.47),high,0.000503,raise_exception_for_review,Operational exception is more likely than not; route to the data-quality queue.,True
LN100005,2019-05,Arcadia Capital Servicing,Current,0.086298,0.041154,0.011111,0.999999,0.00451,Current,0.82096,0.024942,three-month balance movement,none,0.705796,credit score band (+1.72) | state (-1.63) | debt-to-income band (+0.61),high,0.001209,retention_review,Prepayment risk is elevated; refer for retention pricing review.,True
LN100038,2025-08,Belmont Loan Services,Current,0.021045,0.057274,0.011111,0.03006,0.005021,Current,0.97557,0.1399,count of missing credit fields,none,0.35972,loan age (+0.77) | credit score band (+0.68) | state (+0.57),high,0.00035,monitor_no_action,All model scores below action thresholds.,True
LN101194,2026-06,Arcadia Capital Servicing,Current,0.021621,0.027418,0.011111,0.235294,0.004217,Current,0.966364,0.103933,servicer feed record present,none,0.639494,note rate (+0.77) | debt-to-income band (-0.59) | credit score band (+0.49),high,0.000506,monitor_no_action,All model scores below action thresholds.,True
LN100008,2019-01,Belmont Loan Services,Current,0.031182,0.034194,0.011111,0.999999,0.007409,Current,0.69528,0.121624,count of missing credit fields,none,0.873102,debt-to-income band (-0.48) | servicer (+0.43) | credit score band (+0.37),high,0.00047,retention_review,Prepayment risk is elevated; refer for retention pricing review.,True
LN101156,2026-06,Arcadia Capital Servicing,Current,0.041077,0.028569,0.011111,0.12069,0.528909,Current,0.984301,0.180527,servicer reporting lag,stale_servicer_reporting,0.989961,note rate (+0.62) | balance change 1m (+0.48) | scheduled monthly payment (-0.45),high,0.000364,raise_exception_for_review,Operational exception is more likely than not; route to the data-quality queue.,True
LN100438,2021-03,Arcadia Capital Servicing,Current,0.035143,0.009033,0.011111,0.999999,0.004971,Current,0.864799,0.018169,balance against expected amortisation for term elapsed,none,0.361596,credit score band (+1.38) | loan age (+0.64) | market rate delta 12m (-0.48),high,0.000683,retention_review,Prepayment risk is elevated; refer for retention pricing review.,True
LN100654,2019-11,Northgate Servicing,Current,0.044853,0.054941,0.011111,0.999999,0.005084,Current,0.783251,0.059541,servicer feed record present,none,0.355741,loan-to-value band (+0.79) | ltv band (+0.56) | credit score band (+0.46),high,0.000338,retention_review,Prepayment risk is elevated; refer for retention pricing review.,True
LN100397,2026-06,Arcadia Capital Servicing,Current,0.062622,0.118106,0.011111,0.03006,0.005828,Current,0.960279,0.125196,count of missing credit fields,none,0.436602,credit score band (+1.42) | loan-to-value band (-0.49) | credit score band (+0.46),high,0.000666,monitor_no_action,All model scores below action thresholds.,True
LN100395,2023-09,Pioneer Mortgage Ops,Current,0.014467,0.011008,0.011111,0.145631,0.004671,Current,0.904714,0.147551,scheduled payment relative to balance,none,0.261448,state (-1.29) | credit score band (+0.69) | note rate (+0.53),high,0.001018,monitor_no_action,All model scores below action thresholds.,True
LN101479,2026-06,Northgate Servicing,Current,0.019627,0.033304,0.011111,0.03006,0.004194,Current,0.98782,0.569784,three-month balance movement,none,0.822358,scheduled monthly payment (+0.51) | state (+0.45) | share of term elapsed (+0.41),high,8.8e-05,monitor_no_action,All model scores below action thresholds.,True
LN100398,2026-06,Pioneer Mortgage Ops,Current,0.03742,0.03439,0.011111,0.03006,0.011948,Current,0.977369,0.551808,three-month balance movement,none,0.35922,credit score band (+0.75) | balance change 3m (-0.54) | scheduled monthly payment (+0.45),high,0.000397,monitor_no_action,All model scores below action thresholds.,True
LN100562,2026-06,Belmont Loan Services,Current,0.035674,0.042786,0.011111,0.03006,0.004778,Current,0.989452,0.258068,record arrived by manual upload,none,0.750811,credit score band (+1.26) | original balance (-0.52) | credit score band (+0.47),high,0.000228,monitor_no_action,All model scores below action thresholds.,True
LN100564,2025-12,Northgate Servicing,Current,0.037439,0.026983,0.011111,0.214494,0.00416,Current,0.963063,0.086123,scheduled payment relative to balance,none,0.604286,credit score band (+1.22) | state (-0.93) | note rate (+0.81),high,0.000474,monitor_no_action,All model scores below action thresholds.,True
LN100802,2026-06,Belmont Loan Services,Current,0.017394,0.035092,0.011111,0.4375,0.004363,Current,0.963596,0.098378,servicer feed record present,none,0.700034,note rate (+0.70) | debt-to-income band (-0.48) | credit score band (+0.45),high,0.000387,monitor_no_action,All model scores below action thresholds.,True
LN100556,2026-06,Pioneer Mortgage Ops,Current,0.04825,0.045904,0.011111,0.03006,0.006998,Current,0.976581,0.126193,count of missing credit fields,none,0.520255,note rate (+0.74) | scheduled monthly payment (-0.39) | debt-to-income band (+0.36),high,0.000911,monitor_no_action,All model scores below action thresholds.,True
LN100996,2026-06,Northgate Servicing,Current,0.128509,0.1484,0.011111,0.03006,0.003988,Current,0.920497,0.068324,balance against expected amortisation for term elapsed,none,0.717429,credit score band (+1.58) | state (+0.60) | original balance (-0.55),high,0.000331,monitor_no_action,All model scores below action thresholds.,True
LN100169,2019-01,Arcadia Capital Servicing,Current,0.023475,0.034191,0.011111,0.999999,0.8654,Current,0.82739,0.411295,loan age required repair,invalid_date_relationship,0.998835,scheduled payment relative to balance (+0.38) | balance change 1m (+0.35) | current balance (-0.35),high,0.000592,raise_exception_for_review,Operational exception is more likely than not; route to the data-quality queue.,True
LN100141,2020-04,Arcadia Capital Servicing,Current,0.053759,0.065423,0.011111,0.999999,0.01448,Current,0.842179,0.538886,count of missing credit fields,none,0.507557,scheduled monthly payment (+1.03) | credit score band (+0.92) | property type (-0.76),high,0.000359,retention_review,Prepayment risk is elevated; refer for retention pricing review.,True
LN101035,2026-06,Kestrel Financial,Current,0.008189,0.006869,0.011111,0.145631,0.004227,Current,0.978265,0.139485,count of missing credit fields,none,0.376213,worst days past due in last 12 months (+1.18) | credit score band (-0.97) | note rate (+0.54),high,0.000532,monitor_no_action,All model scores below action thresholds.,True
LN100333,2026-06,Northgate Servicing,Current,0.009536,0.006187,0.011111,0.145631,0.759186,Current,0.974813,0.216996,document file incomplete,missing_documentation,0.994568,credit score band (-1.16) | note rate (+0.69) | debt-to-income band (+0.62),high,0.000202,raise_exception_for_review,Operational exception is more likely than not; route to the data-quality queue.,True
LN100335,2026-06,Arcadia Capital Servicing,Current,0.032228,0.026952,0.011111,0.03352,0.00399,Current,0.982915,0.062711,scheduled payment relative to balance,none,0.679189,note rate (+0.60) | debt-to-income band (-0.53) | property type (-0.42),high,0.000493,monitor_no_action,All model scores below action thresholds.,True
LN100340,2025-03,Northgate Servicing,Current,0.012276,0.009361,0.011111,0.12069,0.004006,Current,0.925418,0.065556,scheduled payment relative to balance,none,0.745947,state (+0.63) | note rate (+0.60) | balance change 1m (+0.35),high,0.000576,monitor_no_action,All model scores below action thresholds.,True
LN100470,2026-06,Arcadia Capital Servicing,Current,0.067841,0.055987,0.011111,0.03006,0.004248,Current,0.970089,0.076948,servicer feed record present,none,0.649974,credit score band (+0.50) | debt-to-income band (-0.48) | note rate (+0.48),high,0.000858,monitor_no_action,All model scores below action thresholds.,True
LN101173,2026-06,Arcadia Capital Servicing,Current,0.03032,0.038999,0.011111,0.934783,0.004194,Current,0.972192,0.074546,scheduled payment relative to balance,none,0.500343,credit score band (-1.23) | note rate (+0.73) | debt-to-income band (+0.53),high,0.000381,retention_review,Prepayment risk is elevated; refer for retention pricing review.,True
LN101174,2019-12,Northgate Servicing,Current,0.049411,0.042548,0.011111,0.999999,0.74536,Current,0.87868,0.216607,document file incomplete,missing_documentation,0.998253,credit score band (-1.00) | loan age (+0.74) | balance change 1m (+0.61),high,0.000311,raise_exception_for_review,Operational exception is more likely than not; route to the data-quality queue.,True
LN100119,2026-06,Pioneer Mortgage Ops,Current,0.044243,0.022551,0.011111,0.010363,0.004321,Current,0.989689,0.091974,servicer feed record present,none,0.656278,credit score band (+1.43) | credit score band (+0.60) | share of term elapsed (+0.54),high,0.000858,monitor_no_action,All model scores below action thresholds.,True
LN101304,2026-06,Belmont Loan Services,Current,0.016995,0.009835,0.011111,0.222222,0.761483,Current,0.968974,0.613654,servicer reporting lag,missing_documentation,0.786025,loan purpose (-0.70) | scheduled monthly payment (+0.56) | share of term elapsed (+0.34),high,0.0006,raise_exception_for_review,Operational exception is more likely than not; route to the data-quality queue.,True
LN101242,2021-06,Belmont Loan Services,Current,0.016089,0.020723,0.011111,0.999999,0.004786,Current,0.890537,0.150225,three-month balance movement,none,0.966218,credit score band (+1.64) | state (+0.89) | loan age (-0.54),high,0.000566,retention_review,Prepayment risk is elevated; refer for retention pricing review.,True
LN101244,2019-06,Belmont Loan Services,Current,0.048918,0.037388,0.011111,0.999999,0.055723,Current,0.781087,0.092667,servicer feed record present,none,0.57492,state (+0.60) | debt-to-income band (-0.44) | ltv band (+0.25),high,0.000661,retention_review,Prepayment risk is elevated; refer for retention pricing review.,True
LN101431,2020-02,Kestrel Financial,Current,0.017058,0.015377,0.011111,0.999999,0.746805,Current,0.876885,0.456282,document file incomplete,missing_documentation,0.996804,debt-to-income band (-0.49) | scheduled monthly payment (+0.41) | credit score band (+0.40),high,0.000166,raise_exception_for_review,Operational exception is more likely than not; route to the data-quality queue.,True
LN100921,2026-06,Kestrel Financial,Current,0.123782,0.05367,0.011111,0.03006,0.75815,Current,0.971345,0.719651,count of missing credit fields,missing_documentation,0.99633,credit score band (+0.49) | share of term elapsed (-0.46) | unemployment rate (+0.37),high,0.000271,raise_exception_for_review,Operational exception is more likely than not; route to the data-quality queue.,True
LN100212,2019-08,Arcadia Capital Servicing,Current,0.008788,0.005673,0.011111,0.999999,0.004467,Current,0.837004,0.03606,balance against expected amortisation for term elapsed,none,0.916257,credit score band (+0.76) | loan age (+0.58) | state (-0.39),high,0.000548,retention_review,Prepayment risk is elevated; refer for retention pricing review.,True
LN100214,2019-02,Pioneer Mortgage Ops,Current,0.044891,0.020019,0.011111,0.999999,0.005632,Current,0.913894,0.021901,month-over-month balance movement,none,0.519419,state (-1.34) | credit score band (+1.32) | note rate (+0.64),high,0.000468,retention_review,Prepayment risk is elevated; refer for retention pricing review.,True
LN100202,2026-06,Arcadia Capital Servicing,Current,0.01832,0.015525,0.011111,0.934783,0.004194,Current,0.962776,0.075879,scheduled payment relative to balance,none,0.30243,note rate (+0.81) | scheduled payment relative to balance (+0.63) | debt-to-income band (-0.29),high,0.000512,retention_review,Prepayment risk is elevated; refer for retention pricing review.,True
LN100735,2024-09,Belmont Loan Services,Current,0.052055,0.08952,0.011111,0.03006,0.004947,Current,0.899492,0.060066,count of missing credit fields,none,0.379099,credit score band (+1.73) | state (-1.13) | loan purpose (-0.41),high,0.000569,monitor_no_action,All model scores below action thresholds.,True
LN101247,2025-01,Arcadia Capital Servicing,Current,0.051196,0.057074,0.011111,0.023684,0.004063,Current,0.945521,0.04467,balance against expected amortisation for term elapsed,none,0.337569,state (-0.95) | credit score band (+0.72) | loan age (+0.44),high,0.000259,monitor_no_action,All model scores below action thresholds.,True
LN100179,2026-05,Northgate Servicing,Current,0.04248,0.041827,0.011111,0.03352,0.004057,Current,0.979,0.058133,scheduled payment relative to balance,none,0.838957,note rate (+1.02) | loan purpose (-0.61) | scheduled payment relative to balance (+0.57),high,0.000416,monitor_no_action,All model scores below action thresholds.,True
LN100668,2022-09,Kestrel Financial,Current,0.004738,0.007296,0.011111,0.999999,0.651528,Current,0.953757,0.207435,servicer reporting lag,stale_servicer_reporting,0.898778,credit score band (+1.28) | state (+0.92) | property type (-0.51),high,0.000755,raise_exception_for_review,Operational exception is more likely than not; route to the data-quality queue.,True
LN100891,2020-08,Northgate Servicing,Current,0.053168,0.024958,0.011111,0.999999,0.004276,Current,0.7654,0.045967,balance against expected amortisation for term elapsed,none,0.464092,credit score band (-1.13) | loan age (+0.57) | balance change 1m (+0.56),high,0.000415,retention_review,Prepayment risk is elevated; refer for retention pricing review.,True
LN100918,2026-06,Pioneer Mortgage Ops,Current,0.051115,0.070644,0.011111,0.03006,0.759426,Current,0.985221,0.984948,three-month balance movement,missing_documentation,0.98897,credit score band (+0.54) | share of term elapsed (+0.46) | property type (-0.35),high,0.000201,raise_exception_for_review,Operational exception is more likely than not; route to the data-quality queue.,True
LN100167,2026-06,Kestrel Financial,Current,0.035528,0.014958,0.011111,0.999999,0.004227,Current,0.920553,0.111027,servicer feed record present,none,0.485309,note rate (+0.51) | balance change 1m (+0.34) | scheduled payment relative to balance (+0.27),high,0.000559,retention_review,Prepayment risk is elevated; refer for retention pricing review.,True
LN100165,2021-08,Kestrel Financial,Current,0.016453,0.018286,0.011111,0.999999,0.004083,Current,0.877177,0.094815,month-over-month balance movement,none,0.589671,worst days past due in last 12 months (+0.86) | state (+0.66) | scheduled monthly payment (+0.51),high,0.000492,retention_review,Prepayment risk is elevated; refer for retention pricing review.,True
LN100894,2026-06,Northgate Servicing,Current,0.016736,0.009241,0.011111,0.145631,0.004396,Current,0.969243,0.086367,servicer feed record present,none,0.564183,worst days past due in last 12 months (+1.02) | note rate (+0.55) | worst days past due in last 6 months (-0.54),high,0.000776,monitor_no_action,All model scores below action thresholds.,True
LN101154,2022-07,Northgate Servicing,Current,0.011842,0.009079,0.011111,0.999999,0.004059,Current,0.909549,0.178291,three-month balance movement,none,0.907175,state (+1.01) | scheduled monthly payment (+0.38) | loan purpose (+0.34),high,0.000487,retention_review,Prepayment risk is elevated; refer for retention pricing review.,True
LN100671,2026-06,Pioneer Mortgage Ops,Current,0.019742,0.005431,0.011111,0.451638,0.007049,Current,0.95553,0.119249,count of missing credit fields,none,0.320472,credit score band (-1.15) | note rate (+0.73) | debt-to-income band (+0.49),high,0.000475,retention_review,Prepayment risk is elevated; refer for retention pricing review.,True
LN100641,2019-06,Belmont Loan Services,Current,0.021992,0.007345,0.011111,0.999999,0.005478,Current,0.96657,0.224815,record arrived by manual upload,none,0.812534,credit score band (+1.52) | debt-to-income band (+0.78) | ltv band (-0.37),high,0.001108,retention_review,Prepayment risk is elevated; refer for retention pricing review.,True
LN101424,2024-10,Belmont Loan Services,Current,0.012877,0.014048,0.011111,0.145631,0.010306,Current,0.927069,0.170346,count of missing credit fields,none,0.593912,credit score band (-0.84) | scheduled monthly payment (+0.75) | note rate (+0.60),high,0.000276,monitor_no_action,All model scores below action thresholds.,True
LN101030,2026-06,Kestrel Financial,Current,0.048575,0.022365,0.011111,0.03006,0.563987,Current,0.981295,0.270449,servicer reporting lag,stale_servicer_reporting,0.998107,debt-to-income band (+0.52) | state (+0.50) | loan age (+0.49),high,0.000445,raise_exception_for_review,Operational exception is more likely than not; route to the data-quality queue.,True
LN100724,2019-08,Arcadia Capital Servicing,Current,0.058946,0.077181,0.011111,0.999999,0.747261,Current,0.873908,0.235429,document file incomplete,missing_documentation,0.999608,state (-0.59) | debt-to-income band (+0.48) | property type (+0.47),high,0.000566,raise_exception_for_review,Operational exception is more likely than not; route to the data-quality queue.,True
LN100719,2026-06,Arcadia Capital Servicing,Current,0.102253,0.086491,0.011111,0.010363,0.004264,Current,0.980086,0.517037,three-month balance movement,none,0.833171,credit score band (+1.15) | share of term elapsed (+0.62) | loan-to-value band (+0.54),high,0.000335,monitor_no_action,All model scores below action thresholds.,True
LN100362,2023-02,Belmont Loan Services,Current,0.010807,0.006574,0.011111,0.999999,0.003837,Current,0.952884,0.059657,scheduled payment relative to balance,none,0.470706,note rate (+0.83) | loan age (-0.47) | debt-to-income band (+0.39),high,0.000353,retention_review,Prepayment risk is elevated; refer for retention pricing review.,True
LN100284,2026-06,Northgate Servicing,Current,0.030063,0.033263,0.011111,0.03006,0.846234,Current,0.98383,0.160003,servicer feed record present,balance_reconciliation_break,0.9989,credit score band (-1.51) | note rate (+0.70) | scheduled payment relative to balance (+0.49),high,0.000299,raise_exception_for_review,Operational exception is more likely than not; route to the data-quality queue.,True
LN101354,2026-06,Belmont Loan Services,Current,0.011136,0.016489,0.011111,0.03006,0.004362,Current,0.985127,0.542329,three-month balance movement,none,0.888979,loan age (+0.78) | state (+0.47) | property type (-0.35),high,0.000572,monitor_no_action,All model scores below action thresholds.,True
LN100798,2026-06,Belmont Loan Services,Current,0.056551,0.031825,0.011111,0.03006,0.006741,Current,0.986433,0.091533,count of missing credit fields,none,0.31449,credit score band (+1.24) | share of term elapsed (+0.72) | state (-0.44),high,0.000157,monitor_no_action,All model scores below action thresholds.,True
LN100974,2026-06,Belmont Loan Services,Current,0.030987,0.021879,0.011111,0.060606,0.004047,Current,0.975263,0.009907,scheduled payment relative to balance,none,0.796336,credit score band (+0.54) | debt-to-income band (+0.36) | loan-to-value band (-0.32),high,0.0018,monitor_no_action,All model scores below action thresholds.,True
LN100102,2026-06,Northgate Servicing,Current,0.039815,0.038807,0.011111,0.666667,0.004194,Current,0.966012,0.069026,scheduled payment relative to balance,none,0.342364,debt-to-income band (-0.47) | note rate (+0.45) | ltv band (+0.42),high,0.000548,retention_review,Prepayment risk is elevated; refer for retention pricing review.,True
LN100082,2021-06,Arcadia Capital Servicing,Current,0.027406,0.022211,0.011111,0.999999,0.004373,Current,0.832176,0.054405,servicer feed record present,none,0.770135,state (+0.60) | scheduled payment relative to balance (+0.49) | market rate delta 12m (-0.34),high,0.000845,retention_review,Prepayment risk is elevated; refer for retention pricing review.,True
LN100949,2020-04,Pioneer Mortgage Ops,Current,0.05992,0.058788,0.011111,0.999999,0.004025,Current,0.850646,0.099901,count of missing credit fields,none,0.855638,loan age (+0.68) | state (-0.51) | credit score band (+0.47),high,0.000306,retention_review,Prepayment risk is elevated; refer for retention pricing review.,True
LN100096,2020-07,Pioneer Mortgage Ops,Current,0.033944,0.029976,0.011111,0.999999,0.004154,Current,0.877174,0.008372,servicer reporting lag,none,0.56958,credit score band (+1.58) | credit score band (+0.61) | loan age (-0.50),high,0.001114,retention_review,Prepayment risk is elevated; refer for retention pricing review.,True
LN100758,2020-06,Kestrel Financial,Current,0.032974,0.041317,0.011111,0.999999,0.824185,Current,0.755758,0.276055,servicer reporting lag,invalid_date_relationship,0.99802,credit score band (+0.56) | state (+0.53) | debt-to-income band (-0.51),high,0.000188,raise_exception_for_review,Operational exception is more likely than not; route to the data-quality queue.,True
LN101097,2026-06,Northgate Servicing,Current,0.015787,0.009837,0.011111,0.12069,0.004276,Current,0.968522,0.047116,three-month balance movement,none,0.7709,worst days past due in last 12 months (+1.33) | credit score band (-1.07) | state (+0.92),high,0.000248,monitor_no_action,All model scores below action thresholds.,True
LN100297,2026-01,Northgate Servicing,Current,0.037023,0.024694,0.011111,0.03352,0.851149,Current,0.938013,0.571158,servicer feed balance gap,balance_reconciliation_break,0.996328,market rate delta 12m (-0.61) | state (+0.48) | loan purpose (+0.34),high,0.000443,raise_exception_for_review,Operational exception is more likely than not; route to the data-quality queue.,True
LN101105,2020-12,Belmont Loan Services,Current,0.009608,0.010727,0.011111,0.999999,0.017132,Current,0.93657,0.11623,count of missing credit fields,none,0.248458,loan age (+0.77) | credit score band (+0.65) | market rate delta 12m (-0.57),high,0.000403,retention_review,Prepayment risk is elevated; refer for retention pricing review.,True
LN100623,2024-07,Pioneer Mortgage Ops,Current,0.006862,0.0084,0.011111,0.023684,0.756681,Current,0.981372,0.29532,document file incomplete,missing_documentation,0.998447,worst days past due in last 12 months (+1.16) | scheduled monthly payment (-0.63) | worst days past due in last 6 months (-0.47),high,0.000484,raise_exception_for_review,Operational exception is more likely than not; route to the data-quality queue.,True
LN101177,2019-02,Northgate Servicing,Current,0.02233,0.032313,0.011111,0.999999,0.004752,Current,0.812318,0.08226,month-over-month balance movement,none,0.559022,credit score band (+1.56) | servicer (-0.55) | loan-to-value band (-0.43),high,0.000955,retention_review,Prepayment risk is elevated; refer for retention pricing review.,True
LN100952,2020-03,Arcadia Capital Servicing,Current,0.027448,0.017795,0.011111,0.999999,0.004642,Current,0.881554,0.064826,servicer feed record present,none,0.416376,credit score band (+1.48) | property type (-0.66) | unemployment rate (+0.54),high,0.000372,retention_review,Prepayment risk is elevated; refer for retention pricing review.,True
LN100827,2026-06,Belmont Loan Services,Current,0.04587,0.03508,0.011111,0.222222,0.00399,Current,0.956787,0.065087,scheduled payment relative to balance,none,0.543804,note rate (+0.75) | loan purpose (+0.39) | scheduled payment relative to balance (+0.38),high,0.000902,monitor_no_action,All model scores below action thresholds.,True
LN100821,2026-06,Pioneer Mortgage Ops,Current,0.017087,0.020646,0.011111,0.4375,0.004505,Current,0.949188,0.122586,scheduled payment relative to balance,none,0.444593,credit score band (+1.19) | note rate (+0.68) | credit score band (+0.49),high,0.000388,monitor_no_action,All model scores below action thresholds.,True
LN101081,2019-09,Belmont Loan Services,Current,0.021711,0.020213,0.011111,0.999999,0.00452,Current,0.786457,0.07942,month-over-month balance movement,none,0.868,scheduled payment relative to balance (+0.39) | balance against expected amortisation (+0.37) | debt-to-income band (-0.36),high,0.000294,retention_review,Prepayment risk is elevated; refer for retention pricing review.,True
LN100959,2021-11,Arcadia Capital Servicing,Current,0.075191,0.070301,0.011111,0.999999,0.003872,Current,0.955311,0.002548,servicer reporting lag,none,0.506289,scheduled monthly payment (-0.75) | loan-to-value band (+0.74) | credit score band (+0.54),high,0.000782,retention_review,Prepayment risk is elevated; refer for retention pricing review.,True
LN100954,2019-01,Kestrel Financial,Current,0.063568,0.067948,0.011111,0.999999,0.005735,Current,0.826256,0.165142,balance against expected amortisation for term elapsed,none,0.326856,state (+0.70) | balance against expected amortisation (+0.39) | share of term elapsed (-0.38),high,6.4e-05,retention_review,Prepayment risk is elevated; refer for retention pricing review.,True
LN100058,2026-06,Northgate Servicing,Current,0.011996,0.02069,0.011111,0.235294,0.004518,Current,0.981664,0.256625,record arrived by manual upload,none,0.406449,note rate (+0.91) | scheduled payment relative to balance (+0.48) | balance change 1m (+0.43),high,0.000922,monitor_no_action,All model scores below action thresholds.,True
LN100829,2026-06,Arcadia Capital Servicing,Current,0.033781,0.034651,0.011111,0.222222,0.004194,Current,0.971685,0.075264,scheduled payment relative to balance,none,0.313666,state (-0.84) | note rate (+0.72) | scheduled payment relative to balance (+0.58),high,0.00018,monitor_no_action,All model scores below action thresholds.,True
LN100580,2026-06,Arcadia Capital Servicing,Current,0.042817,0.051158,0.011111,0.003945,0.003988,Current,0.957496,0.026943,balance against expected amortisation for term elapsed,none,0.880206,credit score band (+0.71) | loan age (+0.54) | debt-to-income band (-0.34),high,0.000121,monitor_no_action,All model scores below action thresholds.,True
LN101003,2026-06,Kestrel Financial,Current,0.041015,0.063821,0.011111,0.145631,0.004302,Current,0.948484,0.110661,servicer feed record present,none,0.572652,credit score band (-1.25) | note rate (+0.60) | state (+0.56),high,0.000264,monitor_no_action,All model scores below action thresholds.,True
LN100245,2020-06,Kestrel Financial,Current,0.037343,0.040572,0.011111,0.999999,0.771649,Current,0.935297,0.233839,document file incomplete,missing_documentation,0.998877,credit score band (+1.54) | state (+0.54) | credit score band (+0.41),high,0.000662,raise_exception_for_review,Operational exception is more likely than not; route to the data-quality queue.,True
LN100224,2026-06,Pioneer Mortgage Ops,Current,0.019911,0.047409,0.011111,0.03006,0.004667,Current,0.971414,0.223473,scheduled payment relative to balance,none,0.854204,debt-to-income band (+0.55) | note rate (+0.50) | credit score band (+0.48),high,0.000722,monitor_no_action,All model scores below action thresholds.,True
LN100270,2026-06,Northgate Servicing,Current,0.032513,0.008356,0.011111,0.12069,0.748371,Current,0.980126,0.543508,scheduled payment relative to balance,missing_documentation,0.997916,state (+0.69) | note rate (+0.54) | balance against expected amortisation (-0.43),high,0.000561,raise_exception_for_review,Operational exception is more likely than not; route to the data-quality queue.,True
LN100237,2023-08,Arcadia Capital Servicing,Current,0.013734,0.003878,0.011111,0.934783,0.759426,Current,0.871193,0.258475,document file incomplete,missing_documentation,0.999169,credit score band (+0.62) | note rate (+0.45) | balance change 1m (+0.33),high,0.000851,raise_exception_for_review,Operational exception is more likely than not; route to the data-quality queue.,True
LN100546,2026-06,Northgate Servicing,Current,0.069333,0.073951,0.011111,0.03006,0.003988,Current,0.968871,0.043156,month-over-month balance movement,none,0.432704,months delinquent in last 12 months (+1.00) | state (+0.48) | current balance (+0.36),high,0.000309,monitor_no_action,All model scores below action thresholds.,True
LN100047,2025-06,Arcadia Capital Servicing,Current,0.006344,0.015004,0.011111,0.235294,0.004295,Current,0.985079,0.111993,servicer feed record present,none,0.487794,note rate (+0.86) | scheduled payment relative to balance (+0.48) | credit score band (+0.47),high,0.000767,monitor_no_action,All model scores below action thresholds.,True
LN101455,2020-07,Belmont Loan Services,Current,0.049103,0.06275,0.011111,0.999999,0.870399,Current,0.838596,0.659685,servicer feed balance gap,missing_documentation,0.644357,credit score band (+1.71) | state (+0.63) | months delinquent in last 12 months (+0.51),high,0.001059,raise_exception_for_review,Operational exception is more likely than not; route to the data-quality queue.,True
LN100969,2021-01,Northgate Servicing,Current,0.010319,0.007384,0.011111,0.999999,0.005484,Current,0.857612,0.259034,three-month balance movement,none,0.337427,credit score band (+0.60) | balance change 3m (-0.53) | loan-to-value band (+0.47),high,0.000604,retention_review,Prepayment risk is elevated; refer for retention pricing review.,True
LN100144,2024-06,Kestrel Financial,Current,0.016883,0.03075,0.006676,0.12069,0.759186,Current,0.885415,0.209775,document file incomplete,missing_documentation,0.996672,credit score band (+1.11) | property type (-0.62) | loan age (-0.43),high,0.000352,raise_exception_for_review,Operational exception is more likely than not; route to the data-quality queue.,True
LN100004,2026-06,Belmont Loan Services,Current,0.021524,0.012021,0.006316,0.999999,0.004194,Current,0.938402,0.090522,scheduled payment relative to balance,none,0.67185,note rate (+0.66) | loan purpose (-0.44) | positive refinance incentive (+0.39),high,0.000226,retention_review,Prepayment risk is elevated; refer for retention pricing review.,True
LN100991,2026-06,Arcadia Capital Servicing,Current,0.016402,0.009318,0.006316,0.03006,0.869409,Current,0.995008,0.415531,document file incomplete,balance_reconciliation_break,0.956683,share of term elapsed (+0.72) | state (-0.57) | scheduled monthly payment (-0.49),high,6.9e-05,raise_exception_for_review,Operational exception is more likely than not; route to the data-quality queue.,True
LN101470,2020-09,Northgate Servicing,Current,0.006791,0.004446,0.006316,0.999999,0.004064,Current,0.859442,0.175132,record arrived by manual upload,none,0.288186,current balance (-0.57) | debt-to-income band (-0.44) | servicer (-0.39),high,8.4e-05,retention_review,Prepayment risk is elevated; refer for retention pricing review.,True
LN101472,2025-04,Kestrel Financial,Current,0.00826,0.009629,0.006316,0.222222,0.756565,Current,0.941317,0.421529,document file incomplete,missing_documentation,0.997458,note rate (+0.70) | loan purpose (-0.43) | debt-to-income band (+0.37),high,0.000122,raise_exception_for_review,Operational exception is more likely than not; route to the data-quality queue.,True
LN101474,2026-06,Belmont Loan Services,Current,0.011406,0.013312,0.006316,0.03006,0.004003,Current,0.985866,0.090302,count of missing credit fields,none,0.69067,credit score band (-1.03) | note rate (+0.72) | scheduled monthly payment (-0.43),high,0.000131,monitor_no_action,All model scores below action thresholds.,True
LN100536,2026-06,Belmont Loan Services,Current,0.093904,0.074841,0.006316,0.03006,0.003988,Current,0.962814,0.022693,balance against expected amortisation for term elapsed,none,0.925848,credit score band (+2.19) | credit score band (+0.52) | state (-0.47),high,0.000146,monitor_no_action,All model scores below action thresholds.,True
LN100557,2025-02,Pioneer Mortgage Ops,Current,0.012209,0.015146,0.006316,0.03006,0.00438,Current,0.901223,0.053911,servicer feed record present,none,0.453961,debt-to-income band (-0.34) | market rate delta 12m (-0.29) | state (+0.25),high,7.5e-05,monitor_no_action,All model scores below action thresholds.,True
LN101207,2026-06,Kestrel Financial,Current,0.007976,0.006659,0.006316,0.61149,0.850483,Current,0.975471,0.310105,scheduled payment relative to balance,balance_reconciliation_break,0.997333,scheduled monthly payment (+0.80) | worst days past due in last 12 months (+0.73) | worst days past due in last 6 months (-0.61),high,0.000404,raise_exception_for_review,Operational exception is more likely than not; route to the data-quality queue.,True
LN101202,2026-05,Kestrel Financial,Current,0.01706,0.034441,0.006316,0.145631,0.01495,Current,0.977935,0.138044,count of missing credit fields,none,0.387576,state (-0.80) | original balance (-0.51) | credit score band (+0.47),high,0.000108,monitor_no_action,All model scores below action thresholds.,True
LN101197,2026-06,Belmont Loan Services,Current,0.040274,0.015246,0.006316,0.03006,0.851149,Current,0.990757,0.295888,servicer feed balance gap,balance_reconciliation_break,0.991668,share of term elapsed (+0.47) | loan purpose (-0.43) | debt-to-income band (-0.40),high,7.7e-05,raise_exception_for_review,Operational exception is more likely than not; route to the data-quality queue.,True
LN101196,2026-06,Arcadia Capital Servicing,Current,0.020802,0.010862,0.006316,0.060606,0.005662,Current,0.987437,0.075774,count of missing credit fields,none,0.483571,credit score band (-1.30) | state (+0.66) | credit score band (-0.39),high,0.000103,monitor_no_action,All model scores below action thresholds.,True
LN101483,2026-06,Kestrel Financial,Current,0.014767,0.00979,0.006316,0.934783,0.004561,Current,0.975867,0.196134,servicer reporting lag,none,0.713019,credit score band (-1.05) | note rate (+0.75) | state (-0.66),high,4e-05,retention_review,Prepayment risk is elevated; refer for retention pricing review.,True
LN100021,2022-02,Kestrel Financial,Current,0.001775,0.001262,0.006316,0.999999,0.007281,Current,0.878338,0.121308,count of missing credit fields,none,0.59325,credit score band (-1.09) | state (+0.43) | balance against expected amortisation (+0.34),high,4.1e-05,retention_review,Prepayment risk is elevated; refer for retention pricing review.,True
LN100014,2025-06,Arcadia Capital Servicing,Current,0.005012,0.003443,0.006316,0.145631,0.733846,Current,0.975275,0.431115,balance required repair,unexpected_balance_movement,0.998406,credit score band (-1.27) | note rate (+0.52) | state (+0.30),high,5.4e-05,raise_exception_for_review,Operational exception is more likely than not; route to the data-quality queue.,True
LN100013,2026-06,Arcadia Capital Servicing,Current,0.023378,0.017575,0.006316,0.03006,0.881656,Current,0.994211,0.706915,loan age required repair,invalid_date_relationship,0.999532,state (+0.47) | credit score band (+0.42) | debt-to-income band (-0.33),high,8.6e-05,raise_exception_for_review,Operational exception is more likely than not; route to the data-quality queue.,True
LN100011,2026-06,Belmont Loan Services,Current,0.025293,0.052207,0.006316,0.023684,0.88146,Current,0.989107,0.384973,loan age required repair,invalid_date_relationship,0.999573,credit score band (+1.21) | state (-1.02) | months delinquent in last 12 months (+0.90),high,0.00018,raise_exception_for_review,Operational exception is more likely than not; route to the data-quality queue.,True
LN100009,2026-06,Belmont Loan Services,Current,0.005093,0.00454,0.006316,0.458333,0.363611,Current,0.96641,0.109147,servicer feed record present,none,0.388551,credit score band (-1.00) | note rate (+0.68) | scheduled payment relative to balance (+0.52),high,0.000101,retention_review,Prepayment risk is elevated; refer for retention pricing review.,True
LN100000,2021-03,Northgate Servicing,Current,0.004856,0.006863,0.006316,0.999999,0.005886,Current,0.819604,0.431959,count of missing credit fields,none,0.317473,credit score band (+0.61) | servicer (-0.38) | debt-to-income band (+0.36),high,0.000112,retention_review,Prepayment risk is elevated; refer for retention pricing review.,True
LN101499,2021-06,Northgate Servicing,Current,0.005136,0.005046,0.006316,0.999999,0.004802,Current,0.82573,0.05313,servicer feed record present,none,0.399014,positive refinance incentive (+0.49) | scheduled payment relative to balance (+0.38) | loan purpose (-0.38),high,0.000117,retention_review,Prepayment risk is elevated; refer for retention pricing review.,True
LN101497,2022-01,Kestrel Financial,Current,0.028725,0.020399,0.006316,0.999999,0.004369,Current,0.970799,0.117416,count of missing credit fields,none,0.572109,credit score band (+1.18) | credit score band (+0.40) | loan-to-value band (-0.40),high,0.000252,retention_review,Prepayment risk is elevated; refer for retention pricing review.,True
LN101478,2019-03,Arcadia Capital Servicing,Current,0.019994,0.018826,0.006316,0.999999,0.004693,Current,0.800134,0.026151,balance against expected amortisation for term elapsed,none,0.554923,refinance incentive (note rate less market rate) (-0.30) | debt-to-income band (+0.28) | scheduled payment relative to balance (+0.27),high,0.000226,retention_review,Prepayment risk is elevated; refer for retention pricing review.,True
LN101215,2024-08,Northgate Servicing,Current,0.01973,0.036314,0.006316,0.145631,0.003909,Current,0.91174,0.004171,servicer reporting lag,none,0.399099,refinance incentive (note rate less market rate) (+0.56) | market mortgage rate (+0.44) | loan purpose (-0.34),high,0.000207,monitor_no_action,All model scores below action thresholds.,True
LN101211,2026-06,Kestrel Financial,Current,0.033145,0.03032,0.006316,0.458333,0.004194,Current,0.965429,0.079097,scheduled payment relative to balance,none,0.272,scheduled monthly payment (+0.76) | current balance (-0.56) | positive refinance incentive (+0.44),high,0.000394,retention_review,Prepayment risk is elevated; refer for retention pricing review.,True
LN100579,2026-06,Arcadia Capital Servicing,Current,0.012856,0.006374,0.006316,0.222222,0.004791,Current,0.975329,0.251603,scheduled payment relative to balance,none,0.738766,balance change 3m (-0.60) | scheduled monthly payment (+0.52) | note rate (+0.45),high,7.6e-05,monitor_no_action,All model scores below action thresholds.,True
LN100578,2026-06,Belmont Loan Services,Current,0.009039,0.00365,0.006316,0.003945,0.006984,Current,0.992779,0.066019,count of missing credit fields,none,0.696025,credit score band (-1.33) | credit score band (-0.43) | loan age (+0.29),high,4.1e-05,monitor_no_action,All model scores below action thresholds.,True
LN100577,2026-06,Kestrel Financial,Current,0.014175,0.003983,0.006316,0.03006,0.003935,Current,0.993436,0.44075,balance against expected amortisation for term elapsed,none,0.848749,credit score band (-0.97) | share of term elapsed (+0.47) | state (-0.33),high,5.3e-05,monitor_no_action,All model scores below action thresholds.,True
LN100574,2019-01,Northgate Servicing,Current,0.013743,0.02133,0.006316,0.999999,0.005229,Current,0.820066,0.025039,balance against expected amortisation for term elapsed,none,0.451529,credit score band (-0.84) | balance change 1m (+0.44) | scheduled payment relative to balance (+0.39),high,0.000332,retention_review,Prepayment risk is elevated; refer for retention pricing review.,True
LN100571,2019-10,Northgate Servicing,Current,0.022151,0.014593,0.006316,0.999999,0.004898,Current,0.835756,0.039894,servicer reporting lag,none,0.916955,scheduled payment relative to balance (+0.40) | servicer (-0.28) | loan age (+0.28),high,0.000245,retention_review,Prepayment risk is elevated; refer for retention pricing review.,True
LN100599,2026-06,Pioneer Mortgage Ops,Current,0.030864,0.041227,0.006316,0.03006,0.005077,Current,0.99138,0.078169,servicer feed record present,none,0.95641,share of term elapsed (+0.52) | property type (-0.42) | current balance (-0.39),high,0.000167,monitor_no_action,All model scores below action thresholds.,True
LN100598,2021-04,Kestrel Financial,Current,0.007312,0.010015,0.006316,0.999999,0.021406,Current,0.643455,0.212754,count of missing credit fields,none,0.294979,credit score band (+0.65) | loan-to-value band (-0.34) | credit score band (+0.32),high,0.0002,retention_review,Prepayment risk is elevated; refer for retention pricing review.,True
LN100596,2026-06,Belmont Loan Services,Current,0.012032,0.014394,0.006316,0.222222,0.012152,Current,0.960489,0.210154,scheduled payment relative to balance,none,0.559556,credit score band (-1.23) | note rate (+0.54) | scheduled monthly payment (+0.49),high,0.000164,monitor_no_action,All model scores below action thresholds.,True
LN100534,2021-04,Northgate Servicing,Current,0.011702,0.008219,0.006316,0.999999,0.005129,Current,0.940631,0.060101,servicer feed record present,none,0.762215,loan age (+0.77) | market rate delta 12m (-0.59) | debt-to-income band (-0.33),high,6.9e-05,retention_review,Prepayment risk is elevated; refer for retention pricing review.,True
LN100532,2019-01,Arcadia Capital Servicing,Current,0.009674,0.0087,0.006316,0.999999,0.005684,Current,0.846489,0.438065,balance against expected amortisation for term elapsed,none,0.297987,share of term elapsed (-0.36) | scheduled monthly payment (+0.30) | unemployment rate (-0.28),high,0.000243,retention_review,Prepayment risk is elevated; refer for retention pricing review.,True
LN100530,2019-01,Kestrel Financial,Current,0.006736,0.007457,0.006316,0.999999,0.689784,Current,0.825623,0.310133,servicer reporting lag,stale_servicer_reporting,0.983094,state (-0.34) | scheduled payment relative to balance (+0.32) | loan purpose (-0.32),high,0.000129,raise_exception_for_review,Operational exception is more likely than not; route to the data-quality queue.,True
LN100522,2019-01,Belmont Loan Services,Current,0.011073,0.024261,0.006316,0.999999,0.005413,Current,0.655452,0.061858,balance against expected amortisation for term elapsed,none,0.591892,state (-0.99) | balance against expected amortisation (+0.59) | scheduled payment relative to balance (+0.33),high,0.000263,retention_review,Prepayment risk is elevated; refer for retention pricing review.,True
LN100550,2026-06,Pioneer Mortgage Ops,Current,0.01526,0.00632,0.006316,0.03006,0.590219,Current,0.994052,0.170555,servicer reporting lag,stale_servicer_reporting,0.997423,credit score band (-1.11) | share of term elapsed (+0.51) | scheduled monthly payment (+0.32),high,4.1e-05,raise_exception_for_review,Operational exception is more likely than not; route to the data-quality queue.,True
LN100541,2026-06,Belmont Loan Services,Current,0.013309,0.007817,0.006316,0.079156,0.00399,Current,0.975653,0.060198,scheduled payment relative to balance,none,0.427923,credit score band (-1.26) | note rate (+0.74) | state (-0.71),high,0.000162,monitor_no_action,All model scores below action thresholds.,True
LN100488,2021-01,Belmont Loan Services,Current,0.028235,0.013726,0.006316,0.999999,0.004538,Current,0.62843,0.062799,count of missing credit fields,none,0.388812,credit score band (+1.76) | state (-0.74) | property type (-0.55),high,0.000286,retention_review,Prepayment risk is elevated; refer for retention pricing review.,True
LN100518,2026-06,Arcadia Capital Servicing,Current,0.016276,0.004058,0.006316,0.023684,0.757583,Current,0.991411,0.453932,three-month balance movement,missing_documentation,0.995568,credit score band (-0.95) | scheduled monthly payment (+0.49) | credit score band (-0.28),high,6.5e-05,raise_exception_for_review,Operational exception is more likely than not; route to the data-quality queue.,True
LN100512,2026-06,Kestrel Financial,Current,0.088799,0.032732,0.006316,0.023684,0.017182,Current,0.976681,0.246324,count of missing credit fields,none,0.336443,credit score band (+0.71) | loan-to-value band (+0.44) | scheduled monthly payment (-0.36),high,9.4e-05,monitor_no_action,All model scores below action thresholds.,True
LN100594,2026-06,Northgate Servicing,Current,0.012125,0.011656,0.006316,0.145631,0.620442,Current,0.981469,0.69624,loan age required repair,invalid_date_relationship,0.998285,note rate (+0.69) | debt-to-income band (-0.31) | remaining term months (-0.29),high,0.000149,raise_exception_for_review,Operational exception is more likely than not; route to the data-quality queue.,True
LN100589,2025-07,Northgate Servicing,Current,0.00537,0.005297,0.006316,0.145631,0.004597,Current,0.972884,0.189341,scheduled payment relative to balance,none,0.698198,note rate (+0.87) | state (+0.81) | market rate delta 12m (-0.56),high,0.000281,monitor_no_action,All model scores below action thresholds.,True
LN100588,2021-07,Kestrel Financial,Current,0.034175,0.035542,0.006316,0.999999,0.004483,Current,0.790165,0.025305,balance against expected amortisation for term elapsed,none,0.450345,credit score band (+1.21) | state (+0.61) | debt-to-income band (-0.49),high,0.000332,retention_review,Prepayment risk is elevated; refer for retention pricing review.,True
LN100587,2020-10,Arcadia Capital Servicing,Current,0.015341,0.007216,0.006316,0.999999,0.004286,Current,0.892803,0.47316,balance against expected amortisation for term elapsed,none,0.676401,credit score band (-0.87) | balance against expected amortisation (+0.64) | loan purpose (-0.50),high,7.9e-05,retention_review,Prepayment risk is elevated; refer for retention pricing review.,True
LN100585,2026-06,Belmont Loan Services,Current,0.027043,0.021411,0.006316,0.003945,0.003988,Current,0.990941,0.128376,balance against expected amortisation for term elapsed,none,0.844039,state (+0.42) | loan age (-0.30) | share of term elapsed (+0.28),high,8.9e-05,monitor_no_action,All model scores below action thresholds.,True
LN100606,2026-06,Belmont Loan Services,Current,0.017039,0.01522,0.006316,0.4375,0.004194,Current,0.982956,0.053657,scheduled payment relative to balance,none,0.400587,state (-0.80) | note rate (+0.71) | debt-to-income band (-0.65),high,0.00042,monitor_no_action,All model scores below action thresholds.,True
LN100602,2026-06,Kestrel Financial,Current,0.017001,0.004998,0.006316,0.023684,0.004055,Current,0.994354,0.040699,month-over-month balance movement,none,0.316344,worst days past due in last 12 months (+1.63) | loan purpose (-0.60) | credit score band (-0.43),high,0.0001,monitor_no_action,All model scores below action thresholds.,True
LN100508,2026-06,Arcadia Capital Servicing,Current,0.017654,0.005152,0.006316,0.03006,0.003988,Current,0.995407,0.038031,month-over-month balance movement,none,0.695738,credit score band (-0.77) | property type (-0.36) | share of term elapsed (+0.35),high,2.6e-05,monitor_no_action,All model scores below action thresholds.,True
LN100507,2023-09,Northgate Servicing,Current,0.003618,0.001884,0.006316,0.03352,0.003982,Current,0.909117,0.272088,record arrived by manual upload,none,0.52261,note rate (+0.71) | state (-0.52) | loan age (-0.49),high,9e-05,monitor_no_action,All model scores below action thresholds.,True
LN100504,2025-04,Belmont Loan Services,Current,0.003484,0.002507,0.006316,0.999999,0.00425,Current,0.900193,0.113334,servicer feed record present,none,0.330807,credit score band (-1.05) | note rate (+0.59) | balance change 1m (+0.38),high,2.9e-05,retention_review,Prepayment risk is elevated; refer for retention pricing review.,True
LN101222,2026-06,Northgate Servicing,Current,0.02485,0.049954,0.006316,0.023684,0.853154,Current,0.986581,0.759619,three-month balance movement,balance_reconciliation_break,0.994031,worst days past due in last 12 months (+0.90) | share of term elapsed (+0.70) | scheduled monthly payment (-0.53),high,0.000194,raise_exception_for_review,Operational exception is more likely than not; route to the data-quality queue.,True
LN101221,2026-06,Arcadia Capital Servicing,Current,0.095396,0.033473,0.006316,0.023684,0.004287,Current,0.988351,0.837884,month-over-month balance movement,none,0.637297,state (+0.56) | debt-to-income band (+0.45) | loan purpose (+0.31),high,0.000215,monitor_no_action,All model scores below action thresholds.,True
LN101219,2025-03,Northgate Servicing,Current,0.003691,0.005054,0.006316,0.145631,0.759186,Current,0.958327,0.248912,document file incomplete,missing_documentation,0.998835,note rate (+0.69) | scheduled payment relative to balance (+0.50) | balance change 1m (+0.44),high,0.000162,raise_exception_for_review,Operational exception is more likely than not; route to the data-quality queue.,True
LN101234,2019-05,Northgate Servicing,Current,0.010517,0.003349,0.006316,0.999999,0.004574,Current,0.718773,0.026446,balance against expected amortisation for term elapsed,none,0.867156,debt-to-income band (-0.41) | loan purpose (-0.35) | servicer (-0.34),high,9.8e-05,retention_review,Prepayment risk is elevated; refer for retention pricing review.,True
LN101233,2026-06,Northgate Servicing,Current,0.012685,0.014266,0.006316,0.03006,0.004061,Current,0.98872,0.173522,balance against expected amortisation for term elapsed,none,0.765423,credit score band (-1.43) | loan age (+0.65) | credit score band (-0.40),high,1.8e-05,monitor_no_action,All model scores below action thresholds.,True
LN101232,2026-06,Belmont Loan Services,Current,0.045154,0.031428,0.006316,0.03006,0.80828,Current,0.990292,0.359163,servicer reporting lag,missing_documentation,0.876411,credit score band (+0.95) | state (-0.46) | scheduled monthly payment (+0.39),high,0.000207,raise_exception_for_review,Operational exception is more likely than not; route to the data-quality queue.,True
LN101231,2021-07,Arcadia Capital Servicing,Current,0.008689,0.010008,0.006316,0.999999,0.004083,Current,0.867302,0.194697,balance against expected amortisation for term elapsed,none,0.749066,loan purpose (-0.44) | balance against expected amortisation (+0.29) | scheduled payment relative to balance (+0.27),high,0.00012,retention_review,Prepayment risk is elevated; refer for retention pricing review.,True
LN101225,2021-06,Belmont Loan Services,Current,0.011101,0.023764,0.006316,0.999999,0.569488,Current,0.885645,0.273541,servicer reporting lag,stale_servicer_reporting,0.99855,credit score band (+1.56) | loan-to-value band (-0.35) | credit score band (+0.33),high,0.000222,raise_exception_for_review,Operational exception is more likely than not; route to the data-quality queue.,True
LN101185,2026-06,Arcadia Capital Servicing,Current,0.006922,0.007751,0.006316,0.023684,0.004126,Current,0.99051,0.046322,balance against expected amortisation for term elapsed,none,0.406722,worst days past due in last 12 months (+1.40) | credit score band (-1.06) | worst days past due in last 6 months (-0.62),high,7.3e-05,monitor_no_action,All model scores below action thresholds.,True
LN100631,2023-05,Belmont Loan Services,Current,0.013745,0.010004,0.006316,0.999999,0.003865,Current,0.923498,0.063348,three-month balance movement,none,0.4585,note rate (+0.62) | loan age (-0.37) | balance change 1m (+0.35),high,0.000226,retention_review,Prepayment risk is elevated; refer for retention pricing review.,True
LN100626,2024-02,Belmont Loan Services,Current,0.003534,0.001348,0.006316,0.458333,0.004189,Current,0.878332,0.071527,three-month balance movement,none,0.597209,credit score band (-0.99) | state (+0.56) | balance change 1m (+0.47),high,6.1e-05,retention_review,Prepayment risk is elevated; refer for retention pricing review.,True
LN100624,2026-06,Kestrel Financial,Current,0.053753,0.070554,0.006316,0.003945,0.85535,Current,0.970721,0.143545,servicer reporting lag,invalid_date_relationship,0.9936,credit score band (+1.46) | state (-0.80) | share of term elapsed (+0.60),high,0.000364,raise_exception_for_review,Operational exception is more likely than not; route to the data-quality queue.,True
LN100620,2026-06,Belmont Loan Services,Current,0.027109,0.038186,0.006316,0.03006,0.197086,Current,0.984117,1.0,note rate required repair,none,0.350094,remaining term months (-0.41) | state (+0.41) | balance change 3m (-0.36),high,0.00011,monitor_no_action,All model scores below action thresholds.,True
LN100503,2026-06,Northgate Servicing,Current,0.008043,0.007309,0.006316,0.023684,0.003988,Current,0.989816,0.098186,balance against expected amortisation for term elapsed,none,0.757237,credit score band (-1.12) | loan age (+0.46) | credit score band (-0.40),high,4.7e-05,monitor_no_action,All model scores below action thresholds.,True
LN100502,2026-06,Pioneer Mortgage Ops,Current,0.015998,0.00826,0.006316,0.023684,0.00484,Current,0.984658,0.186397,count of missing credit fields,none,0.482964,state (-0.70) | loan age (+0.58) | loan purpose (+0.33),high,0.00019,monitor_no_action,All model scores below action thresholds.,True
LN100501,2021-09,Northgate Servicing,Current,0.048431,0.045382,0.006316,0.999999,0.005159,Current,0.891489,0.200314,three-month balance movement,none,0.841492,credit score band (+1.67) | debt-to-income band (+0.74) | loan age (-0.59),high,0.000631,retention_review,Prepayment risk is elevated; refer for retention pricing review.,True
LN100500,2019-02,Kestrel Financial,Current,0.039766,0.022023,0.006316,0.999999,0.00451,Current,0.675389,0.029993,servicer reporting lag,none,0.370503,debt-to-income band (-0.52) | loan purpose (-0.44) | state (+0.41),high,5.5e-05,retention_review,Prepayment risk is elevated; refer for retention pricing review.,True
LN100491,2026-06,Kestrel Financial,Current,0.012386,0.004818,0.006316,0.023684,0.003847,Current,0.985007,0.127072,balance against expected amortisation for term elapsed,none,0.713724,credit score band (-1.27) | loan age (+0.48) | credit score band (-0.39),high,6.8e-05,monitor_no_action,All model scores below action thresholds.,True
LN100489,2020-02,Northgate Servicing,Current,0.063865,0.040512,0.006316,0.999999,0.004375,Current,0.814234,0.162188,three-month balance movement,none,0.631695,credit score band (+0.60) | share of term elapsed (-0.47) | balance change 3m (-0.42),high,3e-05,retention_review,Prepayment risk is elevated; refer for retention pricing review.,True
LN100463,2019-08,Arcadia Capital Servicing,Current,0.005861,0.002241,0.006316,0.999999,0.004796,Current,0.881235,0.079235,servicer feed record present,none,0.900464,credit score band (+0.52) | debt-to-income band (-0.45) | balance change 1m (+0.29),high,0.000189,retention_review,Prepayment risk is elevated; refer for retention pricing review.,True
LN100461,2026-06,Arcadia Capital Servicing,Current,0.012269,0.01591,0.006316,0.145631,0.004496,Current,0.969709,0.176256,scheduled payment relative to balance,none,0.645138,note rate (+0.74) | debt-to-income band (-0.51) | property type (-0.49),high,6.3e-05,monitor_no_action,All model scores below action thresholds.,True
LN100458,2026-06,Northgate Servicing,Current,0.013646,0.041746,0.006316,0.03006,0.003988,Current,0.986654,0.060702,balance against expected amortisation for term elapsed,none,0.670414,credit score band (+1.10) | loan-to-value band (-0.35) | loan purpose (+0.33),high,0.000234,monitor_no_action,All model scores below action thresholds.,True
LN100486,2026-06,Arcadia Capital Servicing,Current,0.046939,0.019586,0.006316,0.934783,0.003961,Current,0.966841,0.047666,three-month balance movement,none,0.619852,property type (-0.71) | credit score band (+0.49) | servicer (+0.36),high,0.000142,retention_review,Prepayment risk is elevated; refer for retention pricing review.,True
LN100485,2019-10,Belmont Loan Services,Current,0.039144,0.04723,0.006316,0.999999,0.004456,Current,0.937061,0.020268,balance against expected amortisation for term elapsed,none,0.652235,state (-1.32) | loan-to-value band (+0.32) | share of term elapsed (+0.32),high,6.4e-05,retention_review,Prepayment risk is elevated; refer for retention pricing review.,True
LN100482,2021-10,Northgate Servicing,Current,0.011139,0.011598,0.006316,0.999999,0.004702,Current,0.912411,0.067915,servicer feed record present,none,0.682139,credit score band (+1.42) | credit score band (+0.49) | loan age (-0.41),high,0.000292,retention_review,Prepayment risk is elevated; refer for retention pricing review.,True
LN100480,2024-05,Kestrel Financial,Current,0.004834,0.005698,0.006316,0.934783,0.00388,Current,0.838811,0.028477,three-month balance movement,none,0.394801,credit score band (-1.04) | state (+0.47) | note rate (+0.44),high,5.5e-05,retention_review,Prepayment risk is elevated; refer for retention pricing review.,True
LN100619,2019-02,Belmont Loan Services,Current,0.037482,0.012831,0.006316,0.999999,0.005128,Current,0.80329,0.062371,servicer feed record present,none,0.286821,state (-0.98) | credit score band (+0.57) | scheduled monthly payment (+0.38),high,0.000191,retention_review,Prepayment risk is elevated; refer for retention pricing review.,True
LN101172,2026-06,Kestrel Financial,Current,0.039027,0.030596,0.006316,0.934783,0.66991,Current,0.959053,0.259003,servicer reporting lag,stale_servicer_reporting,0.989016,loan purpose (-0.69) | current balance (-0.58) | note rate (+0.32),high,0.000149,raise_exception_for_review,Operational exception is more likely than not; route to the data-quality queue.,True
LN101171,2021-11,Belmont Loan Services,Current,0.008333,0.002212,0.006316,0.999999,0.003808,Current,0.97418,0.013545,servicer reporting lag,none,0.854859,credit score band (+1.75) | state (-0.86) | property type (-0.57),high,0.000131,retention_review,Prepayment risk is elevated; refer for retention pricing review.,True
LN101170,2019-11,Arcadia Capital Servicing,Current,0.014632,0.018902,0.006316,0.999999,0.004896,Current,0.815822,0.054171,servicer feed record present,none,0.964914,credit score band (-1.38) | state (+0.50) | scheduled payment relative to balance (+0.42),high,1.9e-05,retention_review,Prepayment risk is elevated; refer for retention pricing review.,True
LN100478,2026-06,Arcadia Capital Servicing,Current,0.025752,0.015108,0.006316,0.03006,0.735223,Current,0.993444,0.283846,document file incomplete,missing_documentation,0.994447,credit score band (-1.13) | credit score band (-0.39) | debt-to-income band (-0.31),high,4.7e-05,raise_exception_for_review,Operational exception is more likely than not; route to the data-quality queue.,True
LN100477,2026-06,Arcadia Capital Servicing,Current,0.010788,0.01064,0.006316,0.03006,0.004255,Current,0.987962,0.126267,servicer feed record present,none,0.605996,credit score band (+0.94) | scheduled monthly payment (-0.67) | loan age (+0.57),high,9.3e-05,monitor_no_action,All model scores below action thresholds.,True
LN100475,2020-02,Northgate Servicing,Current,0.029873,0.017542,0.006316,0.999999,0.004139,Current,0.920726,0.013819,balance against expected amortisation for term elapsed,none,0.441879,state (+0.71) | debt-to-income band (+0.59) | credit score band (+0.49),high,0.000249,retention_review,Prepayment risk is elevated; refer for retention pricing review.,True
LN100472,2019-02,Pioneer Mortgage Ops,Current,0.03225,0.013796,0.006316,0.999999,0.870424,Current,0.795471,0.85309,servicer reporting lag,invalid_date_relationship,0.963727,credit score band (-1.18) | state (+0.66) | credit score band (-0.43),high,3.8e-05,raise_exception_for_review,Operational exception is more likely than not; route to the data-quality queue.,True
LN101238,2026-06,Arcadia Capital Servicing,Current,0.053864,0.065341,0.006316,0.03006,0.003988,Current,0.979247,0.068248,balance against expected amortisation for term elapsed,none,0.443699,credit score band (-1.07) | scheduled monthly payment (+0.44) | state (+0.39),high,1.9e-05,monitor_no_action,All model scores below action thresholds.,True
LN100424,2026-06,Kestrel Financial,Current,0.008774,0.009809,0.006316,0.03006,0.003988,Current,0.986361,0.038281,balance against expected amortisation for term elapsed,none,0.761666,credit score band (-1.17) | loan age (+0.80) | state (-0.66),high,2.8e-05,monitor_no_action,All model scores below action thresholds.,True
LN100451,2024-03,Belmont Loan Services,Current,0.01458,0.007869,0.006316,0.999999,0.010947,Current,0.783146,0.089846,count of missing credit fields,none,0.404372,credit score band (+0.89) | note rate (+0.52) | market mortgage rate (+0.44),high,0.00059,retention_review,Prepayment risk is elevated; refer for retention pricing review.,True
LN100644,2026-06,Pioneer Mortgage Ops,Current,0.022488,0.048172,0.006316,0.03006,0.004581,Current,0.972484,0.565849,three-month balance movement,none,0.751687,credit score band (+0.80) | state (-0.70) | note rate (+0.62),high,0.00038,monitor_no_action,All model scores below action thresholds.,True
LN100643,2022-08,Belmont Loan Services,Current,0.011165,0.005546,0.006316,0.999999,0.004138,Current,0.960857,0.165424,record arrived by manual upload,none,0.25152,state (+0.43) | loan age (-0.40) | scheduled monthly payment (+0.35),high,0.000238,retention_review,Prepayment risk is elevated; refer for retention pricing review.,True
LN100663,2020-06,Belmont Loan Services,Current,0.013912,0.007381,0.006316,0.999999,0.004238,Current,0.876363,0.013515,servicer reporting lag,none,0.746245,state (+1.01) | debt-to-income band (-0.54) | market rate delta 12m (-0.40),high,0.000177,retention_review,Prepayment risk is elevated; refer for retention pricing review.,True
LN100659,2023-12,Kestrel Financial,Current,0.00693,0.001436,0.006316,0.4375,0.839543,Current,0.802809,0.592466,document file incomplete,invalid_date_relationship,0.98299,property type (-0.65) | note rate (+0.52) | loan age (-0.43),high,0.000227,raise_exception_for_review,Operational exception is more likely than not; route to the data-quality queue.,True
LN100446,2026-06,Northgate Servicing,Current,0.030945,0.063555,0.006316,0.145631,0.00399,Current,0.962076,0.018209,scheduled payment relative to balance,none,0.797064,state (-0.79) | debt-to-income band (+0.71) | note rate (+0.65),high,0.000545,monitor_no_action,All model scores below action thresholds.,True
LN100444,2019-05,Kestrel Financial,Current,0.008996,0.01011,0.006316,0.999999,0.005847,Current,0.874552,0.089809,balance against expected amortisation for term elapsed,none,0.843206,credit score band (-1.20) | loan age (+0.63) | balance change 1m (+0.55),high,0.00012,retention_review,Prepayment risk is elevated; refer for retention pricing review.,True
LN100442,2026-06,Northgate Servicing,Current,0.009025,0.008456,0.006316,0.6,0.003961,Current,0.904202,0.063133,scheduled payment relative to balance,none,0.522346,credit score band (-1.21) | state (-0.95) | note rate (+0.74),high,2.3e-05,retention_review,Prepayment risk is elevated; refer for retention pricing review.,True
LN100440,2026-01,Kestrel Financial,Current,0.062783,0.019141,0.006316,0.023684,0.749591,Current,0.987999,0.382673,document file incomplete,missing_documentation,0.921759,market rate delta 12m (-0.35) | property type (-0.31) | share of term elapsed (+0.30),high,3.8e-05,raise_exception_for_review,Operational exception is more likely than not; route to the data-quality queue.,True
LN101255,2021-07,Northgate Servicing,Current,0.010721,0.00708,0.006316,0.999999,0.010852,Current,0.806674,0.193045,count of missing credit fields,none,0.304083,loan age (+0.63) | credit score band (+0.62) | loan-to-value band (-0.36),high,0.000225,retention_review,Prepayment risk is elevated; refer for retention pricing review.,True
LN101253,2026-06,Arcadia Capital Servicing,Current,0.061606,0.009377,0.006316,0.023684,0.003988,Current,0.988567,0.033729,month-over-month balance movement,none,0.620586,credit score band (+0.56) | debt-to-income band (+0.40) | share of term elapsed (+0.39),high,0.000229,monitor_no_action,All model scores below action thresholds.,True
LN101252,2026-06,Pioneer Mortgage Ops,Current,0.027118,0.008185,0.006316,0.03006,0.003988,Current,0.993428,0.07354,balance against expected amortisation for term elapsed,none,0.758809,credit score band (-1.03) | loan purpose (-0.49) | credit score band (-0.42),high,6.2e-05,monitor_no_action,All model scores below action thresholds.,True
LN101243,2025-09,Northgate Servicing,Current,0.031192,0.043843,0.006316,0.145631,0.004891,Current,0.945263,0.708651,record arrived by manual upload,none,0.584119,credit score band (+1.13) | note rate (+0.94) | scheduled payment relative to balance (+0.45),high,0.000344,monitor_no_action,All model scores below action thresholds.,True
LN101240,2026-06,Arcadia Capital Servicing,Current,0.014918,0.023551,0.006316,0.03006,0.004685,Current,0.989195,0.097882,count of missing credit fields,none,0.407376,credit score band (-1.34) | scheduled monthly payment (+0.57) | loan age (+0.47),high,0.000135,monitor_no_action,All model scores below action thresholds.,True
LN100467,2026-06,Belmont Loan Services,Current,0.010562,0.013141,0.006316,0.222222,0.00558,Current,0.980226,0.156445,scheduled payment relative to balance,none,0.572813,credit score band (-1.18) | note rate (+0.54) | state (+0.48),high,5.9e-05,monitor_no_action,All model scores below action thresholds.,True
LN101268,2026-06,Northgate Servicing,Current,0.073195,0.069708,0.006316,0.03352,0.003988,Current,0.960313,0.030782,balance against expected amortisation for term elapsed,none,0.463363,share of term elapsed (-0.58) | loan-to-value band (+0.52) | credit score band (+0.43),high,0.000114,monitor_no_action,All model scores below action thresholds.,True
LN101267,2020-02,Arcadia Capital Servicing,Current,0.013569,0.006616,0.006316,0.999999,0.00398,Current,0.878059,0.06667,count of missing credit fields,none,0.484479,credit score band (-0.89) | balance against expected amortisation (+0.36) | scheduled monthly payment (+0.31),high,3.8e-05,retention_review,Prepayment risk is elevated; refer for retention pricing review.,True
LN101266,2024-07,Kestrel Financial,Current,0.002643,0.001355,0.006316,0.222222,0.004774,Current,0.946977,0.220789,scheduled payment relative to balance,none,0.519524,credit score band (-1.21) | note rate (+0.67) | loan age (-0.37),high,0.000147,monitor_no_action,All model scores below action thresholds.,True
LN101262,2026-06,Arcadia Capital Servicing,Current,0.007365,0.004093,0.006316,0.145631,0.003988,Current,0.970944,0.078996,scheduled payment relative to balance,none,0.790492,note rate (+0.34) | occupancy type (-0.32) | servicer (+0.26),high,0.000127,monitor_no_action,All model scores below action thresholds.,True
LN101260,2026-06,Kestrel Financial,Current,0.004669,0.001701,0.006316,0.145631,0.003961,Current,0.971372,0.043417,three-month balance movement,none,0.537653,credit score band (-1.02) | note rate (+0.49) | debt-to-income band (+0.48),high,0.000186,monitor_no_action,All model scores below action thresholds.,True
LN101258,2026-06,Kestrel Financial,Current,0.014567,0.007801,0.006316,0.03006,0.003847,Current,0.987697,0.151728,balance against expected amortisation for term elapsed,none,0.463373,credit score band (-1.33) | loan age (+0.52) | original balance (+0.40),high,6.2e-05,monitor_no_action,All model scores below action thresholds.,True
LN100652,2019-09,Northgate Servicing,Current,0.012402,0.013291,0.006316,0.999999,0.004538,Current,0.951306,0.006423,three-month balance movement,none,0.829039,state (+0.63) | balance change 1m (+0.44) | servicer (-0.33),high,3.9e-05,retention_review,Prepayment risk is elevated; refer for retention pricing review.,True
LN100649,2019-05,Northgate Servicing,Current,0.011714,0.004109,0.006316,0.999999,0.004623,Current,0.843839,0.037867,balance against expected amortisation for term elapsed,none,0.787013,state (+1.19) | credit score band (-0.97) | balance change 1m (+0.63),high,0.000273,retention_review,Prepayment risk is elevated; refer for retention pricing review.,True
LN100679,2019-09,Northgate Servicing,Current,0.013535,0.012743,0.006316,0.999999,0.004761,Current,0.869233,0.143925,three-month balance movement,none,0.885006,credit score band (+0.40) | state (-0.40) | balance change 3m (-0.36),high,8.3e-05,retention_review,Prepayment risk is elevated; refer for retention pricing review.,True
LN100678,2026-06,Arcadia Capital Servicing,Current,0.03894,0.083197,0.006316,0.03006,0.004995,Current,0.983114,0.005898,balance against expected amortisation for term elapsed,none,0.767658,loan purpose (-0.78) | state (-0.48) | loan age (+0.45),high,0.000125,monitor_no_action,All model scores below action thresholds.,True
LN100666,2019-07,Arcadia Capital Servicing,Current,0.006394,0.0061,0.006316,0.999999,0.00474,Current,0.964873,0.194007,record arrived by manual upload,none,0.725439,debt-to-income band (+0.45) | current balance (-0.36) | loan-to-value band (-0.32),high,0.000182,retention_review,Prepayment risk is elevated; refer for retention pricing review.,True
LN100664,2020-06,Northgate Servicing,Current,0.04014,0.018942,0.006316,0.999999,0.004245,Current,0.952206,0.026575,balance against expected amortisation for term elapsed,none,0.726483,credit score band (+1.50) | loan age (+0.60) | debt-to-income band (-0.56),high,9.7e-05,retention_review,Prepayment risk is elevated; refer for retention pricing review.,True
LN100433,2021-01,Northgate Servicing,Current,0.014809,0.005745,0.006316,0.999999,0.004421,Current,0.879311,0.016859,servicer reporting lag,none,0.247394,credit score band (+1.94) | state (-0.65) | property type (-0.62),high,0.00012,retention_review,Prepayment risk is elevated; refer for retention pricing review.,True
LN100431,2025-11,Pioneer Mortgage Ops,Current,0.019313,0.010183,0.006316,0.222222,0.005017,Current,0.966255,0.027535,scheduled payment relative to balance,none,0.347735,credit score band (-1.37) | note rate (+0.50) | market rate delta 12m (-0.50),high,4.2e-05,monitor_no_action,All model scores below action thresholds.,True
LN100429,2019-10,Arcadia Capital Servicing,Current,0.004111,0.002642,0.006316,0.999999,0.00452,Current,0.895199,0.025023,balance against expected amortisation for term elapsed,none,0.849599,credit score band (-1.09) | current balance (+0.44) | property type (-0.40),high,0.0001,retention_review,Prepayment risk is elevated; refer for retention pricing review.,True
LN100427,2025-09,Belmont Loan Services,Current,0.027147,0.009058,0.006316,0.023684,0.004407,Current,0.994464,0.804427,three-month balance movement,none,0.637915,credit score band (-0.94) | share of term elapsed (+0.57) | market rate delta 12m (-0.38),high,2.9e-05,monitor_no_action,All model scores below action thresholds.,True
LN101159,2026-06,Northgate Servicing,Current,0.062058,0.041245,0.006316,0.458333,0.004131,Current,0.93988,0.067262,scheduled payment relative to balance,none,0.543734,state (-1.04) | note rate (+0.82) | scheduled payment relative to balance (+0.63),high,0.000242,retention_review,Prepayment risk is elevated; refer for retention pricing review.,True
LN101157,2025-11,Arcadia Capital Servicing,Current,0.004674,0.004372,0.006316,0.4375,0.004034,Current,0.982752,0.074249,scheduled payment relative to balance,none,0.548284,credit score band (-1.07) | note rate (+0.81) | debt-to-income band (-0.57),high,2.3e-05,monitor_no_action,All model scores below action thresholds.,True
LN101151,2019-11,Arcadia Capital Servicing,Current,0.00771,0.015414,0.006316,0.999999,0.025867,Current,0.912935,0.103587,count of missing credit fields,none,0.369013,credit score band (+0.71) | property type (+0.37) | scheduled monthly payment (+0.34),high,0.0001,retention_review,Prepayment risk is elevated; refer for retention pricing review.,True
LN101150,2026-06,Belmont Loan Services,Current,0.020537,0.068579,0.006316,0.03352,0.003935,Current,0.964382,0.161956,scheduled payment relative to balance,none,0.518094,note rate (+0.73) | debt-to-income band (-0.35) | state (-0.28),high,0.000129,monitor_no_action,All model scores below action thresholds.,True
LN101149,2019-11,Arcadia Capital Servicing,Current,0.023438,0.006221,0.006316,0.999999,0.004884,Current,0.959255,0.065338,servicer feed record present,none,0.8401,state (+0.56) | servicer (+0.43) | debt-to-income band (-0.40),high,0.000508,retention_review,Prepayment risk is elevated; refer for retention pricing review.,True
LN100695,2026-06,Arcadia Capital Servicing,Current,0.006754,0.002104,0.006316,0.4375,0.822032,Current,0.979178,0.166628,servicer reporting lag,invalid_date_relationship,0.998543,credit score band (-1.20) | state (+0.55) | debt-to-income band (-0.30),high,6.5e-05,raise_exception_for_review,Operational exception is more likely than not; route to the data-quality queue.,True
LN100694,2026-06,Belmont Loan Services,Current,0.004848,0.00633,0.006316,0.03006,0.512616,Current,0.992639,0.859588,days past due against reported status,status_dpd_mismatch,0.996243,worst days past due in last 12 months (+1.45) | days past due (+1.14) | credit score band (-1.03),high,0.000191,raise_exception_for_review,Operational exception is more likely than not; route to the data-quality queue.,True
LN100693,2020-09,Northgate Servicing,Current,0.014928,0.013746,0.006316,0.999999,0.004034,Current,0.87739,0.004324,three-month balance movement,none,0.435359,current balance (-0.43) | credit score band (+0.38) | state (+0.33),high,4e-05,retention_review,Prepayment risk is elevated; refer for retention pricing review.,True
LN100691,2026-06,Northgate Servicing,Current,0.011078,0.016355,0.006316,0.03352,0.025703,Current,0.990353,0.116413,count of missing credit fields,none,0.475729,credit score band (+0.77) | loan age (+0.44) | loan purpose (-0.38),high,0.000225,monitor_no_action,All model scores below action thresholds.,True
LN100421,2026-06,Belmont Loan Services,Current,0.007337,0.010308,0.006316,0.03352,0.003988,Current,0.98947,0.008529,servicer reporting lag,none,0.570878,credit score band (-1.01) | current balance (+0.56) | original balance (+0.44),high,8e-05,monitor_no_action,All model scores below action thresholds.,True
LN100416,2026-02,Kestrel Financial,Current,0.068371,0.034096,0.006316,0.03006,0.006618,Current,0.97134,0.483761,count of missing credit fields,none,0.483843,credit score band (+0.93) | loan-to-value band (+0.46) | share of term elapsed (-0.36),high,9.4e-05,monitor_no_action,All model scores below action thresholds.,True
LN100415,2026-06,Northgate Servicing,Current,0.025185,0.015895,0.006316,0.003945,0.004517,Current,0.992438,0.893579,month-over-month balance movement,none,0.893006,share of term elapsed (+0.53) | state (-0.43) | loan-to-value band (+0.32),high,4.7e-05,monitor_no_action,All model scores below action thresholds.,True
LN100413,2026-06,Belmont Loan Services,Current,0.018556,0.030571,0.006316,0.03006,0.75495,Current,0.982398,0.432915,three-month balance movement,missing_documentation,0.996707,scheduled monthly payment (-0.58) | share of term elapsed (+0.51) | loan purpose (+0.33),high,0.000112,raise_exception_for_review,Operational exception is more likely than not; route to the data-quality queue.,True
LN100410,2026-01,Pioneer Mortgage Ops,Current,0.067169,0.06207,0.006316,0.03006,0.005079,Current,0.967691,0.083,servicer feed record present,none,0.809981,credit score band (+1.34) | state (-0.55) | loan age (+0.53),high,0.000216,monitor_no_action,All model scores below action thresholds.,True
LN100409,2020-03,Northgate Servicing,Current,0.024854,0.027869,0.006316,0.999999,0.004206,Current,0.892259,0.012799,servicer reporting lag,none,0.637697,servicer (-0.46) | balance change 1m (+0.41) | unemployment rate (+0.40),high,5.7e-05,retention_review,Prepayment risk is elevated; refer for retention pricing review.,True
LN101270,2026-06,Pioneer Mortgage Ops,Current,0.00914,0.020063,0.006316,0.222222,0.007099,Current,0.95857,0.273179,scheduled payment relative to balance,none,0.413959,note rate (+0.58) | property type (-0.55) | credit score band (+0.54),high,0.000461,monitor_no_action,All model scores below action thresholds.,True
LN101286,2019-06,Kestrel Financial,Current,0.015618,0.009652,0.006316,0.999999,0.005219,Current,0.758479,0.007876,servicer reporting lag,none,0.650493,debt-to-income band (+0.73) | credit score band (+0.65) | property type (-0.53),high,0.000672,retention_review,Prepayment risk is elevated; refer for retention pricing review.,True
LN101285,2021-01,Belmont Loan Services,Current,0.016577,0.022418,0.006316,0.999999,0.004871,Current,0.867113,0.02644,balance against expected amortisation for term elapsed,none,0.540423,loan age (+0.76) | scheduled monthly payment (-0.48) | credit score band (+0.48),high,0.00028,retention_review,Prepayment risk is elevated; refer for retention pricing review.,True
LN101281,2025-02,Northgate Servicing,Current,0.005751,0.004542,0.006316,0.145631,0.004006,Current,0.820426,0.041111,three-month balance movement,none,0.354167,credit score band (-1.08) | note rate (+0.75) | balance change 1m (+0.50),high,4.1e-05,monitor_no_action,All model scores below action thresholds.,True
LN101275,2021-09,Arcadia Capital Servicing,Current,0.020492,0.021941,0.006316,0.999999,0.004151,Current,0.871518,0.123578,three-month balance movement,none,0.65354,loan purpose (-0.78) | state (+0.65) | credit score band (+0.31),high,0.000106,retention_review,Prepayment risk is elevated; refer for retention pricing review.,True
LN100402,2026-06,Pioneer Mortgage Ops,Current,0.032039,0.020329,0.006316,0.03006,0.829864,Current,0.978596,0.666217,three-month balance movement,balance_reconciliation_break,0.993835,debt-to-income band (+0.71) | note rate (+0.57) | credit score band (+0.46),high,0.000172,raise_exception_for_review,Operational exception is more likely than not; route to the data-quality queue.,True
LN100690,2021-10,Belmont Loan Services,Current,0.013742,0.008752,0.006316,0.999999,0.006524,Current,0.925792,0.057903,count of missing credit fields,none,0.252415,state (+0.58) | current balance (-0.48) | loan-to-value band (+0.42),high,0.000183,retention_review,Prepayment risk is elevated; refer for retention pricing review.,True
LN100684,2020-12,Arcadia Capital Servicing,Current,0.024504,0.022198,0.006316,0.999999,0.004453,Current,0.947737,0.141731,three-month balance movement,none,0.850196,credit score band (+1.39) | state (-0.58) | scheduled monthly payment (+0.56),high,0.000233,retention_review,Prepayment risk is elevated; refer for retention pricing review.,True
LN100682,2026-06,Belmont Loan Services,Current,0.010481,0.01574,0.006316,0.145631,0.003961,Current,0.985154,0.054132,three-month balance movement,none,0.540264,state (+1.03) | credit score band (-1.01) | note rate (+0.58),high,0.000167,monitor_no_action,All model scores below action thresholds.,True
LN100681,2020-11,Kestrel Financial,Current,0.010886,0.007718,0.006316,0.999999,0.795526,Current,0.924182,0.426375,servicer reporting lag,missing_documentation,0.940521,market rate delta 12m (-0.46) | debt-to-income band (+0.45) | loan purpose (-0.43),high,0.00016,raise_exception_for_review,Operational exception is more likely than not; route to the data-quality queue.,True
LN101138,2019-06,Belmont Loan Services,Current,0.005174,0.005984,0.006316,0.999999,0.578658,Current,0.739732,0.31565,servicer reporting lag,stale_servicer_reporting,0.995616,credit score band (-0.99) | loan age (+0.66) | state (-0.49),high,4.2e-05,raise_exception_for_review,Operational exception is more likely than not; route to the data-quality queue.,True
LN101136,2026-06,Belmont Loan Services,Current,0.016135,0.011984,0.006316,0.999999,0.004195,Current,0.974109,0.093536,servicer feed record present,none,0.517889,current balance (-0.32) | share of term elapsed (-0.27) | loan age (-0.27),high,0.0001,retention_review,Prepayment risk is elevated; refer for retention pricing review.,True
LN101135,2022-02,Kestrel Financial,Current,0.00275,0.001679,0.006316,0.999999,0.011927,Current,0.908423,0.096431,count of missing credit fields,none,0.400943,scheduled monthly payment (+1.12) | credit score band (+0.58) | state (-0.48),high,7.5e-05,retention_review,Prepayment risk is elevated; refer for retention pricing review.,True
LN101134,2026-06,Arcadia Capital Servicing,Current,0.018561,0.004975,0.006316,0.03006,0.575284,Current,0.994757,0.240501,servicer reporting lag,stale_servicer_reporting,0.994955,credit score band (-0.77) | share of term elapsed (+0.53) | loan age (+0.42),high,5.8e-05,raise_exception_for_review,Operational exception is more likely than not; route to the data-quality queue.,True
LN101132,2026-06,Belmont Loan Services,Current,0.004743,0.003318,0.006316,0.684978,0.763032,Current,0.981956,0.383204,document file incomplete,missing_documentation,0.998949,credit score band (-1.08) | note rate (+0.59) | balance change 1m (+0.31),high,5.4e-05,raise_exception_for_review,Operational exception is more likely than not; route to the data-quality queue.,True
LN101129,2026-06,Arcadia Capital Servicing,Current,0.011935,0.007701,0.006316,0.03006,0.004027,Current,0.986836,0.049068,three-month balance movement,none,0.880259,note rate (+0.50) | loan age (-0.41) | state (-0.40),high,9.2e-05,monitor_no_action,All model scores below action thresholds.,True
LN100710,2023-07,Pioneer Mortgage Ops,Current,0.005555,0.004695,0.006316,0.458333,0.003865,Current,0.959843,0.047833,month-over-month balance movement,none,0.314364,credit score band (-0.98) | note rate (+0.72) | state (+0.65),high,0.000121,retention_review,Prepayment risk is elevated; refer for retention pricing review.,True
LN100367,2026-06,Northgate Servicing,Current,0.018809,0.027695,0.006316,0.145631,0.00427,Current,0.977169,0.098925,servicer feed record present,none,0.676095,note rate (+0.56) | debt-to-income band (-0.40) | balance change 1m (+0.34),high,7e-05,monitor_no_action,All model scores below action thresholds.,True
LN100707,2023-02,Pioneer Mortgage Ops,Current,0.018853,0.009846,0.006316,0.999999,0.003837,Current,0.972627,0.005914,balance against expected amortisation for term elapsed,none,0.41751,credit score band (+0.97) | scheduled payment relative to balance (+0.40) | loan-to-value band (-0.38),high,0.000295,retention_review,Prepayment risk is elevated; refer for retention pricing review.,True
LN100725,2019-03,Pioneer Mortgage Ops,Current,0.017384,0.038385,0.006316,0.999999,0.007534,Current,0.756166,0.106421,count of missing credit fields,none,0.337441,credit score band (-1.13) | state (+0.64) | scheduled payment relative to balance (+0.53),high,0.000138,retention_review,Prepayment risk is elevated; refer for retention pricing review.,True
LN100720,2026-06,Belmont Loan Services,Current,0.024231,0.042618,0.006316,0.458333,0.004297,Current,0.952911,0.103425,servicer feed record present,none,0.753774,credit score band (-1.29) | note rate (+0.69) | debt-to-income band (+0.60),high,0.000109,retention_review,Prepayment risk is elevated; refer for retention pricing review.,True
LN100716,2026-06,Pioneer Mortgage Ops,Current,0.019834,0.007465,0.006316,0.003945,0.003988,Current,0.995042,0.052828,servicer reporting lag,none,0.447811,credit score band (-0.85) | state (+0.76) | scheduled monthly payment (+0.45),high,0.000279,monitor_no_action,All model scores below action thresholds.,True
LN100360,2025-04,Pioneer Mortgage Ops,Current,0.004176,0.004512,0.006316,0.222222,0.004569,Current,0.933982,0.211192,scheduled payment relative to balance,none,0.741002,note rate (+0.70) | market rate delta 12m (-0.54) | balance against expected amortisation (-0.46),high,0.000259,monitor_no_action,All model scores below action thresholds.,True
LN101299,2026-06,Kestrel Financial,Current,0.005197,0.00375,0.006316,0.145631,0.784129,Current,0.974238,0.217871,count of missing credit fields,balance_reconciliation_break,0.998508,credit score band (-1.18) | state (+0.71) | debt-to-income band (+0.42),high,0.000102,raise_exception_for_review,Operational exception is more likely than not; route to the data-quality queue.,True
LN101295,2020-11,Northgate Servicing,Current,0.054094,0.064703,0.006316,0.999999,0.004051,Current,0.886714,0.057426,count of missing credit fields,none,0.460326,credit score band (+1.98) | state (+0.88) | debt-to-income band (+0.63),high,0.000576,retention_review,Prepayment risk is elevated; refer for retention pricing review.,True
LN101291,2020-01,Belmont Loan Services,Current,0.018744,0.015409,0.006316,0.999999,0.005966,Current,0.850538,0.05391,servicer feed record present,none,0.884865,credit score band (-1.30) | state (+0.97) | debt-to-income band (+0.65),high,1.3e-05,retention_review,Prepayment risk is elevated; refer for retention pricing review.,True
LN100391,2020-11,Pioneer Mortgage Ops,Current,0.03121,0.026108,0.006316,0.999999,0.004046,Current,0.848248,0.030005,balance against expected amortisation for term elapsed,none,0.598351,market rate delta 12m (-0.64) | loan purpose (-0.39) | ltv band (+0.31),high,0.000115,retention_review,Prepayment risk is elevated; refer for retention pricing review.,True
LN100388,2026-06,Northgate Servicing,Current,0.045022,0.026928,0.006316,0.12069,0.00433,Current,0.97407,0.268196,record arrived by manual upload,none,0.324668,credit score band (+1.35) | note rate (+0.66) | credit score band (+0.48),high,0.00047,monitor_no_action,All model scores below action thresholds.,True
LN100387,2019-01,Pioneer Mortgage Ops,Current,0.021165,0.012005,0.006316,0.999999,0.005466,Current,0.798254,0.012378,balance against expected amortisation for term elapsed,none,0.326185,credit score band (+0.42) | state (-0.36) | current balance (-0.33),high,0.000122,retention_review,Prepayment risk is elevated; refer for retention pricing review.,True
LN100386,2026-06,Arcadia Capital Servicing,Current,0.026915,0.062006,0.006316,0.934783,0.004571,Current,0.971137,0.133475,servicer reporting lag,none,0.349925,property type (-0.62) | credit score band (+0.52) | loan-to-value band (+0.52),high,0.000157,retention_review,Prepayment risk is elevated; refer for retention pricing review.,True
LN100379,2025-12,Belmont Loan Services,Current,0.014885,0.007825,0.006316,0.145631,0.033489,Current,0.979771,0.346883,record arrived by manual upload,none,0.631195,credit score band (+0.76) | note rate (+0.50) | unemployment rate (+0.43),high,0.000346,monitor_no_action,All model scores below action thresholds.,True
LN100377,2020-04,Pioneer Mortgage Ops,Current,0.015271,0.009347,0.006316,0.999999,0.004138,Current,0.876338,0.019204,balance against expected amortisation for term elapsed,none,0.804743,credit score band (-0.94) | loan age (+0.44) | property type (+0.35),high,4.5e-05,retention_review,Prepayment risk is elevated; refer for retention pricing review.,True
LN100376,2023-06,Belmont Loan Services,Current,0.004558,0.002855,0.006316,0.999999,0.003855,Current,0.976553,0.009299,scheduled payment relative to balance,none,0.62655,worst days past due in last 12 months (+1.31) | credit score band (-1.04) | ltv band (+0.35),high,0.0001,retention_review,Prepayment risk is elevated; refer for retention pricing review.,True
LN100338,2026-06,Pioneer Mortgage Ops,Current,0.041864,0.025919,0.006316,0.003945,0.004979,Current,0.99175,0.968354,three-month balance movement,none,0.551561,state (-0.36) | debt-to-income band (+0.31) | scheduled monthly payment (+0.28),high,6.2e-05,monitor_no_action,All model scores below action thresholds.,True
LN100337,2026-06,Northgate Servicing,Current,0.019588,0.012344,0.006316,0.03006,0.849475,Current,0.993726,0.532311,servicer feed balance gap,balance_reconciliation_break,0.996967,state (+0.56) | share of term elapsed (+0.46) | debt-to-income band (-0.38),high,6.5e-05,raise_exception_for_review,Operational exception is more likely than not; route to the data-quality queue.,True
LN100336,2026-06,Pioneer Mortgage Ops,Current,0.013064,0.019091,0.006316,0.03006,0.004129,Current,0.964639,0.116618,scheduled payment relative to balance,none,0.263911,balance against expected amortisation (-0.53) | note rate (+0.51) | debt-to-income band (-0.49),high,0.000587,monitor_no_action,All model scores below action thresholds.,True
LN100358,2019-03,Kestrel Financial,Current,0.0116,0.01365,0.006316,0.999999,0.009647,Current,0.798368,0.126929,count of missing credit fields,none,0.390907,credit score band (-1.06) | credit score band (-0.37) | refinance incentive (note rate less market rate) (-0.26),high,2.9e-05,retention_review,Prepayment risk is elevated; refer for retention pricing review.,True
LN100356,2026-06,Northgate Servicing,Current,0.006233,0.00467,0.006316,0.145631,0.00399,Current,0.96898,0.068618,scheduled payment relative to balance,none,0.407204,credit score band (-1.16) | note rate (+0.67) | loan purpose (-0.56),high,6.5e-05,monitor_no_action,All model scores below action thresholds.,True
LN100712,2026-06,Northgate Servicing,Current,0.023209,0.028758,0.006316,0.03006,0.749658,Current,0.95842,0.329462,document file incomplete,missing_documentation,0.997795,credit score band (+0.56) | loan age (+0.56) | refinance incentive (note rate less market rate) (+0.39),high,5.3e-05,raise_exception_for_review,Operational exception is more likely than not; route to the data-quality queue.,True
LN101124,2025-09,Pioneer Mortgage Ops,Current,0.014163,0.013444,0.006316,0.03006,0.787852,Current,0.982908,0.895228,three-month balance movement,missing_documentation,0.98774,scheduled monthly payment (+0.90) | market rate delta 12m (-0.46) | state (-0.38),high,2.9e-05,raise_exception_for_review,Operational exception is more likely than not; route to the data-quality queue.,True
LN101121,2019-04,Arcadia Capital Servicing,Current,0.016459,0.005859,0.006316,0.999999,0.004818,Current,0.967999,0.062445,servicer feed record present,none,0.5999,credit score band (+0.44) | property type (+0.36) | debt-to-income band (-0.23),high,0.000183,retention_review,Prepayment risk is elevated; refer for retention pricing review.,True
LN101117,2021-04,Kestrel Financial,Current,0.021943,0.026748,0.006316,0.999999,0.004492,Current,0.893277,0.001681,servicer reporting lag,none,0.495882,state (+0.59) | market rate delta 12m (-0.36) | loan purpose (-0.34),high,0.000209,retention_review,Prepayment risk is elevated; refer for retention pricing review.,True
LN100740,2020-04,Belmont Loan Services,Current,0.00881,0.005338,0.006316,0.999999,0.004138,Current,0.938432,0.006623,servicer reporting lag,none,0.465518,worst days past due in last 12 months (+0.95) | worst days past due in last 6 months (-0.59) | state (-0.42),high,9.3e-05,retention_review,Prepayment risk is elevated; refer for retention pricing review.,True
LN100736,2026-06,Pioneer Mortgage Ops,Current,0.055778,0.124716,0.006316,0.03006,0.004995,Current,0.978477,0.0069,servicer reporting lag,none,0.769933,credit score band (+0.54) | state (+0.38) | loan-to-value band (-0.35),high,0.000203,monitor_no_action,All model scores below action thresholds.,True
LN100353,2026-06,Northgate Servicing,Current,0.005483,0.005577,0.006316,0.439278,0.004376,Current,0.974042,0.116183,scheduled payment relative to balance,none,0.401099,credit score band (-0.96) | note rate (+0.74) | scheduled payment relative to balance (+0.58),high,0.000189,monitor_no_action,All model scores below action thresholds.,True
LN100374,2025-06,Northgate Servicing,Current,0.006744,0.006718,0.006316,0.6,0.004355,Current,0.96465,0.076659,three-month balance movement,none,0.573721,credit score band (-1.17) | state (+0.65) | note rate (+0.50),high,3.8e-05,retention_review,Prepayment risk is elevated; refer for retention pricing review.,True
LN100370,2026-02,Belmont Loan Services,Current,0.007506,0.00923,0.006316,0.03006,0.004249,Current,0.988788,0.116039,servicer feed record present,none,0.522228,credit score band (-1.39) | loan age (+0.54) | state (+0.49),high,0.000166,monitor_no_action,All model scores below action thresholds.,True
LN100369,2019-06,Pioneer Mortgage Ops,Current,0.068851,0.028882,0.006316,0.999999,0.005646,Current,0.713674,0.095276,month-over-month balance movement,none,0.879319,loan purpose (-0.58) | share of term elapsed (+0.39) | loan-to-value band (-0.39),high,0.000432,retention_review,Prepayment risk is elevated; refer for retention pricing review.,True
LN100368,2024-04,Belmont Loan Services,Current,0.009342,0.008669,0.006316,0.999999,0.00388,Current,0.930339,0.054485,three-month balance movement,none,0.581062,credit score band (-1.10) | state (+0.86) | property type (-0.55),high,1.5e-05,retention_review,Prepayment risk is elevated; refer for retention pricing review.,True
LN100322,2026-06,Belmont Loan Services,Current,0.027308,0.017276,0.006316,0.003945,0.004393,Current,0.992615,0.114827,balance against expected amortisation for term elapsed,none,0.608772,credit score band (+1.05) | scheduled monthly payment (-0.59) | share of term elapsed (+0.58),high,8e-05,monitor_no_action,All model scores below action thresholds.,True
LN100321,2026-06,Arcadia Capital Servicing,Current,0.067809,0.044149,0.006316,0.999999,0.004101,Current,0.965984,0.069767,scheduled payment relative to balance,none,0.257186,credit score band (+1.44) | note rate (+0.61) | current balance (-0.59),high,0.000278,retention_review,Prepayment risk is elevated; refer for retention pricing review.,True
LN100320,2026-06,Pioneer Mortgage Ops,Current,0.022189,0.00753,0.006316,0.03006,0.006015,Current,0.993931,0.139262,servicer feed record present,none,0.514514,share of term elapsed (+0.61) | state (-0.37) | credit score band (+0.32),high,2.2e-05,monitor_no_action,All model scores below action thresholds.,True
LN100315,2025-07,Arcadia Capital Servicing,Current,0.008865,0.022292,0.006316,0.222222,0.004349,Current,0.963836,0.111935,servicer feed record present,none,0.658999,credit score band (-1.35) | note rate (+0.74) | scheduled payment relative to balance (+0.43),high,8.9e-05,monitor_no_action,All model scores below action thresholds.,True
LN100314,2025-09,Arcadia Capital Servicing,Current,0.010481,0.013275,0.006316,0.003945,0.004644,Current,0.987603,0.330628,three-month balance movement,none,0.740477,market rate delta 12m (-0.53) | scheduled monthly payment (+0.36) | state (+0.34),high,9e-05,monitor_no_action,All model scores below action thresholds.,True
LN101110,2026-06,Belmont Loan Services,Current,0.008395,0.004388,0.006316,0.999999,0.004195,Current,0.963925,0.103428,servicer feed record present,none,0.657051,credit score band (-1.04) | note rate (+0.78) | balance change 1m (+0.62),high,9.8e-05,retention_review,Prepayment risk is elevated; refer for retention pricing review.,True
LN101100,2026-06,Arcadia Capital Servicing,Current,0.049353,0.034396,0.006316,0.023684,0.004624,Current,0.988385,0.203413,servicer feed record present,none,0.753842,credit score band (+1.21) | state (-0.54) | credit score band (+0.44),high,5.5e-05,monitor_no_action,All model scores below action thresholds.,True
LN100756,2023-09,Northgate Servicing,Current,0.015262,0.011595,0.006316,0.4375,0.004621,Current,0.905964,0.349935,record arrived by manual upload,none,0.439674,current balance (-0.68) | note rate (+0.54) | state (-0.53),high,0.000104,monitor_no_action,All model scores below action thresholds.,True
LN100754,2026-06,Belmont Loan Services,Current,0.018067,0.023009,0.006316,0.03006,0.759426,Current,0.979625,0.257549,document file incomplete,missing_documentation,0.998265,loan purpose (+0.40) | share of term elapsed (-0.34) | original balance (+0.34),high,0.00034,raise_exception_for_review,Operational exception is more likely than not; route to the data-quality queue.,True
LN101319,2026-06,Arcadia Capital Servicing,Current,0.0108,0.013156,0.006316,0.4375,0.004784,Current,0.963096,0.10909,servicer feed record present,none,0.711962,credit score band (-1.12) | state (+0.56) | note rate (+0.51),high,0.000191,monitor_no_action,All model scores below action thresholds.,True
LN101314,2020-06,Northgate Servicing,Current,0.014413,0.012407,0.006316,0.999999,0.00455,Current,0.845784,0.357986,three-month balance movement,none,0.609749,credit score band (-0.86) | loan age (+0.49) | balance against expected amortisation (+0.47),high,5.5e-05,retention_review,Prepayment risk is elevated; refer for retention pricing review.,True
LN101313,2026-06,Arcadia Capital Servicing,Current,0.015168,0.011917,0.006316,0.4375,0.004194,Current,0.976085,0.082671,scheduled payment relative to balance,none,0.51298,credit score band (-1.17) | note rate (+0.61) | scheduled payment relative to balance (+0.50),high,0.000433,monitor_no_action,All model scores below action thresholds.,True
LN101308,2026-06,Pioneer Mortgage Ops,Current,0.020494,0.013233,0.006316,0.03352,0.57253,Current,0.984072,0.218475,servicer reporting lag,stale_servicer_reporting,0.997137,current balance (-0.67) | debt-to-income band (-0.37) | note rate (+0.36),high,0.000226,raise_exception_for_review,Operational exception is more likely than not; route to the data-quality queue.,True
LN101306,2026-06,Pioneer Mortgage Ops,Current,0.045873,0.061096,0.006316,0.003945,0.004118,Current,0.990493,0.876251,month-over-month balance movement,none,0.737504,credit score band (+0.88) | state (-0.63) | share of term elapsed (+0.53),high,0.000183,monitor_no_action,All model scores below action thresholds.,True
LN100343,2020-06,Northgate Servicing,Current,0.012563,0.009174,0.006316,0.999999,0.005046,Current,0.721824,0.051871,servicer feed record present,none,0.454039,servicer (-0.53) | credit score band (+0.43) | current balance (-0.41),high,5.3e-05,retention_review,Prepayment risk is elevated; refer for retention pricing review.,True
LN100339,2025-01,Arcadia Capital Servicing,Current,0.002843,0.001229,0.006316,0.12069,0.004505,Current,0.852239,0.168461,scheduled payment relative to balance,none,0.412041,credit score band (-1.26) | note rate (+0.71) | debt-to-income band (+0.39),high,0.000103,monitor_no_action,All model scores below action thresholds.,True
LN100287,2024-12,Belmont Loan Services,Current,0.004663,0.002049,0.006316,0.458333,0.00404,Current,0.950313,0.06485,scheduled payment relative to balance,none,0.360412,credit score band (-0.99) | note rate (+0.65) | balance change 1m (+0.48),high,2.2e-05,retention_review,Prepayment risk is elevated; refer for retention pricing review.,True
LN100282,2025-09,Belmont Loan Services,Current,0.007156,0.007739,0.006316,0.4375,0.004034,Current,0.97961,0.061873,scheduled payment relative to balance,none,0.751121,credit score band (-1.02) | note rate (+0.91) | scheduled payment relative to balance (+0.52),high,9.7e-05,monitor_no_action,All model scores below action thresholds.,True
LN100311,2019-04,Northgate Servicing,Current,0.010421,0.006744,0.006316,0.999999,0.056733,Current,0.644335,0.09236,balance against expected amortisation for term elapsed,none,0.284967,credit score band (-1.12) | state (+0.52) | scheduled payment relative to balance (+0.46),high,2.9e-05,retention_review,Prepayment risk is elevated; refer for retention pricing review.,True
LN100309,2026-06,Northgate Servicing,Current,0.007736,0.012612,0.006316,0.458333,0.004004,Current,0.97592,0.060892,scheduled payment relative to balance,none,0.523474,credit score band (-1.07) | note rate (+0.76) | scheduled payment relative to balance (+0.55),high,2.7e-05,retention_review,Prepayment risk is elevated; refer for retention pricing review.,True
LN100308,2026-06,Pioneer Mortgage Ops,Current,0.016449,0.0098,0.006316,0.003945,0.869125,Current,0.992772,1.0,month-over-month balance movement,invalid_date_relationship,0.994016,credit score band (-0.92) | share of term elapsed (+0.39) | loan age (+0.31),high,5.3e-05,raise_exception_for_review,Operational exception is more likely than not; route to the data-quality queue.,True
LN100304,2026-06,Pioneer Mortgage Ops,Current,0.02721,0.016392,0.006316,0.03352,0.007242,Current,0.982908,0.219152,count of missing credit fields,none,0.626352,share of term elapsed (-0.54) | loan purpose (-0.49) | credit score band (+0.44),high,4.5e-05,monitor_no_action,All model scores below action thresholds.,True
LN100303,2026-06,Northgate Servicing,Current,0.00626,0.008116,0.006316,0.222222,0.004422,Current,0.979073,0.160023,three-month balance movement,none,0.773099,note rate (+0.60) | credit score band (+0.53) | debt-to-income band (-0.42),high,8.8e-05,monitor_no_action,All model scores below action thresholds.,True
LN100301,2019-10,Kestrel Financial,Current,0.022964,0.048,0.006316,0.999999,0.004641,Current,0.818661,0.008623,servicer reporting lag,none,0.454067,current balance (-0.74) | state (+0.56) | credit score band (+0.42),high,0.00034,retention_review,Prepayment risk is elevated; refer for retention pricing review.,True
LN100745,2022-03,Northgate Servicing,Current,0.005407,0.002293,0.006316,0.999999,0.003859,Current,0.932851,0.045732,servicer reporting lag,none,0.657121,debt-to-income band (+0.61) | credit score band (+0.60) | state (+0.48),high,0.000183,retention_review,Prepayment risk is elevated; refer for retention pricing review.,True
LN100744,2025-09,Northgate Servicing,Current,0.009686,0.003338,0.006316,0.458333,0.007252,Current,0.936923,0.312248,record arrived by manual upload,none,0.519124,state (+1.02) | credit score band (-0.98) | note rate (+0.54),high,0.000112,retention_review,Prepayment risk is elevated; refer for retention pricing review.,True
LN100773,2026-06,Belmont Loan Services,Current,0.130351,0.240916,0.006316,0.03006,0.004995,Current,0.975343,0.181471,three-month balance movement,none,0.805867,balance change 3m (-0.45) | share of term elapsed (+0.33) | state (-0.33),high,5.5e-05,monitor_no_action,All model scores below action thresholds.,True
LN100769,2021-08,Pioneer Mortgage Ops,Current,0.02291,0.005123,0.006316,0.999999,0.004416,Current,0.9587,0.005342,servicer reporting lag,none,0.348888,credit score band (+0.59) | state (+0.38) | loan purpose (+0.24),high,0.000357,retention_review,Prepayment risk is elevated; refer for retention pricing review.,True
LN100768,2026-06,Pioneer Mortgage Ops,Current,0.046705,0.042855,0.006316,0.03006,0.00399,Current,0.97864,0.019811,scheduled payment relative to balance,none,0.50259,current balance (-0.56) | loan purpose (-0.47) | credit score band (+0.39),high,0.000346,monitor_no_action,All model scores below action thresholds.,True
LN100765,2025-01,Arcadia Capital Servicing,Current,0.012562,0.012309,0.006316,0.222222,0.004073,Current,0.895787,0.027935,three-month balance movement,none,0.302203,credit score band (-0.98) | state (-0.72) | note rate (+0.59),high,5.4e-05,monitor_no_action,All model scores below action thresholds.,True
LN101334,2026-06,Northgate Servicing,Current,0.033855,0.042252,0.006316,0.03352,0.004664,Current,0.975901,0.126193,servicer feed record present,none,0.702206,state (-0.85) | note rate (+0.72) | scheduled payment relative to balance (+0.67),high,0.000356,monitor_no_action,All model scores below action thresholds.,True
LN101323,2024-05,Northgate Servicing,Current,0.003575,0.000928,0.006316,0.934783,0.00388,Current,0.899396,0.052505,month-over-month balance movement,none,0.354494,credit score band (-1.10) | note rate (+0.57) | balance change 1m (+0.44),high,0.00012,retention_review,Prepayment risk is elevated; refer for retention pricing review.,True
LN101341,2025-07,Pioneer Mortgage Ops,Current,0.00617,0.007326,0.006316,0.03006,0.004122,Current,0.994039,0.018399,balance against expected amortisation for term elapsed,none,0.90481,credit score band (-1.42) | market rate delta 12m (-0.47) | refinance incentive (note rate less market rate) (+0.43),high,4.8e-05,monitor_no_action,All model scores below action thresholds.,True
LN101336,2020-05,Northgate Servicing,Current,0.032868,0.027929,0.006316,0.999999,0.004079,Current,0.76351,0.014762,balance against expected amortisation for term elapsed,none,0.635309,loan purpose (-0.82) | balance change 1m (+0.42) | debt-to-income band (+0.40),high,0.000208,retention_review,Prepayment risk is elevated; refer for retention pricing review.,True
LN100293,2026-06,Northgate Servicing,Current,0.002837,0.001289,0.006316,0.03006,0.003988,Current,0.988792,0.029745,balance against expected amortisation for term elapsed,none,0.470547,credit score band (-1.25) | state (+0.54) | current balance (+0.40),high,6e-05,monitor_no_action,All model scores below action thresholds.,True
LN100763,2020-04,Arcadia Capital Servicing,Current,0.01029,0.004135,0.006316,0.999999,0.004138,Current,0.803919,0.002252,balance against expected amortisation for term elapsed,none,0.539263,state (-0.45) | loan purpose (+0.36) | property type (+0.28),high,0.000113,retention_review,Prepayment risk is elevated; refer for retention pricing review.,True
LN101095,2026-06,Northgate Servicing,Current,0.010446,0.006702,0.006316,0.235294,0.006073,Current,0.971742,0.19997,scheduled payment relative to balance,none,0.306814,note rate (+0.79) | balance against expected amortisation (-0.52) | original balance (-0.49),high,0.000121,monitor_no_action,All model scores below action thresholds.,True
LN101094,2025-02,Arcadia Capital Servicing,Current,0.050495,0.082691,0.006316,0.621456,0.004243,Current,0.886723,0.084069,servicer feed record present,none,0.373089,loan purpose (-0.44) | note rate (+0.43) | debt-to-income band (-0.27),high,5.3e-05,retention_review,Prepayment risk is elevated; refer for retention pricing review.,True
LN101093,2019-11,Arcadia Capital Servicing,Current,0.024969,0.020849,0.006316,0.999999,0.879404,Current,0.735006,0.37294,loan age required repair,invalid_date_relationship,0.999522,state (+0.67) | unemployment rate (+0.35) | loan age (-0.27),high,0.000242,raise_exception_for_review,Operational exception is more likely than not; route to the data-quality queue.,True
LN101090,2023-01,Northgate Servicing,Current,0.018283,0.016475,0.006316,0.999999,0.003837,Current,0.967808,0.123527,three-month balance movement,none,0.698082,credit score band (-1.58) | credit score band (-0.41) | refinance incentive (note rate less market rate) (+0.30),high,7.9e-05,retention_review,Prepayment risk is elevated; refer for retention pricing review.,True
LN101088,2023-05,Pioneer Mortgage Ops,Current,0.008035,0.007851,0.006316,0.999999,0.004173,Current,0.935103,0.060888,three-month balance movement,none,0.798503,note rate (+0.65) | property type (-0.57) | state (+0.52),high,4.2e-05,retention_review,Prepayment risk is elevated; refer for retention pricing review.,True
LN101087,2024-05,Northgate Servicing,Current,0.006202,0.006051,0.006316,0.03006,0.004178,Current,0.9703,0.062452,servicer feed record present,none,0.771071,market mortgage rate (+0.48) | scheduled payment relative to balance (-0.44) | refinance incentive (note rate less market rate) (+0.42),high,0.000125,monitor_no_action,All model scores below action thresholds.,True
LN101086,2024-11,Kestrel Financial,Current,0.006017,0.003816,0.006316,0.03352,0.003976,Current,0.935682,0.080322,scheduled payment relative to balance,none,0.635821,worst days past due in last 12 months (+1.12) | credit score band (-0.88) | note rate (+0.76),high,9.9e-05,monitor_no_action,All model scores below action thresholds.,True
LN101082,2023-04,Northgate Servicing,Current,0.003973,0.005241,0.006316,0.999999,0.004289,Current,0.904445,0.129111,scheduled payment relative to balance,none,0.329015,note rate (+0.80) | state (-0.72) | loan age (-0.43),high,0.000155,retention_review,Prepayment risk is elevated; refer for retention pricing review.,True
LN100790,2026-02,Northgate Servicing,Current,0.007069,0.002939,0.006316,0.666667,0.004265,Current,0.920822,0.10388,servicer feed record present,none,0.601672,credit score band (-1.27) | scheduled payment relative to balance (+0.68) | note rate (+0.67),high,4.7e-05,retention_review,Prepayment risk is elevated; refer for retention pricing review.,True
LN100789,2026-06,Northgate Servicing,Current,0.004325,0.003054,0.006316,0.225305,0.00399,Current,0.959104,0.061839,scheduled payment relative to balance,none,0.543772,credit score band (-1.24) | note rate (+0.45) | property type (-0.43),high,7e-05,monitor_no_action,All model scores below action thresholds.,True
LN100290,2026-06,Northgate Servicing,Current,0.012413,0.005044,0.006316,0.03006,0.004224,Current,0.995036,0.099754,servicer feed record present,none,0.727106,state (+0.77) | credit score band (-0.64) | share of term elapsed (+0.38),high,8.3e-05,monitor_no_action,All model scores below action thresholds.,True
LN100289,2024-09,Northgate Servicing,Current,0.024019,0.016767,0.006316,0.03006,0.004759,Current,0.894471,0.413243,three-month balance movement,none,0.509817,credit score band (-1.29) | scheduled monthly payment (+0.49) | debt-to-income band (+0.41),high,4.7e-05,monitor_no_action,All model scores below action thresholds.,True
LN100278,2026-06,Northgate Servicing,Current,0.048129,0.009951,0.006316,0.03006,0.004282,Current,0.986766,0.085625,servicer feed record present,none,0.556936,loan-to-value band (+0.56) | credit score band (+0.46) | loan age (-0.45),high,0.000414,monitor_no_action,All model scores below action thresholds.,True
LN100273,2026-06,Belmont Loan Services,Current,0.034397,0.011538,0.006316,0.03006,0.004527,Current,0.992693,0.908183,month-over-month balance movement,none,0.889719,share of term elapsed (+0.58) | loan purpose (+0.29) | debt-to-income band (-0.28),high,4.3e-05,monitor_no_action,All model scores below action thresholds.,True
LN100271,2026-06,Belmont Loan Services,Current,0.040401,0.058715,0.006316,0.03006,0.003988,Current,0.968196,0.039667,balance against expected amortisation for term elapsed,none,0.661659,state (-0.80) | credit score band (+0.62) | loan age (+0.48),high,6.2e-05,monitor_no_action,All model scores below action thresholds.,True
LN100788,2023-08,Northgate Servicing,Current,0.008088,0.005415,0.006316,0.999999,0.004081,Current,0.982324,0.050619,servicer feed record present,none,0.315428,credit score band (-1.32) | state (+0.80) | credit score band (-0.45),high,3.6e-05,retention_review,Prepayment risk is elevated; refer for retention pricing review.,True
LN100785,2026-06,Arcadia Capital Servicing,Current,0.032132,0.014166,0.006316,0.003945,0.004194,Current,0.991453,0.833929,three-month balance movement,none,0.518327,credit score band (-0.98) | share of term elapsed (+0.53) | scheduled monthly payment (+0.26),high,3.4e-05,monitor_no_action,All model scores below action thresholds.,True
LN100782,2020-11,Kestrel Financial,Current,0.017366,0.006814,0.006316,0.999999,0.841027,Current,0.859471,0.132328,servicer reporting lag,invalid_date_relationship,0.99843,credit score band (+1.35) | property type (-0.60) | debt-to-income band (-0.57),high,0.000341,raise_exception_for_review,Operational exception is more likely than not; route to the data-quality queue.,True
LN100780,2026-05,Kestrel Financial,Current,0.017824,0.014815,0.006316,0.666667,0.004227,Current,0.930981,0.111104,servicer feed record present,none,0.442209,note rate (+0.76) | debt-to-income band (-0.44) | loan purpose (-0.37),high,0.000112,retention_review,Prepayment risk is elevated; refer for retention pricing review.,True
LN100779,2024-02,Belmont Loan Services,Current,0.003305,0.001557,0.006316,0.999999,0.847694,Current,0.958336,0.32393,servicer feed balance gap,balance_reconciliation_break,0.997983,credit score band (-1.07) | state (+0.67) | note rate (+0.63),high,0.000118,raise_exception_for_review,Operational exception is more likely than not; route to the data-quality queue.,True
LN100806,2026-06,Belmont Loan Services,Current,0.01594,0.003836,0.006316,0.03006,0.746805,Current,0.994243,0.311982,document file incomplete,missing_documentation,0.997309,credit score band (-1.01) | loan purpose (+0.35) | original balance (+0.32),high,6e-05,raise_exception_for_review,Operational exception is more likely than not; route to the data-quality queue.,True
LN100804,2019-01,Northgate Servicing,Current,0.015056,0.012264,0.006316,0.999999,0.853154,Current,0.760147,0.123586,servicer feed record present,balance_reconciliation_break,0.995863,credit score band (+1.03) | servicer (-0.47) | scheduled monthly payment (+0.43),high,0.000245,raise_exception_for_review,Operational exception is more likely than not; route to the data-quality queue.,True
LN100803,2026-05,Arcadia Capital Servicing,Current,0.022076,0.029207,0.006316,0.666667,0.003961,Current,0.960032,0.061343,three-month balance movement,none,0.364049,note rate (+0.55) | scheduled payment relative to balance (+0.36) | loan purpose (-0.34),high,0.0001,retention_review,Prepayment risk is elevated; refer for retention pricing review.,True
LN100269,2020-04,Northgate Servicing,Current,0.0298,0.022861,0.006316,0.999999,0.004185,Current,0.854896,7.7e-05,three-month balance movement,none,0.604813,worst days past due in last 12 months (+0.89) | worst days past due in last 6 months (-0.53) | loan purpose (-0.46),high,4.8e-05,retention_review,Prepayment risk is elevated; refer for retention pricing review.,True
LN100267,2026-06,Arcadia Capital Servicing,Current,0.015112,0.006985,0.006316,0.4375,0.004227,Current,0.960082,0.283022,record arrived by manual upload,none,0.424208,state (-0.80) | note rate (+0.76) | scheduled payment relative to balance (+0.58),high,0.000155,monitor_no_action,All model scores below action thresholds.,True
LN101351,2026-06,Belmont Loan Services,Current,0.02878,0.01526,0.006316,0.934783,0.003961,Current,0.975732,0.053711,three-month balance movement,none,0.614779,credit score band (+0.54) | debt-to-income band (+0.50) | note rate (+0.41),high,0.000687,retention_review,Prepayment risk is elevated; refer for retention pricing review.,True
LN101350,2026-06,Belmont Loan Services,Current,0.01493,0.007724,0.006316,0.145631,0.824943,Current,0.979446,0.378671,servicer feed balance gap,balance_reconciliation_break,0.994228,note rate (+0.48) | state (+0.48) | debt-to-income band (-0.46),high,0.000361,raise_exception_for_review,Operational exception is more likely than not; route to the data-quality queue.,True
LN101349,2026-06,Northgate Servicing,Current,0.031449,0.056662,0.006316,0.222222,0.753106,Current,0.969129,0.300306,document file incomplete,missing_documentation,0.994731,loan purpose (-0.61) | note rate (+0.60) | state (-0.50),high,0.000158,raise_exception_for_review,Operational exception is more likely than not; route to the data-quality queue.,True
LN101352,2022-03,Kestrel Financial,Current,0.015127,0.009871,0.006316,0.999999,0.567206,Current,0.90571,0.253297,servicer reporting lag,stale_servicer_reporting,0.996183,state (+0.63) | debt-to-income band (-0.47) | loan purpose (-0.32),high,6e-05,raise_exception_for_review,Operational exception is more likely than not; route to the data-quality queue.,True
LN100801,2021-12,Kestrel Financial,Current,0.004677,0.003422,0.006316,0.999999,0.818164,Current,0.884144,0.313309,servicer feed balance gap,balance_reconciliation_break,0.997271,credit score band (+1.19) | loan age (-0.50) | state (-0.39),high,6.8e-05,raise_exception_for_review,Operational exception is more likely than not; route to the data-quality queue.,True
LN100799,2021-09,Kestrel Financial,Current,0.005098,0.003352,0.006316,0.999999,0.43608,Current,0.758681,0.72406,note rate required repair,none,0.316342,credit score band (-1.16) | state (-0.89) | property type (+0.36),high,5.3e-05,retention_review,Prepayment risk is elevated; refer for retention pricing review.,True
LN100796,2026-06,Belmont Loan Services,Current,0.020238,0.017671,0.006316,0.003945,0.757583,Current,0.982068,0.392518,month-over-month change in days past due,missing_documentation,0.996194,months delinquent in last 12 months (+0.56) | months delinquent in last 6 months (+0.53) | dpd lag1 (+0.47),high,0.000141,raise_exception_for_review,Operational exception is more likely than not; route to the data-quality queue.,True
LN100792,2025-03,Pioneer Mortgage Ops,Current,0.010964,0.011435,0.006316,0.235294,0.004293,Current,0.91273,0.244459,record arrived by manual upload,none,0.646888,state (+0.67) | note rate (+0.65) | debt-to-income band (-0.39),high,8.2e-05,monitor_no_action,All model scores below action thresholds.,True
LN100822,2026-06,Northgate Servicing,Current,0.021387,0.03142,0.006316,0.010363,0.004344,Current,0.990494,0.837011,month-over-month balance movement,none,0.568202,share of term elapsed (+0.61) | credit score band (+0.43) | scheduled monthly payment (+0.40),high,4.3e-05,monitor_no_action,All model scores below action thresholds.,True
LN100818,2025-06,Belmont Loan Services,Current,0.005087,0.010299,0.006316,0.458333,0.004034,Current,0.966968,0.065717,scheduled payment relative to balance,none,0.488078,credit score band (-1.33) | note rate (+0.81) | balance change 1m (+0.60),high,7e-05,retention_review,Prepayment risk is elevated; refer for retention pricing review.,True
LN100816,2024-01,Belmont Loan Services,Current,0.00748,0.00381,0.006316,0.999999,0.004272,Current,0.969513,0.174642,three-month balance movement,none,0.475008,credit score band (-1.34) | state (+0.67) | loan age (+0.57),high,8.3e-05,retention_review,Prepayment risk is elevated; refer for retention pricing review.,True
LN100814,2026-06,Arcadia Capital Servicing,Current,0.055686,0.049126,0.006316,0.003945,0.004264,Current,0.991109,1.0,month-over-month balance movement,none,0.783997,credit score band (+0.85) | share of term elapsed (+0.66) | debt-to-income band (-0.37),high,0.000171,monitor_no_action,All model scores below action thresholds.,True
LN100810,2021-01,Arcadia Capital Servicing,Current,0.006018,0.007383,0.006316,0.999999,0.004388,Current,0.888702,0.087711,three-month balance movement,none,0.671271,scheduled monthly payment (+1.06) | market rate delta 12m (-0.56) | ltv band (+0.41),high,0.000228,retention_review,Prepayment risk is elevated; refer for retention pricing review.,True
LN100259,2026-04,Arcadia Capital Servicing,Current,0.049363,0.042871,0.006316,0.023684,0.004055,Current,0.994336,0.060198,balance against expected amortisation for term elapsed,none,0.769743,worst days past due in last 12 months (+1.15) | share of term elapsed (+0.50) | scheduled monthly payment (-0.49),high,0.000294,monitor_no_action,All model scores below action thresholds.,True
LN100256,2025-03,Pioneer Mortgage Ops,Current,0.027988,0.030747,0.006316,0.003945,0.845396,Current,0.981255,0.773578,three-month balance movement,balance_reconciliation_break,0.994949,worst days past due in last 12 months (+1.44) | credit score band (-0.65) | share of term elapsed (+0.46),high,0.000114,raise_exception_for_review,Operational exception is more likely than not; route to the data-quality queue.,True
LN100253,2026-06,Belmont Loan Services,Current,0.027466,0.013588,0.006316,0.03006,0.004306,Current,0.992744,0.053621,balance against expected amortisation for term elapsed,none,0.887081,state (+0.62) | loan purpose (+0.33) | loan-to-value band (-0.33),high,0.000184,monitor_no_action,All model scores below action thresholds.,True
LN100252,2019-02,Belmont Loan Services,Current,0.054769,0.03463,0.006316,0.999999,0.00451,Current,0.558819,0.022892,balance against expected amortisation for term elapsed,none,0.527708,debt-to-income band (+0.47) | current balance (-0.42) | loan-to-value band (+0.36),high,0.000174,retention_review,Prepayment risk is elevated; refer for retention pricing review.,True
LN100250,2026-06,Kestrel Financial,Current,0.02488,0.009903,0.006316,0.023684,0.003988,Current,0.991357,0.089265,balance against expected amortisation for term elapsed,none,0.438033,worst days past due in last 12 months (+1.43) | state (-0.70) | credit score band (-0.60),high,0.000105,monitor_no_action,All model scores below action thresholds.,True
LN100279,2026-06,Northgate Servicing,Current,0.027417,0.012405,0.006316,0.03006,0.003988,Current,0.988902,0.053656,balance against expected amortisation for term elapsed,none,0.679632,credit score band (+0.44) | share of term elapsed (-0.43) | loan-to-value band (-0.38),high,0.000133,monitor_no_action,All model scores below action thresholds.,True
LN100808,2025-06,Northgate Servicing,Current,0.010206,0.009542,0.006316,0.060606,0.851149,Current,0.957177,0.234953,scheduled payment relative to balance,balance_reconciliation_break,0.998668,credit score band (+0.61) | note rate (+0.50) | market rate delta 12m (-0.48),high,0.000384,raise_exception_for_review,Operational exception is more likely than not; route to the data-quality queue.,True
LN101078,2025-06,Belmont Loan Services,Current,0.006643,0.005818,0.006316,0.03006,0.004752,Current,0.984757,0.063654,count of missing credit fields,none,0.42172,credit score band (+0.69) | market rate delta 12m (-0.46) | debt-to-income band (+0.42),high,0.000159,monitor_no_action,All model scores below action thresholds.,True
LN101073,2025-06,Northgate Servicing,Current,0.016505,0.064574,0.006316,0.03006,0.005883,Current,0.983298,0.31511,three-month balance movement,none,0.936042,credit score band (+1.36) | state (-0.56) | credit score band (+0.49),high,0.000254,monitor_no_action,All model scores below action thresholds.,True
LN101072,2019-02,Kestrel Financial,Current,0.005295,0.005312,0.006316,0.999999,0.005511,Current,0.794485,0.09027,balance against expected amortisation for term elapsed,none,0.902421,loan age (+0.77) | property type (-0.58) | current balance (-0.48),high,0.000325,retention_review,Prepayment risk is elevated; refer for retention pricing review.,True
LN101070,2026-06,Northgate Servicing,Current,0.018123,0.034561,0.006316,0.222222,0.003961,Current,0.979821,0.057713,three-month balance movement,none,0.614257,servicer (-0.46) | credit score band (+0.42) | note rate (+0.35),high,0.000103,monitor_no_action,All model scores below action thresholds.,True
LN101068,2024-12,Northgate Servicing,Current,0.036907,0.004101,0.006316,0.235294,0.005047,Current,0.792596,0.105688,servicer feed record present,none,0.405981,property type (-0.63) | unemployment rate (+0.50) | note rate (+0.50),high,0.000145,monitor_no_action,All model scores below action thresholds.,True
LN101067,2026-06,Belmont Loan Services,Current,0.050619,0.117307,0.006316,0.999999,0.004308,Current,0.953548,0.070945,scheduled payment relative to balance,none,0.776545,note rate (+0.73) | state (+0.66) | loan purpose (-0.56),high,0.00014,retention_review,Prepayment risk is elevated; refer for retention pricing review.,True
LN101064,2020-03,Arcadia Capital Servicing,Current,0.006426,0.00445,0.006316,0.999999,0.004494,Current,0.869622,0.238653,record arrived by manual upload,none,0.779172,loan age (+0.55) | scheduled monthly payment (-0.47) | property type (-0.33),high,0.000117,retention_review,Prepayment risk is elevated; refer for retention pricing review.,True
LN100836,2026-06,Arcadia Capital Servicing,Current,0.012619,0.012898,0.006316,0.145631,0.005572,Current,0.987003,0.259535,scheduled payment relative to balance,none,0.743578,credit score band (-1.01) | state (+0.61) | note rate (+0.57),high,5.7e-05,monitor_no_action,All model scores below action thresholds.,True
LN100834,2026-06,Northgate Servicing,Current,0.05857,0.028603,0.006316,0.023684,0.004224,Current,0.992151,0.187925,balance against expected amortisation for term elapsed,none,0.696045,loan purpose (+0.30) | loan age (-0.27) | share of term elapsed (+0.24),high,0.000158,monitor_no_action,All model scores below action thresholds.,True
LN100238,2026-06,Northgate Servicing,Current,0.024831,0.00664,0.006316,0.03006,0.004575,Current,0.992498,0.508733,balance against expected amortisation for term elapsed,none,0.771721,credit score band (-1.09) | scheduled monthly payment (+0.39) | share of term elapsed (+0.38),high,0.00015,monitor_no_action,All model scores below action thresholds.,True
LN101366,2025-11,Arcadia Capital Servicing,Current,0.034695,0.045833,0.006316,0.03006,0.004594,Current,0.983964,0.237006,three-month balance movement,none,0.802447,credit score band (+1.08) | note rate (+0.58) | market rate delta 12m (-0.40),high,0.000149,monitor_no_action,All model scores below action thresholds.,True
LN101361,2024-11,Belmont Loan Services,Current,0.012671,0.015427,0.006316,0.145631,0.004733,Current,0.894361,0.139297,scheduled payment relative to balance,none,0.486125,note rate (+0.53) | loan purpose (-0.50) | loan age (-0.39),high,0.000272,monitor_no_action,All model scores below action thresholds.,True
LN101360,2019-08,Belmont Loan Services,Current,0.005269,0.009217,0.006316,0.999999,0.018011,Current,0.902032,0.113186,count of missing credit fields,none,0.571479,credit score band (+0.55) | loan-to-value band (+0.53) | state (-0.42),high,0.000102,retention_review,Prepayment risk is elevated; refer for retention pricing review.,True
LN101355,2026-06,Kestrel Financial,Current,0.028804,0.010569,0.006316,0.03006,0.004194,Current,0.99129,0.870311,three-month balance movement,none,0.875382,credit score band (-1.04) | share of term elapsed (+0.52) | scheduled monthly payment (+0.35),high,3.3e-05,monitor_no_action,All model scores below action thresholds.,True
LN101353,2021-09,Northgate Servicing,Current,0.029047,0.009844,0.006316,0.999999,0.004249,Current,0.851022,0.135712,month-over-month balance movement,none,0.341229,credit score band (+1.43) | scheduled monthly payment (+0.66) | loan purpose (-0.50),high,0.000169,retention_review,Prepayment risk is elevated; refer for retention pricing review.,True
LN100222,2026-06,Belmont Loan Services,Current,0.007756,0.005745,0.006316,0.4375,0.004398,Current,0.970892,0.110592,servicer feed record present,none,0.448572,note rate (+0.79) | debt-to-income band (-0.53) | scheduled payment relative to balance (+0.46),high,9e-05,monitor_no_action,All model scores below action thresholds.,True
LN100221,2019-12,Kestrel Financial,Current,0.014894,0.011669,0.006316,0.999999,0.852449,Current,0.813194,0.136375,servicer feed balance gap,balance_reconciliation_break,0.988446,debt-to-income band (+0.59) | loan age (-0.50) | state (+0.49),high,0.000367,raise_exception_for_review,Operational exception is more likely than not; route to the data-quality queue.,True
LN100219,2025-06,Pioneer Mortgage Ops,Current,0.041373,0.01613,0.006316,0.235294,0.00401,Current,0.950728,0.118355,count of missing credit fields,none,0.771326,debt-to-income band (+0.60) | note rate (+0.51) | loan purpose (-0.39),high,8.8e-05,monitor_no_action,All model scores below action thresholds.,True
LN100218,2019-05,Pioneer Mortgage Ops,Current,0.006943,0.001756,0.006316,0.999999,0.005257,Current,0.889215,0.22161,servicer feed record present,none,0.648914,credit score band (-1.10) | credit score band (-0.38) | balance against expected amortisation (+0.32),high,3.2e-05,retention_review,Prepayment risk is elevated; refer for retention pricing review.,True
LN100244,2026-06,Pioneer Mortgage Ops,Current,0.020382,0.031367,0.006316,0.222222,0.007149,Current,0.960042,0.2238,count of missing credit fields,none,0.480587,loan purpose (-0.31) | debt-to-income band (-0.26) | note rate (+0.25),high,6.2e-05,monitor_no_action,All model scores below action thresholds.,True
LN100243,2020-04,Belmont Loan Services,Current,0.006761,0.006231,0.006316,0.999999,0.004052,Current,0.929178,0.064276,count of missing credit fields,none,0.499903,credit score band (-1.15) | state (+0.78) | scheduled payment relative to balance (+0.38),high,8.1e-05,retention_review,Prepayment risk is elevated; refer for retention pricing review.,True
LN100242,2026-06,Belmont Loan Services,Current,0.05075,0.024558,0.006316,0.03006,0.007197,Current,0.978857,0.287769,three-month balance movement,none,0.313183,credit score band (-1.20) | credit score band (-0.39) | property type (-0.31),high,2.7e-05,monitor_no_action,All model scores below action thresholds.,True
LN100241,2026-06,Arcadia Capital Servicing,Current,0.130872,0.071569,0.006316,0.03006,0.004316,Current,0.981322,0.096825,servicer feed record present,none,0.903115,credit score band (+1.43) | scheduled monthly payment (-0.54) | share of term elapsed (+0.53),high,0.000102,monitor_no_action,All model scores below action thresholds.,True
LN100831,2026-06,Northgate Servicing,Current,0.019567,0.069963,0.006316,0.010363,0.003988,Current,0.985552,0.073434,balance against expected amortisation for term elapsed,none,0.603843,credit score band (+1.31) | credit score band (+0.41) | scheduled monthly payment (-0.33),high,9.9e-05,monitor_no_action,All model scores below action thresholds.,True
LN100826,2020-07,Northgate Servicing,Current,0.042533,0.031672,0.006316,0.999999,0.005046,Current,0.772878,0.052357,servicer feed record present,none,0.541703,current balance (-0.64) | servicer (-0.52) | credit score band (+0.52),high,8e-05,retention_review,Prepayment risk is elevated; refer for retention pricing review.,True
LN100825,2021-11,Arcadia Capital Servicing,Current,0.021431,0.037566,0.006316,0.999999,0.004064,Current,0.938359,0.164292,three-month balance movement,none,0.497094,credit score band (-1.39) | state (+0.45) | original balance (+0.38),high,0.00015,retention_review,Prepayment risk is elevated; refer for retention pricing review.,True
LN100853,2026-06,Pioneer Mortgage Ops,Current,0.051317,0.025039,0.006316,0.010363,0.007067,Current,0.986767,0.964533,three-month balance movement,none,0.335955,loan purpose (-0.65) | share of term elapsed (+0.27) | original balance (+0.25),high,8.9e-05,monitor_no_action,All model scores below action thresholds.,True
LN100852,2026-06,Pioneer Mortgage Ops,Current,0.068318,0.061417,0.006316,0.03006,0.004115,Current,0.973675,0.011483,scheduled payment relative to balance,none,0.779791,state (+0.45) | note rate (+0.36) | loan purpose (+0.31),high,0.000248,monitor_no_action,All model scores below action thresholds.,True
LN100850,2019-01,Arcadia Capital Servicing,Current,0.022561,0.009318,0.006316,0.999999,0.854743,Current,0.717327,0.15788,servicer reporting lag,invalid_date_relationship,0.998656,credit score band (-1.37) | credit score band (-0.49) | servicer (+0.31),high,0.000364,raise_exception_for_review,Operational exception is more likely than not; route to the data-quality queue.,True
LN100847,2026-06,Arcadia Capital Servicing,Current,0.034499,0.014181,0.006316,0.03006,0.0045,Current,0.991483,0.056057,servicer feed record present,none,0.889807,credit score band (+0.45) | loan purpose (-0.38) | loan age (+0.36),high,7.6e-05,monitor_no_action,All model scores below action thresholds.,True
LN100845,2025-11,Belmont Loan Services,Current,0.012647,0.027667,0.006316,0.235294,0.004034,Current,0.983814,0.069123,scheduled payment relative to balance,none,0.387984,current balance (-0.74) | note rate (+0.56) | scheduled payment relative to balance (+0.50),high,0.000127,monitor_no_action,All model scores below action thresholds.,True
LN101381,2020-02,Kestrel Financial,Current,0.076524,0.049215,0.006316,0.999999,0.030523,Current,0.814263,0.114117,count of missing credit fields,none,0.725136,credit score band (+1.05) | state (-0.82) | loan purpose (-0.41),high,0.000232,retention_review,Prepayment risk is elevated; refer for retention pricing review.,True
LN101379,2021-05,Belmont Loan Services,Current,0.046463,0.038398,0.006316,0.999999,0.004786,Current,0.87731,0.200314,servicer reporting lag,none,0.373505,credit score band (+1.62) | loan age (+0.70) | property type (-0.45),high,0.000341,retention_review,Prepayment risk is elevated; refer for retention pricing review.,True
LN101377,2021-01,Kestrel Financial,Current,0.009554,0.009054,0.006316,0.999999,0.011987,Current,0.661419,0.166399,three-month balance movement,none,0.412802,credit score band (+0.72) | state (+0.71) | loan-to-value band (-0.42),high,0.000175,retention_review,Prepayment risk is elevated; refer for retention pricing review.,True
LN101372,2026-06,Pioneer Mortgage Ops,Current,0.008912,0.011711,0.006316,0.03006,0.003279,Current,0.976064,0.046885,three-month balance movement,none,0.411894,credit score band (-1.02) | balance change 1m (+0.43) | original balance (-0.26),high,3e-05,monitor_no_action,All model scores below action thresholds.,True
LN101370,2024-03,Arcadia Capital Servicing,Current,0.004605,0.00218,0.006316,0.934783,0.00388,Current,0.876139,0.003166,three-month balance movement,none,0.538544,credit score band (-1.51) | refinance incentive (note rate less market rate) (+0.42) | market mortgage rate (+0.38),high,4.3e-05,retention_review,Prepayment risk is elevated; refer for retention pricing review.,True
LN101368,2026-06,Belmont Loan Services,Current,0.018502,0.020963,0.006316,0.222222,0.003988,Current,0.98419,0.012309,balance against expected amortisation for term elapsed,none,0.830138,credit score band (-1.37) | scheduled monthly payment (+0.52) | loan age (+0.43),high,6.1e-05,monitor_no_action,All model scores below action thresholds.,True
LN100231,2026-06,Pioneer Mortgage Ops,Current,0.037649,0.011896,0.006316,0.023684,0.005322,Current,0.991835,0.108882,count of missing credit fields,none,0.619491,scheduled monthly payment (-0.69) | credit score band (+0.49) | state (+0.45),high,0.000304,monitor_no_action,All model scores below action thresholds.,True
LN100843,2026-06,Belmont Loan Services,Current,0.152151,0.064792,0.006316,0.03006,0.875229,Current,0.983865,0.634001,loan age required repair,invalid_date_relationship,0.993677,credit score band (+1.35) | share of term elapsed (+0.52) | scheduled monthly payment (-0.49),high,0.000232,raise_exception_for_review,Operational exception is more likely than not; route to the data-quality queue.,True
LN101062,2019-11,Pioneer Mortgage Ops,Current,0.01116,0.007591,0.006316,0.999999,0.004968,Current,0.897203,0.001412,scheduled payment relative to balance,none,0.971232,property type (-0.60) | credit score band (+0.44) | loan age (-0.41),high,0.000152,retention_review,Prepayment risk is elevated; refer for retention pricing review.,True
LN101060,2025-04,Northgate Servicing,Current,0.014105,0.008796,0.006316,0.03006,0.004045,Current,0.897237,0.205538,three-month balance movement,none,0.900545,credit score band (+0.57) | state (-0.51) | original balance (-0.31),high,0.000122,monitor_no_action,All model scores below action thresholds.,True
LN101053,2025-10,Belmont Loan Services,Current,0.023947,0.008507,0.006316,0.03006,0.004256,Current,0.992074,0.865958,three-month balance movement,none,0.808721,credit score band (-0.96) | scheduled monthly payment (+0.49) | market rate delta 12m (-0.45),high,8e-05,monitor_no_action,All model scores below action thresholds.,True
LN101050,2022-01,Northgate Servicing,Current,0.002178,0.00103,0.006316,0.999999,0.003808,Current,0.926079,0.016638,scheduled payment relative to balance,none,0.738417,credit score band (+0.52) | property type (+0.36) | servicer (-0.33),high,6.7e-05,retention_review,Prepayment risk is elevated; refer for retention pricing review.,True
LN101048,2026-06,Arcadia Capital Servicing,Current,0.026163,0.048462,0.006316,0.003945,0.004055,Current,0.98756,0.026699,balance against expected amortisation for term elapsed,none,0.91156,credit score band (+1.28) | scheduled monthly payment (-0.76) | loan age (+0.73),high,7.8e-05,monitor_no_action,All model scores below action thresholds.,True
LN100868,2026-06,Northgate Servicing,Current,0.003572,0.003479,0.006316,0.03352,0.00453,Current,0.978248,0.23595,scheduled payment relative to balance,none,0.522158,note rate (+0.67) | balance change 3m (-0.46) | loan purpose (+0.32),high,0.000231,monitor_no_action,All model scores below action thresholds.,True
LN100226,2026-04,Belmont Loan Services,Current,0.019069,0.007651,0.006316,0.999999,0.752809,Current,0.951163,0.257257,document file incomplete,missing_documentation,0.997856,credit score band (-1.18) | state (-0.87) | note rate (+0.69),high,0.000103,raise_exception_for_review,Operational exception is more likely than not; route to the data-quality queue.,True
LN100223,2026-06,Belmont Loan Services,Current,0.015782,0.013791,0.006316,0.03006,0.004055,Current,0.982411,0.083016,scheduled payment relative to balance,none,0.551876,credit score band (+1.43) | note rate (+0.70) | debt-to-income band (-0.53),high,0.000351,monitor_no_action,All model scores below action thresholds.,True
LN100171,2026-06,Kestrel Financial,Current,0.025312,0.006369,0.006316,0.03006,0.003988,Current,0.992805,0.088223,month-over-month change in days past due,none,0.55073,share of term elapsed (+0.46) | loan purpose (-0.45) | state (+0.31),high,1.6e-05,monitor_no_action,All model scores below action thresholds.,True
LN100199,2026-06,Belmont Loan Services,Current,0.016143,0.017006,0.006316,0.03006,0.004055,Current,0.99352,0.084422,balance against expected amortisation for term elapsed,none,0.725838,credit score band (-0.91) | months delinquent in last 12 months (+0.62) | share of term elapsed (+0.42),high,4.4e-05,monitor_no_action,All model scores below action thresholds.,True
LN100192,2026-06,Belmont Loan Services,Current,0.049427,0.031849,0.006316,0.222222,0.003961,Current,0.97358,0.044531,three-month balance movement,none,0.960856,state (-1.00) | note rate (+0.63) | debt-to-income band (+0.52),high,0.000189,monitor_no_action,All model scores below action thresholds.,True
LN100866,2026-06,Kestrel Financial,Current,0.035962,0.012209,0.006316,0.03006,0.007537,Current,0.99246,0.362556,count of missing credit fields,none,0.407912,loan-to-value band (-0.37) | state (-0.35) | current balance (-0.34),high,3.4e-05,monitor_no_action,All model scores below action thresholds.,True
LN100861,2024-09,Northgate Servicing,Current,0.011368,0.0114,0.006316,0.03006,0.768375,Current,0.928131,0.706594,three-month balance movement,missing_documentation,0.995652,credit score band (-1.32) | loan age (+0.58) | refinance incentive (note rate less market rate) (+0.43),high,0.000153,raise_exception_for_review,Operational exception is more likely than not; route to the data-quality queue.,True
LN100858,2026-06,Northgate Servicing,Current,0.010999,0.01009,0.006316,0.03352,0.004027,Current,0.988684,0.048932,three-month balance movement,none,0.755419,note rate (+0.53) | loan-to-value band (+0.49) | debt-to-income band (-0.46),high,0.000131,monitor_no_action,All model scores below action thresholds.,True
LN100857,2026-06,Pioneer Mortgage Ops,Current,0.027302,0.009094,0.006316,0.003945,0.003988,Current,0.994718,0.239727,record arrived by manual upload,none,0.509699,credit score band (-1.04) | share of term elapsed (+0.38) | scheduled monthly payment (+0.33),high,6e-05,monitor_no_action,All model scores below action thresholds.,True
LN100884,2026-06,Pioneer Mortgage Ops,Current,0.007259,0.007104,0.006316,0.03006,0.004264,Current,0.984025,0.458874,three-month balance movement,none,0.545772,worst days past due in last 12 months (+0.87) | loan age (+0.65) | state (-0.50),high,5.7e-05,monitor_no_action,All model scores below action thresholds.,True
LN100882,2025-01,Northgate Servicing,Current,0.01985,0.005442,0.006316,0.03006,0.018367,Current,0.954441,0.125094,count of missing credit fields,none,0.586651,loan purpose (-0.54) | original balance (+0.35) | loan-to-value band (+0.32),high,6.1e-05,monitor_no_action,All model scores below action thresholds.,True
LN100879,2026-06,Pioneer Mortgage Ops,Current,0.011617,0.00489,0.006316,0.03352,0.004995,Current,0.96698,0.125189,scheduled payment relative to balance,none,0.36004,credit score band (-1.17) | state (+0.32) | credit score band (-0.30),high,6.5e-05,monitor_no_action,All model scores below action thresholds.,True
LN100877,2019-01,Northgate Servicing,Current,0.013413,0.011721,0.006316,0.999999,0.006091,Current,0.666819,0.086866,count of missing credit fields,none,0.307756,state (-0.84) | servicer (-0.46) | credit score band (+0.46),high,0.000156,retention_review,Prepayment risk is elevated; refer for retention pricing review.,True
LN100191,2019-02,Arcadia Capital Servicing,Current,0.007353,0.006107,0.006316,0.999999,0.755396,Current,0.840282,0.196962,document file incomplete,missing_documentation,0.999765,credit score band (-0.91) | balance change 1m (+0.46) | debt-to-income band (-0.33),high,0.000105,raise_exception_for_review,Operational exception is more likely than not; route to the data-quality queue.,True
LN100189,2026-06,Arcadia Capital Servicing,Current,0.022184,0.003845,0.006316,0.03006,0.74243,Current,0.994638,0.253266,document file incomplete,missing_documentation,0.961964,credit score band (-0.93) | state (+0.70) | scheduled monthly payment (+0.56),high,0.000147,raise_exception_for_review,Operational exception is more likely than not; route to the data-quality queue.,True
LN100188,2025-07,Arcadia Capital Servicing,Current,0.031412,0.050836,0.006316,0.999999,0.004471,Current,0.972899,0.087953,scheduled payment relative to balance,none,0.323128,current balance (-0.56) | debt-to-income band (-0.46) | market rate delta 12m (-0.44),high,5.3e-05,retention_review,Prepayment risk is elevated; refer for retention pricing review.,True
LN100187,2026-06,Belmont Loan Services,Current,0.072368,0.030653,0.006316,0.03006,0.003988,Current,0.979348,0.006383,balance against expected amortisation for term elapsed,none,0.751389,loan purpose (-0.60) | original balance (-0.42) | share of term elapsed (+0.37),high,0.00011,monitor_no_action,All model scores below action thresholds.,True
LN101382,2023-02,Belmont Loan Services,Current,0.006098,0.008548,0.006316,0.999999,0.003808,Current,0.959474,0.008414,servicer reporting lag,none,0.355664,loan purpose (-0.37) | debt-to-income band (+0.34) | loan age (-0.29),high,5e-05,retention_review,Prepayment risk is elevated; refer for retention pricing review.,True
LN100154,2026-06,Pioneer Mortgage Ops,Current,0.005746,0.002578,0.006316,0.03352,0.003961,Current,0.973389,0.047207,three-month balance movement,none,0.686796,credit score band (-1.04) | note rate (+0.50) | debt-to-income band (+0.45),high,9.1e-05,monitor_no_action,All model scores below action thresholds.,True
LN101395,2026-03,Pioneer Mortgage Ops,Current,0.006437,0.011923,0.006316,0.235294,0.0044,Current,0.976631,0.210196,three-month balance movement,none,0.96777,state (-0.64) | debt-to-income band (+0.50) | credit score band (+0.43),high,7.9e-05,monitor_no_action,All model scores below action thresholds.,True
LN101390,2019-04,Kestrel Financial,Current,0.002858,0.002415,0.006316,0.999999,0.007319,Current,0.961646,0.073713,count of missing credit fields,none,0.277707,credit score band (-1.09) | property type (-0.57) | scheduled payment relative to balance (+0.41),high,4.6e-05,retention_review,Prepayment risk is elevated; refer for retention pricing review.,True
LN101389,2019-04,Northgate Servicing,Current,0.024791,0.032932,0.006316,0.999999,0.004817,Current,0.86324,0.093624,balance against expected amortisation for term elapsed,none,0.389981,scheduled monthly payment (+0.63) | loan age (+0.55) | property type (-0.54),high,0.00067,retention_review,Prepayment risk is elevated; refer for retention pricing review.,True
LN101388,2021-06,Northgate Servicing,Current,0.019001,0.034776,0.006316,0.999999,0.004373,Current,0.869015,0.051823,servicer feed record present,none,0.80821,state (+1.24) | loan purpose (-0.68) | market rate delta 12m (-0.47),high,0.00026,retention_review,Prepayment risk is elevated; refer for retention pricing review.,True
LN101387,2026-06,Pioneer Mortgage Ops,Current,0.005215,0.002988,0.006316,0.145631,0.004195,Current,0.95885,0.076452,servicer feed record present,none,0.81421,credit score band (-0.98) | note rate (+0.54) | property type (-0.54),high,3.4e-05,monitor_no_action,All model scores below action thresholds.,True
LN101043,2026-06,Kestrel Financial,Current,0.005108,0.008313,0.006316,0.174171,0.847694,Current,0.976359,0.351031,three-month balance movement,balance_reconciliation_break,0.998078,note rate (+0.64) | balance against expected amortisation (-0.54) | credit score band (+0.41),high,0.000145,raise_exception_for_review,Operational exception is more likely than not; route to the data-quality queue.,True
LN101040,2026-06,Northgate Servicing,Current,0.07076,0.044237,0.006316,0.03006,0.003988,Current,0.982577,0.090062,balance against expected amortisation for term elapsed,none,0.944244,credit score band (+1.16) | share of term elapsed (+0.72) | credit score band (+0.47),high,2.7e-05,monitor_no_action,All model scores below action thresholds.,True
LN101038,2026-06,Pioneer Mortgage Ops,Current,0.018405,0.014465,0.006316,0.222222,0.009829,Current,0.973109,0.17364,count of missing credit fields,none,0.711243,credit score band (-1.08) | note rate (+0.98) | balance change 1m (+0.51),high,8e-05,monitor_no_action,All model scores below action thresholds.,True
LN101036,2025-11,Northgate Servicing,Current,0.016617,0.002937,0.006316,0.03006,0.004122,Current,0.9948,0.028245,month-over-month balance movement,none,0.661178,credit score band (-1.00) | share of term elapsed (+0.52) | market rate delta 12m (-0.47),high,4.5e-05,monitor_no_action,All model scores below action thresholds.,True
LN101034,2019-01,Northgate Servicing,Current,0.00872,0.009866,0.006316,0.999999,0.005218,Current,0.866525,0.176399,record arrived by manual upload,none,0.272831,credit score band (-0.99) | debt-to-income band (+0.44) | balance change 1m (+0.35),high,0.000117,retention_review,Prepayment risk is elevated; refer for retention pricing review.,True
LN100903,2026-06,Northgate Servicing,Current,0.062897,0.040825,0.006316,0.03006,0.003988,Current,0.99093,0.074666,balance against expected amortisation for term elapsed,none,0.74826,unemployment rate (+0.34) | share of term elapsed (+0.34) | loan age (-0.29),high,3.2e-05,monitor_no_action,All model scores below action thresholds.,True
LN100901,2026-06,Arcadia Capital Servicing,Current,0.023364,0.019413,0.006316,0.03006,0.003988,Current,0.99559,0.062875,balance against expected amortisation for term elapsed,none,0.851897,credit score band (+1.12) | state (-0.88) | loan purpose (-0.48),high,0.000101,monitor_no_action,All model scores below action thresholds.,True
LN100183,2026-06,Belmont Loan Services,Current,0.014357,0.003563,0.006316,0.145631,0.003988,Current,0.991046,0.018978,servicer reporting lag,none,0.963881,loan purpose (-0.60) | loan age (+0.52) | original balance (-0.38),high,7.6e-05,monitor_no_action,All model scores below action thresholds.,True
LN100182,2026-06,Northgate Servicing,Current,0.034384,0.009398,0.006316,0.023684,0.003988,Current,0.990935,0.047442,servicer reporting lag,none,0.557168,share of term elapsed (+0.42) | scheduled monthly payment (+0.37) | loan purpose (+0.33),high,0.000137,monitor_no_action,All model scores below action thresholds.,True
LN100176,2026-06,Northgate Servicing,Current,0.014129,0.016025,0.006316,0.222222,0.004451,Current,0.977782,0.067517,scheduled payment relative to balance,none,0.335847,note rate (+0.79) | balance change 1m (+0.42) | scheduled payment relative to balance (+0.39),high,0.000399,monitor_no_action,All model scores below action thresholds.,True
LN100140,2021-09,Northgate Servicing,Current,0.028358,0.007452,0.006316,0.999999,0.004083,Current,0.916102,0.00225,balance against expected amortisation for term elapsed,none,0.58174,balance against expected amortisation (-0.55) | loan-to-value band (-0.34) | servicer (-0.31),high,3.4e-05,retention_review,Prepayment risk is elevated; refer for retention pricing review.,True
LN100136,2026-06,Northgate Servicing,Current,0.024794,0.00996,0.006316,0.023684,0.004224,Current,0.994805,0.093596,servicer feed record present,none,0.434431,worst days past due in last 12 months (+1.67) | credit score band (-0.72) | share of term elapsed (+0.40),high,0.000119,monitor_no_action,All model scores below action thresholds.,True
LN101413,2026-06,Northgate Servicing,Current,0.018133,0.004255,0.006316,0.03006,0.004224,Current,0.994157,0.093265,servicer feed record present,none,0.728703,credit score band (-0.61) | loan purpose (-0.48) | share of term elapsed (+0.41),high,2.7e-05,monitor_no_action,All model scores below action thresholds.,True
LN101412,2026-06,Belmont Loan Services,Current,0.052994,0.065352,0.006316,0.023684,0.007019,Current,0.986929,0.094281,count of missing credit fields,none,0.469712,credit score band (+1.24) | share of term elapsed (+0.62) | credit score band (+0.52),high,0.000195,monitor_no_action,All model scores below action thresholds.,True
LN101410,2026-06,Kestrel Financial,Current,0.014028,0.016504,0.006316,0.023684,0.003919,Current,0.987199,0.778452,three-month balance movement,none,0.619714,share of term elapsed (+0.40) | loan purpose (+0.36) | loan age (+0.35),high,0.000167,monitor_no_action,All model scores below action thresholds.,True
LN101404,2024-12,Pioneer Mortgage Ops,Current,0.00784,0.005144,0.006316,0.185185,0.004475,Current,0.940543,0.056747,scheduled payment relative to balance,none,0.425473,credit score band (-1.06) | note rate (+0.64) | state (+0.48),high,4.1e-05,monitor_no_action,All model scores below action thresholds.,True
LN100900,2026-06,Arcadia Capital Servicing,Current,0.008449,0.007814,0.006316,0.222222,0.003961,Current,0.972562,0.053685,three-month balance movement,none,0.680525,credit score band (-1.01) | property type (-0.59) | note rate (+0.54),high,3.9e-05,monitor_no_action,All model scores below action thresholds.,True
LN100899,2019-02,Northgate Servicing,Current,0.054094,0.025666,0.006316,0.999999,0.004673,Current,0.619197,0.033885,balance against expected amortisation for term elapsed,none,0.405876,state (+0.41) | current balance (+0.32) | loan age (+0.30),high,7.9e-05,retention_review,Prepayment risk is elevated; refer for retention pricing review.,True
LN100898,2020-03,Northgate Servicing,Current,0.03625,0.030772,0.006316,0.999999,0.004652,Current,0.872999,0.258226,balance against expected amortisation for term elapsed,none,0.495329,credit score band (+0.58) | balance change 3m (-0.53) | loan age (+0.50),high,0.000274,retention_review,Prepayment risk is elevated; refer for retention pricing review.,True
LN100897,2026-06,Kestrel Financial,Current,0.005375,0.003448,0.006316,0.185185,0.003961,Current,0.987226,0.059068,three-month balance movement,none,0.805424,credit score band (-1.07) | note rate (+0.56) | balance change 1m (+0.38),high,2.5e-05,monitor_no_action,All model scores below action thresholds.,True
LN100895,2026-02,Belmont Loan Services,Current,0.012278,0.01381,0.006316,0.03006,0.004263,Current,0.987851,0.102449,servicer feed record present,none,0.560228,loan purpose (+0.46) | market rate delta 12m (-0.38) | loan age (+0.36),high,0.000241,monitor_no_action,All model scores below action thresholds.,True
LN100893,2019-05,Northgate Servicing,Current,0.010584,0.004059,0.006316,0.999999,0.004817,Current,0.723344,0.074308,servicer feed record present,none,0.541655,property type (-0.48) | balance change 1m (+0.39) | loan purpose (-0.29),high,8.2e-05,retention_review,Prepayment risk is elevated; refer for retention pricing review.,True
LN100888,2026-06,Kestrel Financial,Current,0.039108,0.012987,0.006316,0.023684,0.004782,Current,0.991661,0.097805,servicer feed record present,none,0.891244,state (+0.42) | share of term elapsed (+0.32) | property type (-0.32),high,0.000166,monitor_no_action,All model scores below action thresholds.,True
LN100916,2026-06,Belmont Loan Services,Current,0.014634,0.010022,0.006316,0.03006,0.004027,Current,0.987955,0.045519,three-month balance movement,none,0.449708,credit score band (-1.27) | note rate (+0.65) | balance change 1m (+0.51),high,8.8e-05,monitor_no_action,All model scores below action thresholds.,True
LN100912,2026-06,Northgate Servicing,Current,0.025529,0.055464,0.006316,0.03006,0.003988,Current,0.961363,0.09393,balance against expected amortisation for term elapsed,none,0.823078,loan age (+0.66) | credit score band (+0.60) | refinance incentive (note rate less market rate) (+0.40),high,0.000273,monitor_no_action,All model scores below action thresholds.,True
LN100155,2026-06,Pioneer Mortgage Ops,Current,0.029962,0.023239,0.006316,0.03006,0.030624,Current,0.990525,0.160593,servicer reporting lag,none,0.513637,share of term elapsed (+0.61) | scheduled monthly payment (-0.57) | credit score band (+0.53),high,0.000139,monitor_no_action,All model scores below action thresholds.,True
LN101425,2026-06,Pioneer Mortgage Ops,Current,0.059983,0.045452,0.006316,0.003945,0.004195,Current,0.991784,0.137886,balance against expected amortisation for term elapsed,none,0.816286,worst days past due in last 12 months (+1.17) | share of term elapsed (+0.45) | scheduled monthly payment (-0.37),high,7.5e-05,monitor_no_action,All model scores below action thresholds.,True
LN101423,2023-11,Northgate Servicing,Current,0.011369,0.007044,0.006316,0.999999,0.761446,Current,0.985819,0.17986,document file incomplete,missing_documentation,0.993535,state (-0.89) | loan age (+0.56) | scheduled monthly payment (-0.29),high,0.000369,raise_exception_for_review,Operational exception is more likely than not; route to the data-quality queue.,True
LN101421,2026-06,Northgate Servicing,Current,0.005726,0.005427,0.006316,0.4375,0.824943,Current,0.979233,0.166037,servicer feed record present,balance_reconciliation_break,0.998745,credit score band (-0.99) | note rate (+0.72) | state (-0.60),high,3e-05,raise_exception_for_review,Operational exception is more likely than not; route to the data-quality queue.,True
LN101420,2026-02,Pioneer Mortgage Ops,Current,0.013408,0.01292,0.006316,0.145631,0.004094,Current,0.951622,0.063936,scheduled payment relative to balance,none,0.626841,credit score band (-0.98) | note rate (+0.97) | balance change 1m (+0.61),high,0.000102,monitor_no_action,All model scores below action thresholds.,True
LN100151,2026-06,Arcadia Capital Servicing,Current,0.018167,0.011211,0.006316,0.222222,0.003988,Current,0.960677,0.094964,scheduled payment relative to balance,none,0.423343,note rate (+0.59) | property type (-0.50) | credit score band (+0.49),high,0.000155,monitor_no_action,All model scores below action thresholds.,True
LN100150,2023-07,Pioneer Mortgage Ops,Current,0.004716,0.003038,0.006316,0.999999,0.751475,Current,0.959534,0.302715,document file incomplete,missing_documentation,0.999142,credit score band (+0.54) | market mortgage rate (+0.35) | debt-to-income band (-0.32),high,0.00018,raise_exception_for_review,Operational exception is more likely than not; route to the data-quality queue.,True
LN100148,2025-05,Northgate Servicing,Current,0.008853,0.009545,0.006316,0.458333,0.759186,Current,0.976966,0.362169,servicer reporting lag,missing_documentation,0.999315,property type (-0.67) | note rate (+0.55) | scheduled payment relative to balance (+0.44),high,0.000136,raise_exception_for_review,Operational exception is more likely than not; route to the data-quality queue.,True
LN100910,2026-06,Northgate Servicing,Current,0.031699,0.070952,0.006316,0.03006,0.004118,Current,0.979334,0.366467,three-month balance movement,none,0.839229,credit score band (+1.21) | state (-0.85) | debt-to-income band (+0.54),high,0.000315,monitor_no_action,All model scores below action thresholds.,True
LN100909,2019-03,Kestrel Financial,Current,0.029923,0.019282,0.006316,0.999999,0.004622,Current,0.612894,0.08921,count of missing credit fields,none,0.462098,debt-to-income band (+0.37) | loan purpose (-0.32) | dti band (+0.29),high,0.00013,retention_review,Prepayment risk is elevated; refer for retention pricing review.,True
LN100905,2022-04,Pioneer Mortgage Ops,Current,0.017125,0.012653,0.006316,0.999999,0.004274,Current,0.885226,0.019639,servicer reporting lag,none,0.709845,credit score band (+1.17) | state (-1.00) | credit score band (+0.57),high,0.000103,retention_review,Prepayment risk is elevated; refer for retention pricing review.,True
LN101027,2026-03,Arcadia Capital Servicing,Current,0.008527,0.00638,0.006316,0.03006,0.004116,Current,0.987662,0.642068,month-over-month change in days past due,none,0.796629,worst days past due in last 12 months (+1.33) | credit score band (-0.97) | loan age (+0.61),high,4.7e-05,monitor_no_action,All model scores below action thresholds.,True
LN101024,2021-05,Pioneer Mortgage Ops,Current,0.010711,0.015898,0.006316,0.999999,0.005024,Current,0.918572,0.183146,three-month balance movement,none,0.480545,credit score band (+1.19) | note rate (+0.64) | positive refinance incentive (+0.47),high,8.3e-05,retention_review,Prepayment risk is elevated; refer for retention pricing review.,True
LN101019,2023-03,Northgate Servicing,Current,0.00377,0.001895,0.006316,0.999999,0.003865,Current,0.932905,0.034239,three-month balance movement,none,0.355838,state (+1.11) | credit score band (-0.79) | balance change 1m (+0.49),high,7.8e-05,retention_review,Prepayment risk is elevated; refer for retention pricing review.,True
LN101018,2026-06,Belmont Loan Services,Current,0.042837,0.018256,0.006316,0.023684,0.004207,Current,0.989231,0.080113,servicer feed record present,none,0.481969,credit score band (+0.50) | occupancy type (-0.35) | share of term elapsed (+0.34),high,0.000265,monitor_no_action,All model scores below action thresholds.,True
LN100145,2026-06,Belmont Loan Services,Current,0.033375,0.02587,0.006316,0.023684,0.004207,Current,0.988069,0.080487,servicer feed record present,none,0.643926,worst days past due in last 12 months (+0.88) | share of term elapsed (+0.46) | loan purpose (-0.41),high,9.6e-05,monitor_no_action,All model scores below action thresholds.,True
LN101453,2026-06,Belmont Loan Services,Current,0.005829,0.006767,0.006316,0.934783,0.004528,Current,0.982296,0.068419,scheduled payment relative to balance,none,0.410901,credit score band (-1.16) | note rate (+0.61) | state (+0.54),high,9.8e-05,retention_review,Prepayment risk is elevated; refer for retention pricing review.,True
LN101433,2026-04,Northgate Servicing,Current,0.007632,0.005086,0.006316,0.666667,0.004208,Current,0.940721,0.208145,scheduled payment relative to balance,none,0.87093,note rate (+0.69) | loan purpose (-0.44) | state (-0.43),high,8.7e-05,retention_review,Prepayment risk is elevated; refer for retention pricing review.,True
LN100118,2025-09,Northgate Servicing,Current,0.011628,0.010423,0.006316,0.145631,0.004122,Current,0.976827,0.11224,scheduled payment relative to balance,none,0.922593,state (-0.58) | credit score band (+0.50) | note rate (+0.47),high,0.000234,monitor_no_action,All model scores below action thresholds.,True
LN100934,2026-06,Belmont Loan Services,Current,0.021896,0.00683,0.006316,0.023684,0.004224,Current,0.992084,0.10008,servicer feed record present,none,0.785569,credit score band (-1.07) | scheduled monthly payment (+0.87) | credit score band (-0.43),high,4.7e-05,monitor_no_action,All model scores below action thresholds.,True
LN100933,2026-06,Northgate Servicing,Current,0.034661,0.017136,0.006316,0.003945,0.746805,Current,0.986723,0.233409,document file incomplete,missing_documentation,0.995809,scheduled monthly payment (-0.63) | loan age (+0.48) | original balance (-0.33),high,5.9e-05,raise_exception_for_review,Operational exception is more likely than not; route to the data-quality queue.,True
LN100931,2026-06,Arcadia Capital Servicing,Current,0.019427,0.006085,0.006316,0.003945,0.003988,Current,0.993146,0.006429,balance against expected amortisation for term elapsed,none,0.730781,credit score band (-1.32) | credit score band (-0.39) | loan age (+0.35),high,0.000102,monitor_no_action,All model scores below action thresholds.,True
LN100930,2026-06,Northgate Servicing,Current,0.008552,0.005121,0.006316,0.03352,0.004623,Current,0.987812,0.318624,three-month balance movement,none,0.884448,credit score band (-1.11) | note rate (+0.57) | balance change 3m (-0.43),high,0.000121,monitor_no_action,All model scores below action thresholds.,True
LN100929,2026-06,Northgate Servicing,Current,0.033619,0.00948,0.006316,0.999999,0.004376,Current,0.947645,0.110173,servicer feed record present,none,0.519594,note rate (+0.58) | property type (-0.51) | debt-to-income band (+0.50),high,0.000434,retention_review,Prepayment risk is elevated; refer for retention pricing review.,True
LN100927,2026-06,Northgate Servicing,Current,0.037973,0.025328,0.006316,0.458333,0.004163,Current,0.970414,0.073461,scheduled payment relative to balance,none,0.534397,note rate (+0.72) | loan purpose (-0.65) | scheduled payment relative to balance (+0.48),high,0.000178,retention_review,Prepayment risk is elevated; refer for retention pricing review.,True
LN100926,2026-06,Kestrel Financial,Current,0.045904,0.028208,0.006316,0.03006,0.003935,Current,0.98903,0.15428,balance against expected amortisation for term elapsed,none,0.924689,share of term elapsed (+0.43) | loan purpose (+0.28) | refinance incentive (note rate less market rate) (-0.27),high,9e-05,monitor_no_action,All model scores below action thresholds.,True
LN100925,2026-06,Arcadia Capital Servicing,Current,0.046575,0.05487,0.006316,0.03006,0.011778,Current,0.988875,0.106778,count of missing credit fields,none,0.617063,credit score band (+0.55) | loan-to-value band (-0.35) | loan purpose (+0.27),high,0.000242,monitor_no_action,All model scores below action thresholds.,True
LN100116,2026-06,Northgate Servicing,Current,0.024899,0.030329,0.006316,0.222222,0.004871,Current,0.963559,0.12259,scheduled payment relative to balance,none,0.348406,note rate (+0.74) | debt-to-income band (-0.48) | scheduled payment relative to balance (+0.47),high,0.000318,monitor_no_action,All model scores below action thresholds.,True
LN100113,2026-01,Pioneer Mortgage Ops,Current,0.007415,0.004372,0.006316,0.934783,0.004138,Current,0.970307,0.07364,scheduled payment relative to balance,none,0.269927,credit score band (-1.17) | note rate (+0.53) | scheduled payment relative to balance (+0.39),high,5.5e-05,retention_review,Prepayment risk is elevated; refer for retention pricing review.,True
LN100107,2026-06,Belmont Loan Services,Current,0.030932,0.011929,0.006316,0.023684,0.003988,Current,0.991877,0.081839,balance against expected amortisation for term elapsed,none,0.745325,credit score band (+0.45) | share of term elapsed (+0.42) | loan-to-value band (-0.30),high,0.000177,monitor_no_action,All model scores below action thresholds.,True
LN100127,2026-06,Belmont Loan Services,Current,0.030082,0.011765,0.006316,0.003945,0.75495,Current,0.993835,0.45586,document file incomplete,missing_documentation,0.979942,share of term elapsed (+0.70) | credit score band (+0.57) | scheduled monthly payment (-0.52),high,4.3e-05,raise_exception_for_review,Operational exception is more likely than not; route to the data-quality queue.,True
LN100124,2024-02,Northgate Servicing,Current,0.005802,0.00102,0.006316,0.458333,0.004078,Current,0.919906,0.027863,scheduled payment relative to balance,none,0.51458,credit score band (-0.87) | note rate (+0.35) | credit score band (-0.31),high,8.6e-05,retention_review,Prepayment risk is elevated; refer for retention pricing review.,True
LN100120,2026-04,Belmont Loan Services,Current,0.022163,0.039477,0.006316,0.12069,0.003988,Current,0.975823,0.072914,balance against expected amortisation for term elapsed,none,0.660331,loan age (+0.60) | market rate delta 12m (-0.45) | loan purpose (-0.42),high,6.2e-05,monitor_no_action,All model scores below action thresholds.,True
LN100097,2026-06,Arcadia Capital Servicing,Current,0.028764,0.017536,0.006316,0.003945,0.004194,Current,0.991431,0.820822,month-over-month balance movement,none,0.917402,share of term elapsed (+0.38) | scheduled monthly payment (+0.32) | state (-0.28),high,7.9e-05,monitor_no_action,All model scores below action thresholds.,True
LN100095,2026-06,Northgate Servicing,Current,0.007061,0.012092,0.006316,0.03006,0.004055,Current,0.989336,0.030006,balance against expected amortisation for term elapsed,none,0.886105,loan age (+0.78) | state (-0.69) | scheduled monthly payment (-0.67),high,4.4e-05,monitor_no_action,All model scores below action thresholds.,True
LN100950,2026-06,Northgate Servicing,Current,0.064538,0.099594,0.006316,0.03352,0.004047,Current,0.96881,0.015071,servicer reporting lag,none,0.874257,state (-1.05) | credit score band (+0.62) | refinance incentive (note rate less market rate) (-0.29),high,0.000186,monitor_no_action,All model scores below action thresholds.,True
LN100947,2019-01,Northgate Servicing,Current,0.007069,0.003652,0.006316,0.999999,0.005325,Current,0.85064,0.028203,balance against expected amortisation for term elapsed,none,0.409655,credit score band (-0.90) | property type (+0.38) | balance change 1m (+0.33),high,5.2e-05,retention_review,Prepayment risk is elevated; refer for retention pricing review.,True
LN100943,2026-06,Kestrel Financial,Current,0.025383,0.003687,0.006316,0.03006,0.007218,Current,0.993238,0.135357,count of missing credit fields,none,0.418833,credit score band (-1.08) | credit score band (-0.40) | state (+0.33),high,6.6e-05,monitor_no_action,All model scores below action thresholds.,True
LN100939,2023-10,Kestrel Financial,Current,0.005312,0.003516,0.006316,0.999999,0.004255,Current,0.904099,0.167753,scheduled payment relative to balance,none,0.569313,state (-0.90) | note rate (+0.86) | loan age (-0.34),high,7.9e-05,retention_review,Prepayment risk is elevated; refer for retention pricing review.,True
LN100967,2026-06,Arcadia Capital Servicing,Current,0.02222,0.013945,0.006316,0.185185,0.004458,Current,0.964517,0.098377,scheduled payment relative to balance,none,0.33735,note rate (+0.71) | state (+0.49) | balance against expected amortisation (-0.39),high,0.000375,monitor_no_action,All model scores below action thresholds.,True
LN100964,2026-06,Northgate Servicing,Current,0.002996,0.001652,0.006316,0.145631,0.004253,Current,0.982212,0.179547,three-month balance movement,none,0.924685,note rate (+0.87) | balance against expected amortisation (-0.47) | credit score band (+0.38),high,0.000226,monitor_no_action,All model scores below action thresholds.,True
LN100093,2026-06,Northgate Servicing,Current,0.016826,0.016784,0.006316,0.934783,0.004101,Current,0.961615,0.070865,scheduled payment relative to balance,none,0.312833,note rate (+0.61) | scheduled payment relative to balance (+0.50) | debt-to-income band (-0.40),high,0.000154,retention_review,Prepayment risk is elevated; refer for retention pricing review.,True
LN100091,2026-05,Pioneer Mortgage Ops,Current,0.007684,0.006572,0.006316,0.458333,0.840154,Current,0.962621,0.692461,loan age required repair,invalid_date_relationship,0.998819,credit score band (-1.13) | note rate (+0.66) | scheduled payment relative to balance (+0.36),high,3e-05,raise_exception_for_review,Operational exception is more likely than not; route to the data-quality queue.,True
LN100089,2026-06,Belmont Loan Services,Current,0.025482,0.006794,0.006316,0.03006,0.851149,Current,0.991542,0.258896,servicer feed record present,balance_reconciliation_break,0.998871,share of term elapsed (+0.50) | state (-0.45) | loan purpose (+0.32),high,0.000256,raise_exception_for_review,Operational exception is more likely than not; route to the data-quality queue.,True
LN100088,2026-06,Northgate Servicing,Current,0.036362,0.014903,0.006316,0.03006,0.004602,Current,0.993195,0.464101,balance against expected amortisation for term elapsed,none,0.932249,share of term elapsed (+0.57) | loan purpose (+0.32) | refinance incentive (note rate less market rate) (-0.29),high,5.6e-05,monitor_no_action,All model scores below action thresholds.,True
LN101444,2026-06,Kestrel Financial,Current,0.036935,0.074041,0.006316,0.934783,0.00399,Current,0.941718,0.066153,scheduled payment relative to balance,none,0.422084,note rate (+0.59) | debt-to-income band (-0.33) | loan purpose (+0.27),high,0.000549,retention_review,Prepayment risk is elevated; refer for retention pricing review.,True
LN101440,2026-06,Northgate Servicing,Current,0.031866,0.013116,0.006316,0.666667,0.003961,Current,0.969687,0.06038,scheduled payment relative to balance,none,0.358627,current balance (-0.64) | state (+0.44) | note rate (+0.37),high,5.4e-05,retention_review,Prepayment risk is elevated; refer for retention pricing review.,True
LN101439,2019-01,Arcadia Capital Servicing,Current,0.021454,0.020128,0.006316,0.999999,0.005959,Current,0.56615,0.085772,scheduled payment relative to balance,none,0.677203,credit score band (-0.93) | scheduled monthly payment (+0.49) | credit score band (-0.34),high,0.000142,retention_review,Prepayment risk is elevated; refer for retention pricing review.,True
LN101435,2026-06,Belmont Loan Services,Current,0.017813,0.007791,0.006316,0.934783,0.824943,Current,0.958672,0.251047,scheduled payment relative to balance,balance_reconciliation_break,0.998236,note rate (+0.45) | credit score band (+0.44) | balance against expected amortisation (-0.35),high,0.000278,raise_exception_for_review,Operational exception is more likely than not; route to the data-quality queue.,True
LN100085,2020-05,Arcadia Capital Servicing,Current,0.011584,0.006923,0.006316,0.999999,0.004471,Current,0.73385,0.07972,servicer feed record present,none,0.552259,credit score band (-1.27) | loan age (+0.61) | balance change 1m (+0.56),high,3.2e-05,retention_review,Prepayment risk is elevated; refer for retention pricing review.,True
LN100084,2020-04,Arcadia Capital Servicing,Current,0.05066,0.057251,0.006316,0.999999,0.005194,Current,0.78554,0.05643,servicer feed record present,none,0.37515,credit score band (+0.54) | loan-to-value band (+0.37) | ltv band (+0.36),high,0.000203,retention_review,Prepayment risk is elevated; refer for retention pricing review.,True
LN100083,2026-06,Arcadia Capital Servicing,Current,0.02274,0.014352,0.006316,0.003945,0.004055,Current,0.994377,0.053069,balance against expected amortisation for term elapsed,none,0.645545,credit score band (+0.88) | share of term elapsed (+0.54) | scheduled monthly payment (-0.47),high,0.000101,monitor_no_action,All model scores below action thresholds.,True
LN100953,2024-11,Northgate Servicing,Current,0.038133,0.027691,0.006316,0.450711,0.004401,Current,0.869793,0.039144,scheduled payment relative to balance,none,0.436124,state (-1.23) | current balance (-0.80) | unemployment rate (+0.56),high,9.7e-05,retention_review,Prepayment risk is elevated; refer for retention pricing review.,True
LN100983,2019-03,Northgate Servicing,Current,0.02246,0.008925,0.006316,0.999999,0.004837,Current,0.935809,0.008426,month-over-month balance movement,none,0.600945,credit score band (+1.94) | credit score band (+0.45) | share of term elapsed (-0.43),high,0.00053,retention_review,Prepayment risk is elevated; refer for retention pricing review.,True
LN100979,2023-09,Belmont Loan Services,Current,0.015052,0.013911,0.006316,0.999999,0.003865,Current,0.973564,0.004141,three-month balance movement,none,0.705475,market mortgage rate (+0.41) | balance change 1m (+0.41) | refinance incentive (note rate less market rate) (+0.34),high,0.000117,retention_review,Prepayment risk is elevated; refer for retention pricing review.,True
LN100977,2019-01,Belmont Loan Services,Current,0.021156,0.027625,0.006316,0.999999,0.005812,Current,0.529841,0.060694,balance against expected amortisation for term elapsed,none,0.456969,credit score band (-1.02) | credit score band (-0.43) | balance change 1m (+0.27),high,0.000105,retention_review,Prepayment risk is elevated; refer for retention pricing review.,True
LN100081,2026-06,Belmont Loan Services,Current,0.037874,0.008764,0.006316,0.03006,0.852051,Current,0.949908,0.322961,servicer reporting lag,invalid_date_relationship,0.999149,state (-0.43) | loan age (+0.41) | refinance incentive (note rate less market rate) (+0.36),high,0.000178,raise_exception_for_review,Operational exception is more likely than not; route to the data-quality queue.,True
LN100080,2026-06,Northgate Servicing,Current,0.031914,0.037742,0.006316,0.03006,0.004692,Current,0.984794,0.187709,three-month balance movement,none,0.926239,state (+0.98) | share of term elapsed (+0.59) | credit score band (+0.51),high,0.000168,monitor_no_action,All model scores below action thresholds.,True
LN100077,2026-06,Belmont Loan Services,Current,0.008016,0.004224,0.006316,0.185185,0.004227,Current,0.986327,0.071986,servicer feed record present,none,0.743355,credit score band (-1.15) | note rate (+0.64) | balance change 1m (+0.44),high,0.00022,monitor_no_action,All model scores below action thresholds.,True
LN100074,2026-06,Northgate Servicing,Current,0.005267,0.003369,0.006316,0.03352,0.846991,Current,0.987551,0.421248,servicer feed balance gap,balance_reconciliation_break,0.998242,credit score band (-1.28) | loan purpose (+0.31) | original balance (+0.29),high,4.1e-05,raise_exception_for_review,Operational exception is more likely than not; route to the data-quality queue.,True
LN100073,2019-02,Arcadia Capital Servicing,Current,0.033763,0.018919,0.006316,0.999999,0.005442,Current,0.774549,0.054958,servicer feed record present,none,0.416239,credit score band (-0.96) | scheduled monthly payment (+0.40) | state (+0.39),high,3.8e-05,retention_review,Prepayment risk is elevated; refer for retention pricing review.,True
LN100072,2019-10,Kestrel Financial,Current,0.003625,0.00391,0.006316,0.999999,0.004812,Current,0.852183,0.08643,balance against expected amortisation for term elapsed,none,0.949106,credit score band (-1.39) | loan age (+0.69) | share of term elapsed (+0.39),high,4.2e-05,retention_review,Prepayment risk is elevated; refer for retention pricing review.,True
LN100103,2019-08,Northgate Servicing,Current,0.006142,0.004629,0.006316,0.999999,0.004759,Current,0.812831,0.043782,servicer reporting lag,none,0.669961,credit score band (-0.84) | state (+0.78) | balance change 1m (+0.52),high,0.000159,retention_review,Prepayment risk is elevated; refer for retention pricing review.,True
LN100101,2026-06,Arcadia Capital Servicing,Current,0.019586,0.021447,0.006316,0.03006,0.004363,Current,0.989772,0.06831,servicer feed record present,none,0.783111,credit score band (-1.62) | debt-to-income band (+0.54) | state (+0.38),high,0.000277,monitor_no_action,All model scores below action thresholds.,True
LN100098,2023-08,Northgate Servicing,Current,0.043204,0.073464,0.006316,0.999999,0.004278,Current,0.949712,0.278534,record arrived by manual upload,none,0.888461,note rate (+0.77) | credit score band (+0.45) | balance change 1m (+0.43),high,0.000231,retention_review,Prepayment risk is elevated; refer for retention pricing review.,True
LN101477,2021-08,Belmont Loan Services,Current,0.007784,0.008177,0.006316,0.999999,0.01166,Current,0.77888,0.278325,three-month balance movement,none,0.355726,state (+0.84) | credit score band (+0.65) | balance against expected amortisation (-0.44),high,0.00018,retention_review,Prepayment risk is elevated; refer for retention pricing review.,True
LN101014,2024-03,Arcadia Capital Servicing,Current,0.011493,0.009813,0.006316,0.6,0.00388,Current,0.93752,0.064429,three-month balance movement,none,0.558021,state (-0.89) | note rate (+0.79) | debt-to-income band (-0.52),high,7.7e-05,retention_review,Prepayment risk is elevated; refer for retention pricing review.,True
LN101013,2019-01,Northgate Servicing,Current,0.038458,0.017154,0.006316,0.999999,0.005454,Current,0.785892,0.023911,servicer reporting lag,none,0.338361,property type (-0.28) | debt-to-income band (+0.28) | balance against expected amortisation (+0.25),high,0.000248,retention_review,Prepayment risk is elevated; refer for retention pricing review.,True
LN101012,2020-01,Arcadia Capital Servicing,Current,0.027722,0.010827,0.006316,0.999999,0.740052,Current,0.901634,0.214088,document file incomplete,missing_documentation,0.998858,credit score band (+0.64) | loan age (+0.62) | state (-0.30),high,0.000164,raise_exception_for_review,Operational exception is more likely than not; route to the data-quality queue.,True
LN101011,2024-08,Belmont Loan Services,Current,0.032497,0.017164,0.006316,0.145631,0.011746,Current,0.810096,0.090612,count of missing credit fields,none,0.421942,state (-1.07) | worst days past due in last 12 months (+0.83) | credit score band (+0.69),high,0.000152,monitor_no_action,All model scores below action thresholds.,True
LN101007,2026-06,Northgate Servicing,Current,0.016215,0.012301,0.006316,0.934783,0.003961,Current,0.971299,0.054346,three-month balance movement,none,0.532304,credit score band (-1.10) | note rate (+0.69) | credit score band (-0.41),high,4.6e-05,retention_review,Prepayment risk is elevated; refer for retention pricing review.,True
LN101005,2026-06,Kestrel Financial,Current,0.006791,0.005863,0.006316,0.060606,0.720427,Current,0.98811,0.290716,document file incomplete,missing_documentation,0.998101,credit score band (-1.25) | state (+0.54) | debt-to-income band (+0.33),high,0.0001,raise_exception_for_review,Operational exception is more likely than not; route to the data-quality queue.,True
LN101004,2026-06,Northgate Servicing,Current,0.031562,0.06087,0.006316,0.222222,0.759186,Current,0.987219,0.231156,document file incomplete,missing_documentation,0.998796,note rate (+0.40) | servicer (-0.31) | debt-to-income band (-0.30),high,5.2e-05,raise_exception_for_review,Operational exception is more likely than not; route to the data-quality queue.,True
LN101001,2026-06,Northgate Servicing,Current,0.011901,0.008513,0.006316,0.03006,0.003988,Current,0.985253,0.053397,balance against expected amortisation for term elapsed,none,0.497998,state (-0.53) | loan purpose (-0.47) | loan age (+0.41),high,4.6e-05,monitor_no_action,All model scores below action thresholds.,True
LN100999,2019-01,Pioneer Mortgage Ops,Current,0.030164,0.045869,0.006316,0.999999,0.005391,Current,0.799798,0.010396,balance against expected amortisation for term elapsed,none,0.456568,current balance (-0.49) | scheduled monthly payment (+0.30) | debt-to-income band (-0.28),high,0.000319,retention_review,Prepayment risk is elevated; refer for retention pricing review.,True
LN100065,2019-06,Belmont Loan Services,Current,0.011427,0.015477,0.006316,0.999999,0.851149,Current,0.861213,0.321081,balance against expected amortisation for term elapsed,balance_reconciliation_break,0.997413,credit score band (-1.13) | loan age (+0.64) | scheduled monthly payment (+0.38),high,2.9e-05,raise_exception_for_review,Operational exception is more likely than not; route to the data-quality queue.,True
LN100064,2025-05,Northgate Servicing,Current,0.005355,0.00745,0.006316,0.222222,0.004796,Current,0.977561,0.216235,scheduled payment relative to balance,none,0.934273,note rate (+0.77) | credit score band (+0.62) | debt-to-income band (+0.37),high,0.000388,monitor_no_action,All model scores below action thresholds.,True
LN100063,2019-07,Belmont Loan Services,Current,0.003302,0.003525,0.006316,0.999999,0.00465,Current,0.793706,0.088928,month-over-month balance movement,none,0.774903,credit score band (-0.86) | state (+0.79) | balance against expected amortisation (+0.53),high,9.3e-05,retention_review,Prepayment risk is elevated; refer for retention pricing review.,True
LN100056,2019-09,Pioneer Mortgage Ops,Current,0.032164,0.037367,0.006316,0.999999,0.004884,Current,0.960808,0.08334,servicer feed record present,none,0.91304,loan age (+0.55) | balance change 1m (+0.33) | debt-to-income band (+0.28),high,0.000243,retention_review,Prepayment risk is elevated; refer for retention pricing review.,True
LN100087,2025-07,Northgate Servicing,Current,0.013854,0.028426,0.006316,0.03006,0.004607,Current,0.984838,0.268343,three-month balance movement,none,0.805829,loan age (+0.60) | state (-0.57) | credit score band (+0.56),high,4.5e-05,monitor_no_action,All model scores below action thresholds.,True
LN100086,2026-06,Belmont Loan Services,Current,0.005879,0.003307,0.006316,0.12069,0.734088,Current,0.976007,0.293337,document file incomplete,missing_documentation,0.998492,credit score band (-1.01) | loan purpose (+0.33) | credit score band (-0.32),high,4.1e-05,raise_exception_for_review,Operational exception is more likely than not; route to the data-quality queue.,True
LN100006,2019-10,Belmont Loan Services,Current,0.025242,0.024209,0.006316,0.999999,0.004595,Current,0.823318,0.105299,month-over-month balance movement,none,0.944755,credit score band (-1.06) | original balance (-0.47) | scheduled payment relative to balance (+0.36),high,7.7e-05,retention_review,Prepayment risk is elevated; refer for retention pricing review.,True
LN100989,2023-12,Northgate Servicing,Current,0.021195,0.010883,0.006316,0.222222,0.003977,Current,0.909734,0.062485,scheduled payment relative to balance,none,0.595057,note rate (+0.77) | loan age (-0.52) | property type (-0.48),high,0.000227,monitor_no_action,All model scores below action thresholds.,True
LN101494,2020-08,Pioneer Mortgage Ops,Current,0.018923,0.007693,0.006316,0.999999,0.011891,Current,0.952926,0.069726,count of missing credit fields,none,0.490184,credit score band (+0.52) | property type (-0.49) | market rate delta 12m (-0.47),high,6.2e-05,retention_review,Prepayment risk is elevated; refer for retention pricing review.,True
LN100037,2019-05,Northgate Servicing,Current,0.027645,0.012928,0.006316,0.999999,0.728266,Current,0.818684,0.193061,document file incomplete,missing_documentation,0.998575,credit score band (+1.97) | state (-0.56) | servicer (-0.55),high,0.000611,raise_exception_for_review,Operational exception is more likely than not; route to the data-quality queue.,True
LN100034,2020-04,Pioneer Mortgage Ops,Current,0.018451,0.011817,0.006316,0.999999,0.004238,Current,0.823527,0.019204,balance against expected amortisation for term elapsed,none,0.286454,loan age (+0.64) | property type (-0.56) | state (+0.44),high,9e-05,retention_review,Prepayment risk is elevated; refer for retention pricing review.,True
LN100027,2026-06,Belmont Loan Services,Current,0.054785,0.080446,0.006316,0.458333,0.004567,Current,0.975079,0.313826,servicer feed days-past-due gap,none,0.246242,current balance (-0.96) | scheduled monthly payment (+0.64) | scheduled payment relative to balance (+0.36),high,9.1e-05,retention_review,Prepayment risk is elevated; refer for retention pricing review.,True
LN100025,2019-08,Kestrel Financial,Current,0.024294,0.025455,0.006316,0.999999,0.005283,Current,0.928844,0.070229,servicer feed record present,none,0.475061,scheduled monthly payment (-0.75) | original balance (-0.35) | property type (+0.35),high,0.000106,retention_review,Prepayment risk is elevated; refer for retention pricing review.,True
LN100055,2026-06,Belmont Loan Services,Current,0.044346,0.060174,0.006316,0.03352,0.003961,Current,0.98436,0.059093,three-month balance movement,none,0.34588,state (+0.74) | debt-to-income band (-0.55) | note rate (+0.55),high,0.000261,monitor_no_action,All model scores below action thresholds.,True
LN100054,2026-06,Arcadia Capital Servicing,Current,0.023723,0.014617,0.006316,0.023684,0.0043,Current,0.984014,0.1015,servicer feed record present,none,0.488772,current balance (+0.44) | loan purpose (-0.40) | share of term elapsed (-0.31),high,7e-05,monitor_no_action,All model scores below action thresholds.,True
LN100053,2026-06,Belmont Loan Services,Current,0.011767,0.005932,0.006316,0.03006,0.003988,Current,0.989604,0.027331,balance against expected amortisation for term elapsed,none,0.87737,loan purpose (-0.54) | loan age (+0.52) | state (-0.43),high,7.3e-05,monitor_no_action,All model scores below action thresholds.,True
LN100052,2020-06,Northgate Servicing,Current,0.007331,0.006772,0.006316,0.999999,0.004138,Current,0.896289,0.123103,month-over-month balance movement,none,0.559135,market rate delta 12m (-0.56) | scheduled payment relative to balance (+0.41) | loan purpose (+0.39),high,8.4e-05,retention_review,Prepayment risk is elevated; refer for retention pricing review.,True
LN100051,2026-06,Belmont Loan Services,Current,0.023466,0.018077,0.006316,0.222222,0.01111,Current,0.97064,0.233284,count of missing credit fields,none,0.614085,credit score band (+0.72) | state (+0.38) | debt-to-income band (-0.28),high,0.000451,monitor_no_action,All model scores below action thresholds.,True
LN100048,2026-06,Arcadia Capital Servicing,Current,0.023439,0.040974,0.006316,0.145631,0.004852,Current,0.979569,0.218237,scheduled payment relative to balance,none,0.76469,credit score band (+0.68) | current balance (-0.48) | loan-to-value band (+0.48),high,0.000452,monitor_no_action,All model scores below action thresholds.,True
LN100046,2025-03,Northgate Servicing,Current,0.007946,0.006907,0.006316,0.023684,0.004063,Current,0.962209,0.003138,balance against expected amortisation for term elapsed,none,0.443711,credit score band (-1.37) | market rate delta 12m (-0.40) | credit score band (-0.38),high,2.4e-05,monitor_no_action,All model scores below action thresholds.,True
LN100045,2026-06,Belmont Loan Services,Current,0.034658,0.010741,0.006316,0.023684,0.004295,Current,0.993331,0.15122,balance against expected amortisation for term elapsed,none,0.918682,share of term elapsed (+0.63) | state (-0.55) | scheduled monthly payment (-0.46),high,5.1e-05,monitor_no_action,All model scores below action thresholds.,True
LN101460,2026-06,Arcadia Capital Servicing,Current,0.007344,0.005972,0.006316,0.12069,0.010318,Current,0.979471,0.321098,three-month balance movement,none,0.785157,credit score band (-1.02) | scheduled monthly payment (+1.01) | note rate (+0.66),high,0.000232,monitor_no_action,All model scores below action thresholds.,True
LN100003,2026-06,Northgate Servicing,Current,0.026905,0.010844,1e-06,0.023684,0.003988,Current,0.987537,0.040155,balance against expected amortisation for term elapsed,none,0.700682,state (-0.54) | loan purpose (+0.30) | share of term elapsed (-0.25),high,2.1e-05,monitor_no_action,All model scores below action thresholds.,True
LN100010,2026-06,Belmont Loan Services,Current,0.006905,0.0024,1e-06,0.03006,0.005828,Current,0.993804,0.142809,count of missing credit fields,none,0.418617,credit score band (-0.99) | loan purpose (+0.29) | balance against expected amortisation (+0.27),high,5.4e-05,monitor_no_action,All model scores below action thresholds.,True
LN100023,2026-06,Arcadia Capital Servicing,Current,0.03292,0.018979,1e-06,0.003945,0.003988,Current,0.993237,0.078316,balance against expected amortisation for term elapsed,none,0.974145,share of term elapsed (+0.38) | state (-0.34) | loan age (-0.32),high,2.3e-05,monitor_no_action,All model scores below action thresholds.,True
LN101480,2021-11,Belmont Loan Services,Current,0.026114,0.012347,1e-06,0.999999,0.00428,Current,0.934545,0.106728,month-over-month balance movement,none,0.337727,state (-0.53) | original balance (-0.44) | balance against expected amortisation (-0.41),high,3.1e-05,retention_review,Prepayment risk is elevated; refer for retention pricing review.,True
LN101481,2026-06,Northgate Servicing,Current,0.020413,0.019603,1e-06,0.03006,0.004055,Current,0.990567,0.058422,servicer reporting lag,none,0.676739,credit score band (-1.05) | loan purpose (-0.50) | loan age (+0.49),high,5e-06,monitor_no_action,All model scores below action thresholds.,True
LN101482,2023-04,Kestrel Financial,Current,0.002181,0.001843,1e-06,0.999999,0.003101,Current,0.975072,0.017608,servicer reporting lag,none,0.255325,credit score band (-0.99) | loan purpose (-0.56) | loan-to-value band (-0.20),high,2.4e-05,retention_review,Prepayment risk is elevated; refer for retention pricing review.,True
LN101484,2024-04,Belmont Loan Services,Current,0.002722,0.002223,1e-06,0.999999,0.004183,Current,0.852839,0.093477,servicer feed record present,none,0.527854,credit score band (-1.10) | note rate (+0.47) | debt-to-income band (-0.38),high,1.7e-05,retention_review,Prepayment risk is elevated; refer for retention pricing review.,True
LN101485,2025-08,Belmont Loan Services,Current,0.027583,0.021126,1e-06,0.999999,0.004204,Current,0.958059,0.10074,scheduled payment relative to balance,none,0.301537,credit score band (-0.97) | note rate (+0.75) | debt-to-income band (-0.49),high,1.7e-05,retention_review,Prepayment risk is elevated; refer for retention pricing review.,True
LN101486,2019-10,Arcadia Capital Servicing,Current,0.001866,0.002773,1e-06,0.999999,0.004486,Current,0.876828,0.012143,servicer reporting lag,none,0.938971,credit score band (-1.07) | state (-0.44) | debt-to-income band (-0.27),high,4e-06,retention_review,Prepayment risk is elevated; refer for retention pricing review.,True
LN101487,2025-12,Northgate Servicing,Current,0.012217,0.007809,1e-06,0.999999,0.004048,Current,0.930925,0.068538,scheduled payment relative to balance,none,0.394024,credit score band (-1.17) | state (-0.65) | note rate (+0.64),high,3.6e-05,retention_review,Prepayment risk is elevated; refer for retention pricing review.,True
LN100050,2021-07,Arcadia Capital Servicing,Current,0.021382,0.019731,1e-06,0.999999,0.011817,Current,0.853569,0.060998,count of missing credit fields,none,0.267253,state (-0.91) | credit score band (+0.68) | balance against expected amortisation (-0.37),high,4.6e-05,retention_review,Prepayment risk is elevated; refer for retention pricing review.,True
LN100049,2019-07,Northgate Servicing,Current,0.025206,0.008699,1e-06,0.999999,0.004521,Current,0.82467,0.183122,record arrived by manual upload,none,0.336751,servicer (-0.57) | current balance (-0.53) | loan-to-value band (+0.39),high,3.8e-05,retention_review,Prepayment risk is elevated; refer for retention pricing review.,True
LN100044,2019-01,Belmont Loan Services,Current,0.004178,0.005473,1e-06,0.999999,0.005466,Current,0.88855,0.058666,servicer feed record present,none,0.36819,credit score band (-0.86) | state (-0.46) | current balance (-0.43),high,2e-05,retention_review,Prepayment risk is elevated; refer for retention pricing review.,True
LN100040,2026-06,Northgate Servicing,Current,0.006891,0.011126,1e-06,0.03006,0.017412,Current,0.989833,0.201408,count of missing credit fields,none,0.512712,credit score band (-1.07) | scheduled monthly payment (-0.59) | state (+0.38),high,2e-05,monitor_no_action,All model scores below action thresholds.,True
LN101461,2025-09,Belmont Loan Services,Current,0.003831,0.008817,1e-06,0.145631,0.004524,Current,0.976635,0.116551,scheduled payment relative to balance,none,0.725987,credit score band (-1.19) | note rate (+0.58) | state (+0.41),high,7e-06,monitor_no_action,All model scores below action thresholds.,True
LN101459,2021-07,Arcadia Capital Servicing,Current,0.006835,0.003685,1e-06,0.999999,0.004083,Current,0.845631,0.012564,servicer reporting lag,none,0.732074,credit score band (-1.18) | balance against expected amortisation (-0.44) | credit score band (-0.43),high,4e-06,retention_review,Prepayment risk is elevated; refer for retention pricing review.,True
LN101457,2026-06,Arcadia Capital Servicing,Current,0.072202,0.210335,1e-06,0.023684,0.004194,Current,0.986899,0.391457,three-month balance movement,none,0.925516,credit score band (-1.13) | loan age (+0.54) | credit score band (-0.43),high,3.6e-05,monitor_no_action,All model scores below action thresholds.,True
LN101454,2020-10,Belmont Loan Services,Current,0.016482,0.009467,1e-06,0.999999,0.004046,Current,0.792817,0.000199,servicer reporting lag,none,0.824574,credit score band (-1.30) | market rate delta 12m (-0.53) | loan purpose (-0.50),high,1.5e-05,retention_review,Prepayment risk is elevated; refer for retention pricing review.,True
LN101452,2026-06,Belmont Loan Services,Current,0.008734,0.003549,1e-06,0.999999,0.847694,Current,0.947937,0.20001,servicer feed balance gap,balance_reconciliation_break,0.999089,credit score band (-1.24) | property type (-0.62) | note rate (+0.59),high,7e-06,raise_exception_for_review,Operational exception is more likely than not; route to the data-quality queue.,True
LN101449,2026-06,Pioneer Mortgage Ops,Current,0.011625,0.004327,1e-06,0.03006,0.004782,Current,0.993872,0.272205,record arrived by manual upload,none,0.912418,credit score band (-1.07) | share of term elapsed (+0.51) | loan purpose (-0.46),high,1e-05,monitor_no_action,All model scores below action thresholds.,True
LN101448,2019-01,Pioneer Mortgage Ops,Current,0.003203,0.001932,1e-06,0.999999,0.854743,Current,0.934841,0.194136,servicer reporting lag,invalid_date_relationship,0.998795,credit score band (-0.93) | loan age (-0.47) | state (-0.31),high,2.1e-05,raise_exception_for_review,Operational exception is more likely than not; route to the data-quality queue.,True
LN100071,2022-10,Pioneer Mortgage Ops,Current,0.007693,0.004406,1e-06,0.999999,0.003953,Current,0.956334,0.08108,servicer reporting lag,none,0.700611,credit score band (-1.18) | scheduled monthly payment (-0.55) | balance against expected amortisation (-0.31),high,9e-06,retention_review,Prepayment risk is elevated; refer for retention pricing review.,True
LN100069,2025-12,Pioneer Mortgage Ops,Current,0.010441,0.011733,1e-06,0.934783,0.004332,Current,0.939513,0.105094,servicer feed record present,none,0.671473,credit score band (-1.07) | note rate (+0.77) | credit score band (-0.45),high,1.7e-05,retention_review,Prepayment risk is elevated; refer for retention pricing review.,True
LN100062,2026-06,Northgate Servicing,Current,0.042194,0.015034,1e-06,0.003945,0.004522,Current,0.988669,0.890572,three-month balance movement,none,0.843837,credit score band (-1.03) | share of term elapsed (+0.52) | credit score band (-0.36),high,3.7e-05,monitor_no_action,All model scores below action thresholds.,True
LN100057,2019-08,Arcadia Capital Servicing,Current,0.008948,0.005378,1e-06,0.999999,0.004637,Current,0.892897,0.159676,three-month balance movement,none,0.922221,credit score band (-1.13) | credit score band (-0.44) | loan purpose (-0.38),high,1.6e-05,retention_review,Prepayment risk is elevated; refer for retention pricing review.,True
LN100079,2024-04,Northgate Servicing,Current,0.00686,0.005077,1e-06,0.666667,0.003952,Current,0.887412,0.013894,servicer reporting lag,none,0.420845,credit score band (-1.07) | state (-1.07) | credit score band (-0.35),high,7e-06,retention_review,Prepayment risk is elevated; refer for retention pricing review.,True
LN100889,2019-07,Belmont Loan Services,Current,0.028008,0.021429,1e-06,0.999999,0.004689,Current,0.70559,0.114617,balance against expected amortisation for term elapsed,none,0.832536,credit score band (-1.42) | credit score band (-0.50) | original balance (-0.32),high,2.1e-05,retention_review,Prepayment risk is elevated; refer for retention pricing review.,True
LN100913,2020-04,Pioneer Mortgage Ops,Current,0.082173,0.045356,1e-06,0.999999,0.004238,Current,0.750699,0.021334,balance against expected amortisation for term elapsed,none,0.426739,credit score band (-1.39) | credit score band (-0.51) | loan purpose (-0.47),high,1.8e-05,retention_review,Prepayment risk is elevated; refer for retention pricing review.,True
LN100908,2026-06,Northgate Servicing,Current,0.01025,0.005496,1e-06,0.458333,0.004376,Current,0.959187,0.114262,scheduled payment relative to balance,none,0.242896,credit score band (-0.93) | loan purpose (-0.62) | note rate (+0.52),high,2.6e-05,retention_review,Prepayment risk is elevated; refer for retention pricing review.,True
LN100907,2026-06,Pioneer Mortgage Ops,Current,0.007249,0.00619,1e-06,0.03006,0.757583,Current,0.992224,0.177993,document file incomplete,missing_documentation,0.999153,credit score band (-1.35) | debt-to-income band (-0.27) | credit score band (-0.26),high,2.1e-05,raise_exception_for_review,Operational exception is more likely than not; route to the data-quality queue.,True
LN101029,2025-06,Pioneer Mortgage Ops,Current,0.008858,0.003161,1e-06,0.145631,0.004821,Current,0.994317,0.096237,count of missing credit fields,none,0.458627,credit score band (-0.95) | market rate delta 12m (-0.35) | share of term elapsed (-0.27),high,7e-06,monitor_no_action,All model scores below action thresholds.,True
LN101028,2026-05,Northgate Servicing,Current,0.011373,0.009368,1e-06,0.458333,0.753106,Current,0.946724,0.26001,document file incomplete,missing_documentation,0.997994,credit score band (-1.13) | note rate (+0.58) | balance change 1m (+0.33),high,2.9e-05,raise_exception_for_review,Operational exception is more likely than not; route to the data-quality queue.,True
LN101025,2021-03,Kestrel Financial,Current,0.011861,0.010844,1e-06,0.999999,0.004273,Current,0.913784,0.0988,three-month balance movement,none,0.467916,worst days past due in last 12 months (+0.95) | market rate delta 12m (-0.46) | loan purpose (-0.42),high,5.3e-05,retention_review,Prepayment risk is elevated; refer for retention pricing review.,True
LN101023,2020-11,Pioneer Mortgage Ops,Current,0.003968,0.005146,1e-06,0.999999,0.004046,Current,0.813033,0.008592,scheduled payment relative to balance,none,0.590303,credit score band (-1.11) | state (+0.92) | market rate delta 12m (-0.47),high,1.5e-05,retention_review,Prepayment risk is elevated; refer for retention pricing review.,True
LN100923,2021-05,Belmont Loan Services,Current,0.001938,0.001369,1e-06,0.999999,0.00438,Current,0.95496,0.065518,servicer feed record present,none,0.952618,credit score band (-1.02) | market rate delta 12m (-0.48) | state (-0.45),high,1.2e-05,retention_review,Prepayment risk is elevated; refer for retention pricing review.,True
LN100922,2020-07,Belmont Loan Services,Current,0.007013,0.005203,1e-06,0.999999,0.004138,Current,0.905436,0.009851,balance against expected amortisation for term elapsed,none,0.650698,state (-1.12) | market rate delta 12m (-0.47) | scheduled payment relative to balance (+0.27),high,3.7e-05,retention_review,Prepayment risk is elevated; refer for retention pricing review.,True
LN100920,2019-07,Belmont Loan Services,Current,0.011851,0.006463,1e-06,0.999999,0.575603,Current,0.832548,0.259796,servicer reporting lag,stale_servicer_reporting,0.998901,credit score band (-1.16) | original balance (-0.37) | credit score band (-0.37),high,2.3e-05,raise_exception_for_review,Operational exception is more likely than not; route to the data-quality queue.,True
LN100944,2020-07,Kestrel Financial,Current,0.003762,0.002873,1e-06,0.999999,0.004373,Current,0.819202,0.057006,servicer feed record present,none,0.815223,loan age (-0.50) | loan-to-value band (+0.40) | share of term elapsed (-0.34),high,7.5e-05,retention_review,Prepayment risk is elevated; refer for retention pricing review.,True
LN100940,2020-11,Belmont Loan Services,Current,0.021949,0.013669,1e-06,0.999999,0.011779,Current,0.615004,0.165976,month-over-month balance movement,none,0.391315,state (+0.85) | credit score band (+0.73) | balance against expected amortisation (-0.56),high,7.1e-05,retention_review,Prepayment risk is elevated; refer for retention pricing review.,True
LN100936,2026-06,Arcadia Capital Servicing,Current,0.006329,0.006884,1e-06,0.03006,0.016522,Current,0.989835,0.183672,count of missing credit fields,none,0.417442,credit score band (-1.20) | state (-0.64) | loan age (+0.58),high,1e-05,monitor_no_action,All model scores below action thresholds.,True
LN100965,2026-06,Pioneer Mortgage Ops,Current,0.017146,0.014567,1e-06,0.010363,0.004055,Current,0.993449,0.225646,record arrived by manual upload,none,0.775294,credit score band (+0.77) | scheduled monthly payment (-0.45) | original balance (-0.38),high,3.7e-05,monitor_no_action,All model scores below action thresholds.,True
LN100963,2021-01,Arcadia Capital Servicing,Current,0.007453,0.004979,1e-06,0.999999,0.0052,Current,0.885253,0.071288,servicer feed record present,none,0.448264,market rate delta 12m (-0.64) | state (+0.55) | property type (-0.46),high,3.5e-05,retention_review,Prepayment risk is elevated; refer for retention pricing review.,True
LN100860,2019-10,Northgate Servicing,Current,0.005157,0.00407,1e-06,0.999999,0.00452,Current,0.839143,0.008088,servicer reporting lag,none,0.926643,credit score band (-1.34) | debt-to-income band (+0.48) | credit score band (-0.28),high,2.5e-05,retention_review,Prepayment risk is elevated; refer for retention pricing review.,True
LN100887,2020-08,Northgate Servicing,Current,0.002185,0.002057,1e-06,0.999999,0.004175,Current,0.927339,0.061729,month-over-month balance movement,none,0.397708,credit score band (-1.01) | market rate delta 12m (-0.40) | loan age (-0.36),high,6e-06,retention_review,Prepayment risk is elevated; refer for retention pricing review.,True
LN100883,2026-06,Arcadia Capital Servicing,Current,0.011961,0.012331,1e-06,0.010363,0.003988,Current,0.98809,0.029155,balance against expected amortisation for term elapsed,none,0.934001,credit score band (-1.32) | loan age (+0.36) | credit score band (-0.33),high,1.6e-05,monitor_no_action,All model scores below action thresholds.,True
LN100881,2019-09,Kestrel Financial,Current,0.005328,0.010064,1e-06,0.999999,0.756418,Current,0.857506,0.177877,document file incomplete,missing_documentation,0.999457,credit score band (-1.16) | state (+0.46) | scheduled payment relative to balance (+0.32),high,1.7e-05,raise_exception_for_review,Operational exception is more likely than not; route to the data-quality queue.,True
LN100880,2026-06,Arcadia Capital Servicing,Current,0.009475,0.005664,1e-06,0.458333,0.003988,Current,0.955776,0.068168,scheduled payment relative to balance,none,0.321088,credit score band (-1.13) | note rate (+0.64) | state (-0.55),high,1.8e-05,retention_review,Prepayment risk is elevated; refer for retention pricing review.,True
LN100878,2026-06,Belmont Loan Services,Current,0.005092,0.00223,1e-06,0.999999,0.004302,Current,0.933261,0.102876,servicer feed record present,none,0.504801,credit score band (-1.14) | state (-1.03) | note rate (+0.69),high,4e-05,retention_review,Prepayment risk is elevated; refer for retention pricing review.,True
LN100876,2019-08,Arcadia Capital Servicing,Current,0.008069,0.017777,1e-06,0.999999,0.881656,Current,0.851401,0.443392,loan age required repair,invalid_date_relationship,0.999614,state (-0.52) | balance change 1m (+0.40) | credit score band (+0.35),high,2.6e-05,raise_exception_for_review,Operational exception is more likely than not; route to the data-quality queue.,True
LN100874,2019-08,Arcadia Capital Servicing,Current,0.006356,0.002819,1e-06,0.999999,0.00452,Current,0.863659,0.028109,servicer reporting lag,none,0.907134,state (-1.70) | debt-to-income band (-0.35) | refinance incentive (note rate less market rate) (-0.27),high,1.2e-05,retention_review,Prepayment risk is elevated; refer for retention pricing review.,True
LN101047,2025-08,Northgate Servicing,Current,0.006323,0.002757,1e-06,0.222222,0.004034,Current,0.978902,0.070116,three-month balance movement,none,0.300296,credit score band (-1.03) | note rate (+0.67) | scheduled payment relative to balance (+0.44),high,2.4e-05,monitor_no_action,All model scores below action thresholds.,True
LN101045,2024-07,Pioneer Mortgage Ops,Current,0.010517,0.005486,1e-06,0.4375,0.00388,Current,0.869737,0.066052,three-month balance movement,none,0.326379,credit score band (-1.08) | note rate (+0.47) | balance change 1m (+0.36),high,5.5e-05,monitor_no_action,All model scores below action thresholds.,True
LN101039,2024-12,Pioneer Mortgage Ops,Current,0.005099,0.002425,1e-06,0.934783,0.756683,Current,0.877114,0.436302,scheduled payment relative to balance,missing_documentation,0.996972,credit score band (-1.11) | scheduled monthly payment (+0.96) | note rate (+0.55),high,5e-05,raise_exception_for_review,Operational exception is more likely than not; route to the data-quality queue.,True
LN101037,2022-09,Northgate Servicing,Current,0.003006,0.001433,1e-06,0.999999,0.003808,Current,0.950236,0.040527,servicer reporting lag,none,0.492372,credit score band (-1.15) | state (+0.37) | credit score band (-0.36),high,1e-05,retention_review,Prepayment risk is elevated; refer for retention pricing review.,True
LN101033,2020-12,Belmont Loan Services,Current,0.002925,0.001447,1e-06,0.999999,0.004334,Current,0.856634,0.14761,three-month balance movement,none,0.809255,credit score band (-0.76) | loan age (-0.54) | market rate delta 12m (-0.42),high,6e-06,retention_review,Prepayment risk is elevated; refer for retention pricing review.,True
LN100896,2019-04,Arcadia Capital Servicing,Current,0.00231,0.002528,1e-06,0.999999,0.338329,Current,0.819608,0.757205,note rate required repair,none,0.373999,credit score band (-0.92) | state (-0.52) | balance change 1m (+0.48),high,4.6e-05,retention_review,Prepayment risk is elevated; refer for retention pricing review.,True
LN100892,2026-06,Arcadia Capital Servicing,Current,0.01367,0.014521,1e-06,0.023684,0.003988,Current,0.982018,0.098944,balance against expected amortisation for term elapsed,none,0.738437,credit score band (-1.19) | credit score band (-0.53) | loan purpose (-0.41),high,1.5e-05,monitor_no_action,All model scores below action thresholds.,True
LN100890,2026-06,Arcadia Capital Servicing,Current,0.024191,0.005471,1e-06,0.03352,0.003988,Current,0.991737,0.046952,servicer reporting lag,none,0.745162,credit score band (-1.19) | share of term elapsed (-0.37) | state (+0.30),high,1.7e-05,monitor_no_action,All model scores below action thresholds.,True
LN100835,2022-11,Belmont Loan Services,Current,0.006981,0.004844,1e-06,0.999999,0.004051,Current,0.969057,0.067092,servicer feed record present,none,0.897553,credit score band (-1.50) | state (+0.43) | share of term elapsed (+0.33),high,5.7e-05,retention_review,Prepayment risk is elevated; refer for retention pricing review.,True
LN100832,2020-07,Northgate Servicing,Current,0.001881,0.001039,1e-06,0.999999,0.004176,Current,0.905855,0.005028,scheduled payment relative to balance,none,0.694066,credit score band (+0.53) | scheduled monthly payment (-0.52) | loan age (-0.48),high,3.1e-05,retention_review,Prepayment risk is elevated; refer for retention pricing review.,True
LN100828,2026-06,Belmont Loan Services,Current,0.022381,0.013087,1e-06,0.4375,0.003961,Current,0.981765,0.049161,three-month balance movement,none,0.368239,current balance (-0.76) | property type (-0.59) | scheduled monthly payment (+0.56),high,4.2e-05,monitor_no_action,All model scores below action thresholds.,True
LN100854,2020-06,Pioneer Mortgage Ops,Current,0.0051,0.002618,1e-06,0.999999,0.004079,Current,0.816578,0.004032,three-month balance movement,none,0.675999,credit score band (-1.26) | state (-1.05) | property type (+0.39),high,7e-06,retention_review,Prepayment risk is elevated; refer for retention pricing review.,True
LN100848,2021-04,Pioneer Mortgage Ops,Current,0.005401,0.003576,1e-06,0.999999,0.004202,Current,0.922471,0.094022,three-month balance movement,none,0.829492,credit score band (-1.45) | balance against expected amortisation (-0.50) | debt-to-income band (+0.47),high,1.5e-05,retention_review,Prepayment risk is elevated; refer for retention pricing review.,True
LN100846,2026-06,Northgate Servicing,Current,0.030955,0.013091,1e-06,0.03006,0.004592,Current,0.989724,0.291923,three-month balance movement,none,0.661306,state (+0.36) | property type (-0.35) | scheduled monthly payment (-0.35),high,5.2e-05,monitor_no_action,All model scores below action thresholds.,True
LN100842,2021-02,Belmont Loan Services,Current,0.009071,0.004812,1e-06,0.999999,0.004697,Current,0.892187,0.050799,servicer feed record present,none,0.599783,market rate delta 12m (-0.58) | balance against expected amortisation (+0.33) | original balance (+0.25),high,5.6e-05,retention_review,Prepayment risk is elevated; refer for retention pricing review.,True
LN100840,2026-06,Northgate Servicing,Current,0.016276,0.00451,1e-06,0.03352,0.004041,Current,0.990312,0.079765,servicer reporting lag,none,0.827625,credit score band (-1.05) | original balance (-0.35) | property type (-0.28),high,9e-06,monitor_no_action,All model scores below action thresholds.,True
LN101061,2025-02,Northgate Servicing,Current,0.002781,0.003001,1e-06,0.145631,0.003923,Current,0.881536,0.127767,count of missing credit fields,none,0.504004,credit score band (-1.06) | note rate (+0.74) | loan purpose (-0.42),high,1.3e-05,monitor_no_action,All model scores below action thresholds.,True
LN101059,2026-01,Northgate Servicing,Current,0.006138,0.00279,1e-06,0.458333,0.004026,Current,0.92928,0.057581,scheduled payment relative to balance,none,0.401276,credit score band (-1.25) | note rate (+0.72) | scheduled payment relative to balance (+0.33),high,2.1e-05,retention_review,Prepayment risk is elevated; refer for retention pricing review.,True
LN101049,2020-07,Northgate Servicing,Current,0.005844,0.003832,1e-06,0.999999,0.004127,Current,0.837711,0.144689,three-month balance movement,none,0.679652,credit score band (-1.09) | current balance (-0.41) | market rate delta 12m (-0.33),high,4e-06,retention_review,Prepayment risk is elevated; refer for retention pricing review.,True
LN100871,2021-03,Northgate Servicing,Current,0.011258,0.004641,1e-06,0.999999,0.00444,Current,0.936307,0.218897,three-month balance movement,none,0.55499,credit score band (-1.00) | market rate delta 12m (-0.53) | loan purpose (-0.47),high,1e-05,retention_review,Prepayment risk is elevated; refer for retention pricing review.,True
LN100870,2019-04,Arcadia Capital Servicing,Current,0.002125,0.001201,1e-06,0.999999,0.004624,Current,0.777184,0.02578,balance against expected amortisation for term elapsed,none,0.641365,credit score band (-1.10) | balance change 1m (-0.30) | balance against expected amortisation (+0.27),high,4.9e-05,retention_review,Prepayment risk is elevated; refer for retention pricing review.,True
LN100869,2025-12,Northgate Servicing,Current,0.040992,0.003248,1e-06,0.03006,0.004724,Current,0.981787,0.27953,servicer feed days-past-due gap,none,0.587797,credit score band (-1.25) | loan purpose (-0.54) | credit score band (-0.44),high,1.4e-05,monitor_no_action,All model scores below action thresholds.,True
LN100865,2020-10,Arcadia Capital Servicing,Current,0.002689,0.002087,1e-06,0.999999,0.004046,Current,0.929389,0.001616,scheduled payment relative to balance,none,0.430254,credit score band (-1.18) | market rate delta 12m (-0.59) | debt-to-income band (-0.33),high,2.3e-05,retention_review,Prepayment risk is elevated; refer for retention pricing review.,True
LN100862,2026-06,Pioneer Mortgage Ops,Current,0.012348,0.006691,1e-06,0.03006,0.004861,Current,0.995554,0.157246,balance against expected amortisation for term elapsed,none,0.879328,credit score band (-0.93) | share of term elapsed (+0.48) | scheduled monthly payment (-0.45),high,2.9e-05,monitor_no_action,All model scores below action thresholds.,True
LN100800,2026-06,Arcadia Capital Servicing,Current,0.01562,0.003146,1e-06,0.03006,0.003988,Current,0.99477,0.103261,balance against expected amortisation for term elapsed,none,0.528427,credit score band (-1.04) | credit score band (-0.40) | state (-0.38),high,1.1e-05,monitor_no_action,All model scores below action thresholds.,True
LN100797,2021-01,Northgate Servicing,Current,0.003746,0.004717,1e-06,0.999999,0.004388,Current,0.831155,0.109364,three-month balance movement,none,0.335554,credit score band (-1.35) | balance against expected amortisation (-0.53) | market rate delta 12m (-0.44),high,4e-06,retention_review,Prepayment risk is elevated; refer for retention pricing review.,True
LN100795,2019-05,Northgate Servicing,Current,0.001748,0.000797,1e-06,0.999999,0.004943,Current,0.930501,0.0,scheduled payment relative to balance,none,0.601999,credit score band (-0.91) | loan age (-0.46) | credit score band (-0.36),high,1.2e-05,retention_review,Prepayment risk is elevated; refer for retention pricing review.,True
LN100823,2026-06,Northgate Servicing,Current,0.018263,0.013035,1e-06,0.03006,0.003988,Current,0.993698,0.029588,month-over-month balance movement,none,0.841005,share of term elapsed (+0.60) | state (-0.35) | loan purpose (-0.35),high,1.6e-05,monitor_no_action,All model scores below action thresholds.,True
LN100820,2026-06,Northgate Servicing,Current,0.009894,0.002673,1e-06,0.023684,0.004378,Current,0.996058,0.083469,balance against expected amortisation for term elapsed,none,0.768303,credit score band (-1.04) | share of term elapsed (+0.50) | scheduled monthly payment (-0.45),high,3.7e-05,monitor_no_action,All model scores below action thresholds.,True
LN100815,2024-09,Northgate Servicing,Current,0.007778,0.00379,1e-06,0.145631,0.004455,Current,0.874479,0.184647,scheduled payment relative to balance,none,0.504836,credit score band (-1.47) | state (-0.86) | note rate (+0.58),high,1.4e-05,monitor_no_action,All model scores below action thresholds.,True
LN100813,2026-06,Belmont Loan Services,Current,0.007878,0.005555,1e-06,0.222222,0.004995,Current,0.951969,0.08393,scheduled payment relative to balance,none,0.380898,credit score band (-0.95) | note rate (+0.77) | loan purpose (-0.61),high,1e-05,monitor_no_action,All model scores below action thresholds.,True
LN100811,2025-07,Northgate Servicing,Current,0.003032,0.002949,1e-06,0.03006,0.004122,Current,0.993307,0.033222,balance against expected amortisation for term elapsed,none,0.688202,credit score band (-1.28) | market rate delta 12m (-0.50) | credit score band (-0.33),high,2.3e-05,monitor_no_action,All model scores below action thresholds.,True
LN101079,2026-06,Pioneer Mortgage Ops,Current,0.030785,0.006042,1e-06,0.03006,0.054766,Current,0.986996,0.085373,servicer feed record present,none,0.328541,loan purpose (-0.43) | share of term elapsed (-0.38) | loan-to-value band (-0.37),high,1.8e-05,monitor_no_action,All model scores below action thresholds.,True
LN101077,2020-04,Pioneer Mortgage Ops,Current,0.006953,0.001779,1e-06,0.999999,0.004214,Current,0.902706,0.009848,servicer reporting lag,none,0.582458,credit score band (-1.04) | loan age (-0.40) | credit score band (-0.37),high,7e-06,retention_review,Prepayment risk is elevated; refer for retention pricing review.,True
LN101076,2025-07,Belmont Loan Services,Current,0.002494,0.001655,1e-06,0.4375,0.00398,Current,0.973159,0.124754,count of missing credit fields,none,0.463012,credit score band (-0.99) | note rate (+0.57) | property type (-0.53),high,2e-05,monitor_no_action,All model scores below action thresholds.,True
LN101074,2026-06,Arcadia Capital Servicing,Current,0.02386,0.011955,1e-06,0.6,0.003961,Current,0.98614,0.069324,servicer reporting lag,none,0.545385,credit score band (-1.15) | state (-0.68) | note rate (+0.49),high,3e-05,retention_review,Prepayment risk is elevated; refer for retention pricing review.,True
LN101071,2019-09,Arcadia Capital Servicing,Current,0.005225,0.003387,1e-06,0.999999,0.00471,Current,0.900794,0.176387,three-month balance movement,none,0.960039,credit score band (-1.07) | scheduled monthly payment (+0.43) | credit score band (-0.37),high,3.2e-05,retention_review,Prepayment risk is elevated; refer for retention pricing review.,True
LN101065,2019-07,Pioneer Mortgage Ops,Current,0.005666,0.003569,1e-06,0.999999,0.004906,Current,0.879223,0.056976,servicer feed record present,none,0.90449,state (-1.32) | credit score band (-0.99) | property type (+0.44),high,1.3e-05,retention_review,Prepayment risk is elevated; refer for retention pricing review.,True
LN100838,2026-06,Belmont Loan Services,Current,0.005318,0.004928,1e-06,0.03006,0.004055,Current,0.992357,0.092981,balance against expected amortisation for term elapsed,none,0.709169,credit score band (-0.99) | loan age (+0.80) | scheduled monthly payment (-0.70),high,2.4e-05,monitor_no_action,All model scores below action thresholds.,True
LN100837,2026-06,Arcadia Capital Servicing,Current,0.003564,0.004019,1e-06,0.03006,0.003869,Current,0.991768,0.16823,balance against expected amortisation for term elapsed,none,0.482475,credit score band (-0.89) | loan age (+0.86) | scheduled monthly payment (-0.58),high,3.2e-05,monitor_no_action,All model scores below action thresholds.,True
LN100752,2022-11,Arcadia Capital Servicing,Current,0.002079,0.002725,1e-06,0.999999,0.008461,Current,0.940748,0.163557,count of missing credit fields,none,0.521053,credit score band (-1.20) | debt-to-income band (+0.35) | refinance incentive (note rate less market rate) (+0.29),high,1.7e-05,retention_review,Prepayment risk is elevated; refer for retention pricing review.,True
LN100748,2020-10,Belmont Loan Services,Current,0.007632,0.002848,1e-06,0.999999,0.004711,Current,0.894086,0.307804,servicer feed days-past-due gap,none,0.813509,credit score band (-1.04) | state (-0.83) | market rate delta 12m (-0.57),high,3e-06,retention_review,Prepayment risk is elevated; refer for retention pricing review.,True
LN100775,2024-08,Belmont Loan Services,Current,0.003508,0.002999,1e-06,0.060606,0.003945,Current,0.909208,0.082558,three-month balance movement,none,0.576161,credit score band (-0.88) | note rate (+0.73) | loan age (-0.43),high,2.1e-05,monitor_no_action,All model scores below action thresholds.,True
LN100772,2024-08,Pioneer Mortgage Ops,Current,0.005858,0.003885,1e-06,0.222222,0.004149,Current,0.942451,0.149442,servicer reporting lag,none,0.7547,credit score band (-1.03) | state (-0.97) | note rate (+0.69),high,9e-06,monitor_no_action,All model scores below action thresholds.,True
LN100770,2026-06,Northgate Servicing,Current,0.011271,0.006444,1e-06,0.458333,0.004195,Current,0.951911,0.098724,servicer feed record present,none,0.645064,state (-1.01) | note rate (+0.56) | debt-to-income band (-0.37),high,2.1e-05,retention_review,Prepayment risk is elevated; refer for retention pricing review.,True
LN100764,2020-03,Belmont Loan Services,Current,0.006481,0.002918,1e-06,0.999999,0.004138,Current,0.764354,0.02629,balance against expected amortisation for term elapsed,none,0.899425,credit score band (-1.10) | loan age (+0.70) | property type (-0.54),high,2e-05,retention_review,Prepayment risk is elevated; refer for retention pricing review.,True
LN100762,2021-02,Arcadia Capital Servicing,Current,0.006178,0.003218,1e-06,0.999999,0.004369,Current,0.901387,0.0,balance against expected amortisation for term elapsed,none,0.564481,credit score band (-1.20) | market rate delta 12m (-0.68) | credit score band (-0.41),high,6e-06,retention_review,Prepayment risk is elevated; refer for retention pricing review.,True
LN100761,2025-11,Pioneer Mortgage Ops,Current,0.016417,0.012922,1e-06,0.03006,0.004107,Current,0.988002,0.232542,three-month balance movement,none,0.657451,credit score band (-1.17) | loan age (+0.58) | market rate delta 12m (-0.41),high,1.2e-05,monitor_no_action,All model scores below action thresholds.,True
LN100760,2021-02,Northgate Servicing,Current,0.001457,0.000815,1e-06,0.999999,0.004401,Current,0.919219,0.007644,scheduled payment relative to balance,none,0.881656,credit score band (-1.07) | credit score band (-0.45) | loan age (-0.45),high,4e-06,retention_review,Prepayment risk is elevated; refer for retention pricing review.,True
LN101092,2026-06,Arcadia Capital Servicing,Current,0.01874,0.002563,1e-06,0.003945,0.003988,Current,0.995747,0.057069,balance against expected amortisation for term elapsed,none,0.859148,credit score band (-1.03) | share of term elapsed (+0.44) | original balance (-0.32),high,1.7e-05,monitor_no_action,All model scores below action thresholds.,True
LN101091,2020-02,Belmont Loan Services,Current,0.00285,0.001638,1e-06,0.999999,0.00443,Current,0.892053,0.231586,record arrived by manual upload,none,0.85373,state (-1.14) | credit score band (-0.99) | scheduled monthly payment (-0.61),high,4e-06,retention_review,Prepayment risk is elevated; refer for retention pricing review.,True
LN101085,2020-10,Northgate Servicing,Current,0.002312,0.000861,1e-06,0.999999,0.004554,Current,0.795361,0.071054,servicer feed record present,none,0.446447,credit score band (-0.95) | loan age (-0.41) | market rate delta 12m (-0.40),high,2e-06,retention_review,Prepayment risk is elevated; refer for retention pricing review.,True
LN100791,2020-02,Belmont Loan Services,Current,0.005663,0.004143,1e-06,0.999999,0.004324,Current,0.921159,0.054846,servicer feed record present,none,0.449391,property type (-0.68) | debt-to-income band (-0.37) | original balance (+0.28),high,2.2e-05,retention_review,Prepayment risk is elevated; refer for retention pricing review.,True
LN100787,2019-01,Arcadia Capital Servicing,Current,0.00353,0.001859,1e-06,0.999999,0.006335,Current,0.881876,0.081142,count of missing credit fields,none,0.263012,credit score band (-1.21) | debt-to-income band (+0.38) | state (-0.36),high,3.2e-05,retention_review,Prepayment risk is elevated; refer for retention pricing review.,True
LN100777,2026-06,Belmont Loan Services,Current,0.022754,0.017861,1e-06,0.03006,0.754766,Current,0.99218,0.647495,three-month balance movement,missing_documentation,0.882708,share of term elapsed (+0.49) | debt-to-income band (-0.29) | state (-0.26),high,3.3e-05,raise_exception_for_review,Operational exception is more likely than not; route to the data-quality queue.,True
LN100807,2026-06,Northgate Servicing,Current,0.005112,0.002687,1e-06,0.458333,0.00399,Current,0.955968,0.242496,record arrived by manual upload,none,0.54576,credit score band (-1.01) | note rate (+0.44) | servicer (-0.38),high,4e-05,retention_review,Prepayment risk is elevated; refer for retention pricing review.,True
LN100741,2026-06,Belmont Loan Services,Current,0.008777,0.00303,1e-06,0.03006,0.003988,Current,0.993841,0.038872,balance against expected amortisation for term elapsed,none,0.705333,credit score band (-0.92) | loan purpose (+0.33) | share of term elapsed (-0.26),high,3.1e-05,monitor_no_action,All model scores below action thresholds.,True
LN100739,2026-02,Northgate Servicing,Current,0.004032,0.002706,1e-06,0.999999,0.004415,Current,0.968129,0.114954,scheduled payment relative to balance,none,0.516971,credit score band (-0.87) | current balance (-0.48) | note rate (+0.47),high,1.7e-05,retention_review,Prepayment risk is elevated; refer for retention pricing review.,True
LN100737,2019-06,Arcadia Capital Servicing,Current,0.00297,0.005747,1e-06,0.999999,0.004574,Current,0.887317,0.077979,month-over-month balance movement,none,0.849797,credit score band (-1.00) | property type (-0.57) | loan age (-0.34),high,5e-06,retention_review,Prepayment risk is elevated; refer for retention pricing review.,True
LN100734,2019-05,Northgate Servicing,Current,0.008559,0.004446,1e-06,0.999999,0.005274,Current,0.926269,0.012146,three-month balance movement,none,0.607373,credit score band (-1.07) | state (+0.69) | debt-to-income band (-0.49),high,1.4e-05,retention_review,Prepayment risk is elevated; refer for retention pricing review.,True
LN100733,2026-06,Arcadia Capital Servicing,Current,0.014767,0.011256,1e-06,0.03006,0.003988,Current,0.994472,0.021428,servicer reporting lag,none,0.962837,credit score band (-1.21) | loan age (+0.32) | credit score band (-0.30),high,2.6e-05,monitor_no_action,All model scores below action thresholds.,True
LN100731,2026-06,Northgate Servicing,Current,0.037848,0.010209,1e-06,0.03006,0.007008,Current,0.968531,0.226442,count of missing credit fields,none,0.479192,share of term elapsed (-0.43) | state (-0.39) | loan-to-value band (+0.34),high,1.4e-05,monitor_no_action,All model scores below action thresholds.,True
LN100729,2019-07,Kestrel Financial,Current,0.002816,0.00176,1e-06,0.999999,0.004678,Current,0.882449,0.198174,three-month balance movement,none,0.932683,credit score band (-1.05) | scheduled monthly payment (+0.40) | balance change 3m (-0.29),high,8e-06,retention_review,Prepayment risk is elevated; refer for retention pricing review.,True
LN100728,2026-06,Kestrel Financial,Current,0.014156,0.004914,1e-06,0.145631,0.004961,Current,0.955599,0.045173,three-month balance movement,none,0.413203,credit score band (-0.93) | debt-to-income band (+0.51) | loan purpose (-0.49),high,4.6e-05,monitor_no_action,All model scores below action thresholds.,True
LN101108,2026-04,Arcadia Capital Servicing,Current,0.020736,0.016721,1e-06,0.03006,0.003988,Current,0.976775,0.081985,balance against expected amortisation for term elapsed,none,0.826872,state (-0.72) | loan purpose (-0.54) | scheduled payment relative to balance (+0.42),high,4.8e-05,monitor_no_action,All model scores below action thresholds.,True
LN101107,2019-04,Belmont Loan Services,Current,0.01304,0.006573,1e-06,0.999999,0.005169,Current,0.877425,0.125519,count of missing credit fields,none,0.823842,state (-1.41) | credit score band (+0.38) | debt-to-income band (-0.28),high,2.6e-05,retention_review,Prepayment risk is elevated; refer for retention pricing review.,True
LN101106,2021-03,Belmont Loan Services,Current,0.022243,0.011443,1e-06,0.999999,0.004202,Current,0.859691,0.035053,balance against expected amortisation for term elapsed,none,0.410169,market rate delta 12m (-0.54) | loan purpose (-0.40) | share of term elapsed (-0.32),high,4.7e-05,retention_review,Prepayment risk is elevated; refer for retention pricing review.,True
LN101099,2019-09,Pioneer Mortgage Ops,Current,0.008306,0.004557,1e-06,0.999999,0.004511,Current,0.948186,0.070547,count of missing credit fields,none,0.551761,credit score band (-1.26) | credit score band (-0.32) | balance change 1m (-0.26),high,4.1e-05,retention_review,Prepayment risk is elevated; refer for retention pricing review.,True
LN101098,2026-06,Northgate Servicing,Current,0.019553,0.004384,1e-06,0.03006,0.004472,Current,0.992211,0.098157,servicer feed record present,none,0.484646,credit score band (-1.03) | loan purpose (-0.55) | credit score band (-0.35),high,4e-06,monitor_no_action,All model scores below action thresholds.,True
LN101096,2019-09,Northgate Servicing,Current,0.00458,0.001554,1e-06,0.999999,0.00493,Current,0.946689,0.029499,servicer reporting lag,none,0.821058,state (-0.78) | loan age (-0.40) | current balance (-0.38),high,1.3e-05,retention_review,Prepayment risk is elevated; refer for retention pricing review.,True
LN100759,2026-06,Northgate Servicing,Current,0.011347,0.004355,1e-06,0.03006,0.003988,Current,0.995857,0.047204,month-over-month balance movement,none,0.548254,credit score band (-1.04) | share of term elapsed (+0.54) | state (-0.40),high,1.1e-05,monitor_no_action,All model scores below action thresholds.,True
LN100755,2025-12,Northgate Servicing,Current,0.006809,0.004264,1e-06,0.145631,0.761021,Current,0.957634,0.403947,scheduled payment relative to balance,missing_documentation,0.999054,credit score band (-1.33) | note rate (+0.73) | balance against expected amortisation (-0.50),high,1.7e-05,raise_exception_for_review,Operational exception is more likely than not; route to the data-quality queue.,True
LN100701,2020-10,Belmont Loan Services,Current,0.008308,0.004084,1e-06,0.999999,0.004075,Current,0.868971,0.000989,three-month balance movement,none,0.558697,market rate delta 12m (-0.47) | credit score band (+0.40) | debt-to-income band (+0.38),high,7.2e-05,retention_review,Prepayment risk is elevated; refer for retention pricing review.,True
LN100700,2026-06,Arcadia Capital Servicing,Current,0.015606,0.003962,1e-06,0.023684,0.004224,Current,0.990563,0.087909,servicer feed record present,none,0.854727,credit score band (-1.05) | scheduled monthly payment (+0.36) | credit score band (-0.35),high,2.4e-05,monitor_no_action,All model scores below action thresholds.,True
LN100696,2020-05,Northgate Servicing,Current,0.005581,0.002453,1e-06,0.999999,0.004316,Current,0.951636,0.005907,balance against expected amortisation for term elapsed,none,0.712827,credit score band (-1.02) | scheduled monthly payment (-0.60) | loan purpose (-0.39),high,3e-06,retention_review,Prepayment risk is elevated; refer for retention pricing review.,True
LN100727,2026-06,Northgate Servicing,Current,0.004888,0.003734,1e-06,0.222222,0.004555,Current,0.975333,0.253775,scheduled payment relative to balance,none,0.611683,credit score band (-1.16) | note rate (+0.33) | credit score band (-0.30),high,2.5e-05,monitor_no_action,All model scores below action thresholds.,True
LN100726,2021-09,Northgate Servicing,Current,0.005753,0.003965,1e-06,0.999999,0.005886,Current,0.877375,0.257493,three-month balance movement,none,0.357099,balance change 3m (-0.40) | debt-to-income band (-0.38) | positive refinance incentive (+0.34),high,2.3e-05,retention_review,Prepayment risk is elevated; refer for retention pricing review.,True
LN100721,2026-06,Northgate Servicing,Current,0.03665,0.026189,1e-06,0.003945,0.003988,Current,0.987516,0.112539,balance against expected amortisation for term elapsed,none,0.950298,state (-0.54) | share of term elapsed (+0.47) | refinance incentive (note rate less market rate) (-0.38),high,1.5e-05,monitor_no_action,All model scores below action thresholds.,True
LN100718,2026-06,Belmont Loan Services,Current,0.011415,0.003407,1e-06,0.03006,0.746805,Current,0.994899,0.263685,document file incomplete,missing_documentation,0.995662,credit score band (-0.89) | share of term elapsed (+0.60) | scheduled monthly payment (-0.39),high,8e-06,raise_exception_for_review,Operational exception is more likely than not; route to the data-quality queue.,True
LN100713,2026-06,Belmont Loan Services,Current,0.015212,0.004977,1e-06,0.03006,0.004224,Current,0.995004,0.117757,balance against expected amortisation for term elapsed,none,0.663278,credit score band (-0.89) | state (-0.74) | share of term elapsed (+0.41),high,1.1e-05,monitor_no_action,All model scores below action thresholds.,True
LN101127,2022-01,Northgate Servicing,Current,0.017254,0.01313,1e-06,0.999999,0.851149,Current,0.969251,0.126876,servicer feed balance gap,balance_reconciliation_break,0.999114,credit score band (-1.31) | loan age (+0.52) | credit score band (-0.46),high,1.4e-05,raise_exception_for_review,Operational exception is more likely than not; route to the data-quality queue.,True
LN101126,2026-05,Belmont Loan Services,Current,0.002355,0.00197,1e-06,0.222222,0.004027,Current,0.953147,0.039963,three-month balance movement,none,0.348143,credit score band (-0.96) | note rate (+0.59) | balance change 1m (+0.58),high,2.7e-05,monitor_no_action,All model scores below action thresholds.,True
LN101125,2019-12,Kestrel Financial,Current,0.010095,0.00667,1e-06,0.999999,0.004637,Current,0.911926,0.011959,balance against expected amortisation for term elapsed,none,0.972261,credit score band (-1.17) | scheduled payment relative to balance (+0.40) | debt-to-income band (-0.32),high,3e-05,retention_review,Prepayment risk is elevated; refer for retention pricing review.,True
LN101122,2025-08,Pioneer Mortgage Ops,Current,0.014661,0.010532,1e-06,0.145631,0.004034,Current,0.947635,0.073135,three-month balance movement,none,0.377659,credit score band (-1.11) | current balance (-0.68) | note rate (+0.47),high,7e-06,monitor_no_action,All model scores below action thresholds.,True
LN101118,2020-07,Arcadia Capital Servicing,Current,0.003761,0.001903,1e-06,0.999999,0.851149,Current,0.969151,0.222785,servicer feed balance gap,balance_reconciliation_break,0.99608,credit score band (-1.12) | market rate delta 12m (-0.41) | current balance (-0.40),high,9e-06,raise_exception_for_review,Operational exception is more likely than not; route to the data-quality queue.,True
LN101115,2026-03,Arcadia Capital Servicing,Current,0.011093,0.008577,1e-06,0.222222,0.003988,Current,0.963974,0.105308,scheduled payment relative to balance,none,0.543302,credit score band (-1.34) | note rate (+0.49) | credit score band (-0.48),high,2.5e-05,monitor_no_action,All model scores below action thresholds.,True
LN101113,2022-09,Belmont Loan Services,Current,0.00393,0.005434,1e-06,0.999999,0.734088,Current,0.813002,0.187171,document file incomplete,missing_documentation,0.998713,credit score band (-0.93) | current balance (+0.30) | state (-0.28),high,2.3e-05,raise_exception_for_review,Operational exception is more likely than not; route to the data-quality queue.,True
LN101112,2026-06,Arcadia Capital Servicing,Current,0.007806,0.005031,1e-06,0.03352,0.004224,Current,0.983541,0.18504,scheduled payment relative to balance,none,0.568152,credit score band (-1.05) | note rate (+0.53) | loan purpose (-0.50),high,1.8e-05,monitor_no_action,All model scores below action thresholds.,True
LN100686,2020-12,Northgate Servicing,Current,0.001563,0.000897,1e-06,0.999999,0.004242,Current,0.766123,0.012185,scheduled payment relative to balance,none,0.819869,credit score band (-0.73) | state (+0.65) | market rate delta 12m (-0.51),high,1.7e-05,retention_review,Prepayment risk is elevated; refer for retention pricing review.,True
LN100685,2026-06,Pioneer Mortgage Ops,Current,0.009933,0.0071,1e-06,0.010363,0.004568,Current,0.995471,0.21659,three-month balance movement,none,0.710901,credit score band (-0.87) | share of term elapsed (+0.61) | state (-0.33),high,1.2e-05,monitor_no_action,All model scores below action thresholds.,True
LN100683,2026-06,Belmont Loan Services,Current,0.005027,0.002443,1e-06,0.934783,0.847694,Current,0.982697,0.535688,servicer feed balance gap,balance_reconciliation_break,0.99741,credit score band (-1.10) | current balance (-0.43) | balance change 1m (+0.38),high,4e-05,raise_exception_for_review,Operational exception is more likely than not; route to the data-quality queue.,True
LN100680,2019-02,Arcadia Capital Servicing,Current,0.031918,0.015455,1e-06,0.999999,0.004685,Current,0.808693,0.016459,balance against expected amortisation for term elapsed,none,0.604894,credit score band (-1.08) | current balance (-0.57) | balance change 1m (+0.52),high,7.5e-05,retention_review,Prepayment risk is elevated; refer for retention pricing review.,True
LN101142,2026-06,Northgate Servicing,Current,0.018427,0.006245,1e-06,0.03006,0.004224,Current,0.994391,0.085477,servicer feed record present,none,0.71652,credit score band (-1.10) | share of term elapsed (+0.64) | state (-0.29),high,9e-06,monitor_no_action,All model scores below action thresholds.,True
LN101141,2026-06,Belmont Loan Services,Current,0.011759,0.00298,1e-06,0.03006,0.779621,Current,0.995296,0.552297,document file incomplete,missing_documentation,0.994479,credit score band (-0.99) | loan purpose (-0.56) | share of term elapsed (+0.48),high,2.2e-05,raise_exception_for_review,Operational exception is more likely than not; route to the data-quality queue.,True
LN101140,2022-04,Kestrel Financial,Current,0.010704,0.002985,1e-06,0.999999,0.003808,Current,0.971108,0.009644,scheduled payment relative to balance,none,0.891252,credit score band (+1.18) | loan age (-0.57) | credit score band (+0.43),high,8e-05,retention_review,Prepayment risk is elevated; refer for retention pricing review.,True
LN101139,2021-06,Kestrel Financial,Current,0.003029,0.002648,1e-06,0.999999,0.003279,Current,0.775043,0.058416,count of missing credit fields,none,0.628214,state (-1.15) | debt-to-income band (-0.40) | unemployment rate (-0.19),high,1.3e-05,retention_review,Prepayment risk is elevated; refer for retention pricing review.,True
LN101133,2019-10,Belmont Loan Services,Current,0.01341,0.014781,1e-06,0.999999,0.00452,Current,0.750991,0.07687,month-over-month balance movement,none,0.959356,credit score band (-1.13) | state (-0.88) | original balance (-0.48),high,2e-06,retention_review,Prepayment risk is elevated; refer for retention pricing review.,True
LN101131,2023-04,Belmont Loan Services,Current,0.002045,0.0011,1e-06,0.999999,0.757399,Current,0.953056,0.200532,document file incomplete,missing_documentation,0.99538,state (-1.07) | credit score band (-0.98) | property type (-0.48),high,4e-06,raise_exception_for_review,Operational exception is more likely than not; route to the data-quality queue.,True
LN101128,2026-06,Northgate Servicing,Current,0.025584,0.006024,1e-06,0.003945,0.004055,Current,0.989871,0.033997,balance against expected amortisation for term elapsed,none,0.863764,loan purpose (-0.47) | scheduled monthly payment (-0.43) | debt-to-income band (+0.38),high,1e-05,monitor_no_action,All model scores below action thresholds.,True
LN100711,2026-02,Kestrel Financial,Current,0.022811,0.006243,1e-06,0.03006,0.008198,Current,0.994366,0.310007,record arrived by manual upload,none,0.514845,credit score band (-0.99) | scheduled monthly payment (-0.53) | credit score band (-0.33),high,1e-05,monitor_no_action,All model scores below action thresholds.,True
LN100708,2026-02,Northgate Servicing,Current,0.007658,0.004367,1e-06,0.4375,0.003996,Current,0.982302,0.047096,three-month balance movement,none,0.421119,credit score band (-0.73) | current balance (-0.66) | note rate (+0.43),high,2.4e-05,monitor_no_action,All model scores below action thresholds.,True
LN100705,2019-09,Northgate Servicing,Current,0.00093,0.000613,1e-06,0.999999,0.004561,Current,0.937715,0.00506,servicer reporting lag,none,0.902275,credit score band (-0.75) | loan age (-0.60) | scheduled monthly payment (-0.52),high,4e-06,retention_review,Prepayment risk is elevated; refer for retention pricing review.,True
LN100704,2026-06,Arcadia Capital Servicing,Current,0.017487,0.010238,1e-06,0.003945,0.004118,Current,0.992235,0.872363,month-over-month balance movement,none,0.751681,credit score band (-0.89) | loan purpose (-0.52) | share of term elapsed (+0.44),high,4.5e-05,monitor_no_action,All model scores below action thresholds.,True
LN100703,2021-02,Northgate Servicing,Current,0.007031,0.004838,1e-06,0.999999,0.005213,Current,0.926191,0.209809,record arrived by manual upload,none,0.740024,market rate delta 12m (-0.42) | state (+0.42) | debt-to-income band (-0.38),high,1.9e-05,retention_review,Prepayment risk is elevated; refer for retention pricing review.,True
LN100658,2025-08,Northgate Servicing,Current,0.015312,0.004815,1e-06,0.458333,0.004371,Current,0.973553,0.284135,record arrived by manual upload,none,0.739003,state (-1.04) | scheduled payment relative to balance (+0.60) | note rate (+0.60),high,7.7e-05,retention_review,Prepayment risk is elevated; refer for retention pricing review.,True
LN100657,2025-07,Northgate Servicing,Current,0.006869,0.007001,1e-06,0.458333,0.004034,Current,0.968895,0.22365,record arrived by manual upload,none,0.294777,credit score band (-0.84) | unemployment rate (+0.29) | note rate (+0.29),high,1.4e-05,retention_review,Prepayment risk is elevated; refer for retention pricing review.,True
LN100656,2025-06,Northgate Servicing,Current,0.002307,0.001175,1e-06,0.12069,0.004571,Current,0.981703,0.170657,scheduled payment relative to balance,none,0.841807,note rate (+0.80) | loan age (-0.46) | market rate delta 12m (-0.42),high,8.1e-05,monitor_no_action,All model scores below action thresholds.,True
LN100675,2026-06,Northgate Servicing,Current,0.010628,0.007393,1e-06,0.03006,0.004281,Current,0.993117,0.088281,servicer feed record present,none,0.584301,scheduled monthly payment (-0.73) | loan age (+0.58) | loan purpose (-0.49),high,2.6e-05,monitor_no_action,All model scores below action thresholds.,True
LN100674,2025-06,Northgate Servicing,Current,0.015136,0.003332,1e-06,0.023684,0.004191,Current,0.992715,0.030843,month-over-month balance movement,none,0.486084,credit score band (-0.88) | scheduled monthly payment (-0.45) | loan purpose (-0.40),high,3e-06,monitor_no_action,All model scores below action thresholds.,True
LN100673,2021-02,Kestrel Financial,Current,0.005921,0.003229,1e-06,0.999999,0.004369,Current,0.941765,0.0,balance against expected amortisation for term elapsed,none,0.497593,state (-0.85) | market rate delta 12m (-0.45) | scheduled monthly payment (+0.28),high,4e-05,retention_review,Prepayment risk is elevated; refer for retention pricing review.,True
LN100672,2026-06,Arcadia Capital Servicing,Current,0.016425,0.003617,1e-06,0.03006,0.004224,Current,0.994875,0.097165,servicer feed record present,none,0.615338,credit score band (-1.21) | share of term elapsed (+0.50) | property type (-0.30),high,2.5e-05,monitor_no_action,All model scores below action thresholds.,True
LN100669,2020-08,Kestrel Financial,Current,0.010574,0.00895,1e-06,0.999999,0.818889,Current,0.721007,0.628379,servicer feed balance gap,balance_reconciliation_break,0.996282,credit score band (+0.77) | state (+0.59) | property type (-0.51),high,2.2e-05,raise_exception_for_review,Operational exception is more likely than not; route to the data-quality queue.,True
LN100667,2020-01,Arcadia Capital Servicing,Current,0.009797,0.005259,1e-06,0.999999,0.004422,Current,0.887017,0.052718,servicer feed record present,none,0.715674,credit score band (-1.13) | state (-0.98) | property type (-0.51),high,4e-06,retention_review,Prepayment risk is elevated; refer for retention pricing review.,True
LN100665,2020-04,Kestrel Financial,Current,0.062477,0.057491,1e-06,0.999999,0.591136,Current,0.788096,0.488712,document file incomplete,missing_documentation,0.993377,credit score band (-1.26) | loan age (+0.57) | credit score band (-0.41),high,3.2e-05,raise_exception_for_review,Operational exception is more likely than not; route to the data-quality queue.,True
LN101152,2019-06,Northgate Servicing,Current,0.001545,0.001326,1e-06,0.999999,0.00465,Current,0.797555,0.196338,record arrived by manual upload,none,0.67935,credit score band (-1.01) | debt-to-income band (+0.47) | scheduled monthly payment (-0.41),high,1.1e-05,retention_review,Prepayment risk is elevated; refer for retention pricing review.,True
LN101148,2020-07,Belmont Loan Services,Current,0.003241,0.001388,1e-06,0.999999,0.004138,Current,0.850414,0.022677,balance against expected amortisation for term elapsed,none,0.713563,credit score band (-1.12) | market rate delta 12m (-0.45) | credit score band (-0.39),high,4e-06,retention_review,Prepayment risk is elevated; refer for retention pricing review.,True
LN101147,2026-06,Belmont Loan Services,Current,0.012602,0.004599,1e-06,0.03006,0.004224,Current,0.993259,0.101248,servicer reporting lag,none,0.917018,credit score band (-0.81) | loan purpose (+0.28) | loan age (+0.27),high,1.8e-05,monitor_no_action,All model scores below action thresholds.,True
LN101146,2026-06,Kestrel Financial,Current,0.016963,0.008805,1e-06,0.145631,0.003535,Current,0.98489,0.142181,balance against expected amortisation for term elapsed,none,0.538913,credit score band (-0.92) | share of term elapsed (-0.24) | loan-to-value band (-0.22),high,1e-05,monitor_no_action,All model scores below action thresholds.,True
LN101144,2019-07,Northgate Servicing,Current,0.007145,0.005973,1e-06,0.999999,0.004898,Current,0.821456,0.085365,balance against expected amortisation for term elapsed,none,0.746345,credit score band (-1.05) | state (-0.51) | loan age (+0.43),high,3.2e-05,retention_review,Prepayment risk is elevated; refer for retention pricing review.,True
LN100688,2021-02,Arcadia Capital Servicing,Current,0.012702,0.009362,1e-06,0.999999,0.004369,Current,0.801549,0.040298,balance against expected amortisation for term elapsed,none,0.79577,share of term elapsed (-0.53) | market rate delta 12m (-0.46) | loan-to-value band (-0.33),high,1.4e-05,retention_review,Prepayment risk is elevated; refer for retention pricing review.,True
LN101180,2024-11,Northgate Servicing,Current,0.009142,0.005805,1e-06,0.222222,0.003976,Current,0.914238,0.07207,three-month balance movement,none,0.282189,credit score band (-0.82) | note rate (+0.71) | loan purpose (-0.57),high,4.1e-05,monitor_no_action,All model scores below action thresholds.,True
LN101178,2019-11,Northgate Servicing,Current,0.010586,0.017481,1e-06,0.999999,0.060674,Current,0.918127,0.217193,three-month balance movement,none,0.833049,credit score band (-0.87) | balance against expected amortisation (+0.42) | loan purpose (-0.33),high,1.9e-05,retention_review,Prepayment risk is elevated; refer for retention pricing review.,True
LN101176,2019-06,Northgate Servicing,Current,0.010101,0.002591,1e-06,0.999999,0.004685,Current,0.801366,0.022143,three-month balance movement,none,0.364465,credit score band (-1.00) | servicer (-0.47) | current balance (-0.44),high,1.5e-05,retention_review,Prepayment risk is elevated; refer for retention pricing review.,True
LN100630,2026-06,Pioneer Mortgage Ops,Current,0.012939,0.006635,1e-06,0.03006,0.004218,Current,0.994718,0.819003,three-month balance movement,none,0.764487,credit score band (-0.78) | share of term elapsed (+0.65) | loan purpose (-0.36),high,2e-05,monitor_no_action,All model scores below action thresholds.,True
LN100629,2024-05,Arcadia Capital Servicing,Current,0.009967,0.006628,1e-06,0.222222,0.851149,Current,0.758669,0.123782,servicer feed record present,balance_reconciliation_break,0.998849,credit score band (-1.30) | property type (-0.51) | credit score band (-0.45),high,1.2e-05,raise_exception_for_review,Operational exception is more likely than not; route to the data-quality queue.,True
LN100628,2026-06,Northgate Servicing,Current,0.0078,0.007222,1e-06,0.03006,0.003988,Current,0.987304,0.316908,record arrived by manual upload,none,0.691984,credit score band (-1.19) | loan age (+0.51) | state (+0.45),high,5e-05,monitor_no_action,All model scores below action thresholds.,True
LN100618,2020-12,Arcadia Capital Servicing,Current,0.007575,0.006511,1e-06,0.999999,0.00449,Current,0.924478,0.00916,servicer reporting lag,none,0.603975,worst days past due in last 12 months (+1.46) | credit score band (-0.84) | market rate delta 12m (-0.55),high,3.9e-05,retention_review,Prepayment risk is elevated; refer for retention pricing review.,True
LN100617,2024-10,Arcadia Capital Servicing,Current,0.012296,0.028942,1e-06,0.03006,0.004449,Current,0.949346,0.339482,three-month balance movement,none,0.458205,credit score band (-1.24) | scheduled monthly payment (+0.50) | loan purpose (-0.36),high,1.8e-05,monitor_no_action,All model scores below action thresholds.,True
LN101167,2025-02,Northgate Servicing,Current,0.010051,0.008158,1e-06,0.4375,0.761021,Current,0.87724,0.2477,document file incomplete,missing_documentation,0.997707,credit score band (-1.17) | note rate (+0.57) | balance change 1m (+0.43),high,2.8e-05,raise_exception_for_review,Operational exception is more likely than not; route to the data-quality queue.,True
LN101164,2026-06,Belmont Loan Services,Current,0.038966,0.005521,1e-06,0.023684,0.004287,Current,0.990438,0.957075,month-over-month balance movement,none,0.6109,credit score band (-1.05) | state (-0.56) | share of term elapsed (+0.41),high,2e-05,monitor_no_action,All model scores below action thresholds.,True
LN101162,2020-07,Northgate Servicing,Current,0.002944,0.001978,1e-06,0.999999,0.004127,Current,0.823353,0.144167,three-month balance movement,none,0.648463,credit score band (-1.18) | state (-0.56) | balance change 3m (-0.32),high,5e-06,retention_review,Prepayment risk is elevated; refer for retention pricing review.,True
LN100645,2020-09,Northgate Servicing,Current,0.005458,0.001924,1e-06,0.999999,0.004091,Current,0.883365,0.01078,scheduled payment relative to balance,none,0.297002,state (-0.46) | scheduled payment relative to balance (-0.42) | market rate delta 12m (-0.36),high,1.5e-05,retention_review,Prepayment risk is elevated; refer for retention pricing review.,True
LN100637,2020-01,Northgate Servicing,Current,0.01231,0.002756,1e-06,0.999999,0.004092,Current,0.931677,0.019576,balance against expected amortisation for term elapsed,none,0.820643,loan purpose (-0.59) | loan age (+0.41) | servicer (-0.28),high,1.9e-05,retention_review,Prepayment risk is elevated; refer for retention pricing review.,True
LN100634,2020-04,Northgate Servicing,Current,0.014488,0.005719,1e-06,0.999999,0.004491,Current,0.920859,0.289947,three-month balance movement,none,0.597523,credit score band (-1.21) | loan age (+0.69) | balance change 3m (-0.42),high,2.5e-05,retention_review,Prepayment risk is elevated; refer for retention pricing review.,True
LN100662,2025-12,Northgate Servicing,Current,0.007327,0.003144,1e-06,0.12069,0.851149,Current,0.981025,0.230214,servicer feed record present,balance_reconciliation_break,0.996012,credit score band (-1.28) | market rate delta 12m (-0.45) | loan purpose (-0.39),high,8e-06,raise_exception_for_review,Operational exception is more likely than not; route to the data-quality queue.,True
LN100660,2026-02,Northgate Servicing,Current,0.0028,0.004953,1e-06,0.145631,0.749094,Current,0.972588,0.413814,three-month balance movement,missing_documentation,0.998414,credit score band (-1.51) | credit score band (-0.49) | note rate (+0.48),high,2.5e-05,raise_exception_for_review,Operational exception is more likely than not; route to the data-quality queue.,True
LN100591,2022-03,Northgate Servicing,Current,0.000545,0.000347,1e-06,0.999999,0.003808,Current,0.936765,0.025928,scheduled payment relative to balance,none,0.530952,credit score band (-0.91) | property type (-0.47) | scheduled payment relative to balance (-0.40),high,3e-06,retention_review,Prepayment risk is elevated; refer for retention pricing review.,True
LN100590,2026-06,Arcadia Capital Servicing,Current,0.014202,0.008727,1e-06,0.03352,0.54862,Current,0.992443,0.263016,servicer reporting lag,stale_servicer_reporting,0.993739,credit score band (-0.94) | state (-0.65) | scheduled monthly payment (-0.48),high,7e-06,raise_exception_for_review,Operational exception is more likely than not; route to the data-quality queue.,True
LN100584,2026-06,Northgate Servicing,Current,0.027584,0.0058,1e-06,0.023684,0.003988,Current,0.985573,0.052414,balance against expected amortisation for term elapsed,none,0.686433,credit score band (-1.17) | credit score band (-0.39) | share of term elapsed (-0.32),high,2.2e-05,monitor_no_action,All model scores below action thresholds.,True
LN100613,2026-06,Northgate Servicing,Current,0.002743,0.000753,1e-06,0.03006,0.003961,Current,0.969121,0.035898,three-month balance movement,none,0.430812,credit score band (-1.00) | note rate (+0.46) | state (-0.39),high,2.1e-05,monitor_no_action,All model scores below action thresholds.,True
LN100610,2019-07,Arcadia Capital Servicing,Current,0.005007,0.003123,1e-06,0.999999,0.005025,Current,0.843053,0.06145,servicer feed record present,none,0.657389,state (-1.11) | credit score band (-1.00) | scheduled monthly payment (-0.57),high,2.2e-05,retention_review,Prepayment risk is elevated; refer for retention pricing review.,True
LN100609,2022-03,Arcadia Capital Servicing,Current,0.001043,0.000618,1e-06,0.999999,0.003808,Current,0.955748,0.023481,scheduled payment relative to balance,none,0.528514,credit score band (-0.93) | loan age (-0.34) | credit score band (-0.32),high,5e-06,retention_review,Prepayment risk is elevated; refer for retention pricing review.,True
LN100608,2021-04,Northgate Servicing,Current,0.035697,0.020289,1e-06,0.999999,0.004265,Current,0.945395,0.002653,servicer reporting lag,none,0.630952,credit score band (-1.16) | market rate delta 12m (-0.58) | original balance (-0.34),high,2e-06,retention_review,Prepayment risk is elevated; refer for retention pricing review.,True
LN100607,2019-05,Northgate Servicing,Current,0.009306,0.00295,1e-06,0.999999,0.005576,Current,0.86031,0.087603,servicer reporting lag,none,0.904879,state (-1.35) | debt-to-income band (-0.45) | servicer (-0.39),high,1.9e-05,retention_review,Prepayment risk is elevated; refer for retention pricing review.,True
LN100605,2022-03,Kestrel Financial,Current,0.00534,0.003203,1e-06,0.999999,0.004863,Current,0.911657,0.05637,servicer feed record present,none,0.32398,credit score band (-1.20) | loan purpose (-0.55) | credit score band (-0.39),high,1.4e-05,retention_review,Prepayment risk is elevated; refer for retention pricing review.,True
LN100604,2026-06,Belmont Loan Services,Current,0.008978,0.002704,1e-06,0.222222,0.750353,Current,0.983947,0.60956,balance required repair,unexpected_balance_movement,0.986883,credit score band (-1.14) | note rate (+0.37) | credit score band (-0.36),high,7e-05,raise_exception_for_review,Operational exception is more likely than not; route to the data-quality queue.,True
LN101191,2025-06,Northgate Servicing,Current,0.005016,0.00509,1e-06,0.185185,0.004349,Current,0.973,0.196434,scheduled payment relative to balance,none,0.701774,note rate (+0.83) | balance against expected amortisation (-0.51) | market rate delta 12m (-0.47),high,3.6e-05,monitor_no_action,All model scores below action thresholds.,True
LN101190,2026-06,Northgate Servicing,Current,0.011777,0.003475,1e-06,0.03006,0.003988,Current,0.993295,0.039857,month-over-month balance movement,none,0.517137,credit score band (-1.15) | share of term elapsed (+0.64) | loan purpose (-0.39),high,9e-06,monitor_no_action,All model scores below action thresholds.,True
LN101189,2024-07,Northgate Servicing,Current,0.002342,0.001624,1e-06,0.03006,0.004023,Current,0.950569,0.038165,scheduled payment relative to balance,none,0.554122,credit score band (-1.32) | scheduled monthly payment (-0.65) | market mortgage rate (+0.48),high,2.8e-05,monitor_no_action,All model scores below action thresholds.,True
LN101188,2019-02,Northgate Servicing,Current,0.006302,0.005831,1e-06,0.999999,0.004817,Current,0.637809,0.087927,balance against expected amortisation for term elapsed,none,0.429491,credit score band (-0.96) | state (-0.81) | loan age (+0.39),high,2.3e-05,retention_review,Prepayment risk is elevated; refer for retention pricing review.,True
LN101183,2019-04,Arcadia Capital Servicing,Current,0.001247,0.000713,1e-06,0.999999,0.00454,Current,0.80581,0.010889,scheduled payment relative to balance,none,0.537536,state (-1.18) | credit score band (-0.93) | credit score band (-0.29),high,3e-06,retention_review,Prepayment risk is elevated; refer for retention pricing review.,True
LN101181,2026-06,Pioneer Mortgage Ops,Current,0.014638,0.003358,1e-06,0.03006,0.003935,Current,0.99331,0.206203,balance against expected amortisation for term elapsed,none,0.646479,credit score band (-1.00) | share of term elapsed (+0.41) | loan purpose (-0.37),high,3.4e-05,monitor_no_action,All model scores below action thresholds.,True
LN100567,2026-06,Belmont Loan Services,Current,0.016282,0.005059,1e-06,0.03006,0.004224,Current,0.994042,0.157171,balance against expected amortisation for term elapsed,none,0.921898,credit score band (-1.05) | share of term elapsed (+0.56) | property type (+0.35),high,3.9e-05,monitor_no_action,All model scores below action thresholds.,True
LN100566,2026-06,Pioneer Mortgage Ops,Current,0.047535,0.01835,1e-06,0.023684,0.744098,Current,0.99058,0.210978,document file incomplete,missing_documentation,0.99737,credit score band (+0.95) | scheduled monthly payment (-0.56) | state (-0.49),high,2.4e-05,raise_exception_for_review,Operational exception is more likely than not; route to the data-quality queue.,True
LN100565,2026-06,Pioneer Mortgage Ops,Current,0.019487,0.004094,1e-06,0.03006,0.003987,Current,0.994712,0.122187,servicer reporting lag,none,0.45508,credit score band (-1.07) | share of term elapsed (+0.52) | unemployment rate (+0.27),high,3e-05,monitor_no_action,All model scores below action thresholds.,True
LN100563,2020-09,Arcadia Capital Servicing,Current,0.001888,0.001422,1e-06,0.999999,0.003538,Current,0.882934,0.0,servicer reporting lag,none,0.367954,credit score band (-1.20) | state (+0.59) | property type (-0.50),high,9e-06,retention_review,Prepayment risk is elevated; refer for retention pricing review.,True
LN100561,2020-10,Belmont Loan Services,Current,0.010808,0.006709,1e-06,0.999999,0.59134,Current,0.884562,0.152506,servicer reporting lag,stale_servicer_reporting,0.998089,loan age (-0.59) | credit score band (+0.58) | property type (-0.54),high,2.4e-05,raise_exception_for_review,Operational exception is more likely than not; route to the data-quality queue.,True
LN100560,2025-06,Pioneer Mortgage Ops,Current,0.006216,0.003265,1e-06,0.03006,0.004122,Current,0.994232,0.080626,balance against expected amortisation for term elapsed,none,0.524761,credit score band (-1.30) | loan age (+0.48) | state (-0.43),high,2.3e-05,monitor_no_action,All model scores below action thresholds.,True
LN100559,2025-10,Belmont Loan Services,Current,0.004762,0.004058,1e-06,0.999999,0.004034,Current,0.930193,0.061183,three-month balance movement,none,0.721719,credit score band (-1.02) | state (-0.73) | note rate (+0.70),high,1.2e-05,retention_review,Prepayment risk is elevated; refer for retention pricing review.,True
LN100555,2020-10,Northgate Servicing,Current,0.002637,0.001599,1e-06,0.999999,0.708862,Current,0.920862,0.503209,document file incomplete,missing_documentation,0.995567,credit score band (-1.08) | market rate delta 12m (-0.50) | state (-0.45),high,9e-06,raise_exception_for_review,Operational exception is more likely than not; route to the data-quality queue.,True
LN100553,2026-04,Northgate Servicing,Current,0.004716,0.002452,1e-06,0.03006,0.847694,Current,0.990068,0.206028,scheduled payment relative to balance,balance_reconciliation_break,0.998306,credit score band (-1.01) | note rate (+0.88) | balance against expected amortisation (-0.41),high,1.9e-05,raise_exception_for_review,Operational exception is more likely than not; route to the data-quality queue.,True
LN101198,2024-04,Northgate Servicing,Current,0.015686,0.020291,1e-06,0.185185,0.004023,Current,0.981301,0.028012,balance against expected amortisation for term elapsed,none,0.442316,scheduled monthly payment (-0.78) | state (-0.50) | original balance (-0.46),high,2.1e-05,monitor_no_action,All model scores below action thresholds.,True
LN101193,2024-10,Kestrel Financial,Current,0.006262,0.00254,1e-06,0.145631,0.748901,Current,0.810302,0.503081,balance required repair,unexpected_balance_movement,0.993244,credit score band (-1.06) | note rate (+0.55) | property type (-0.54),high,2.1e-05,raise_exception_for_review,Operational exception is more likely than not; route to the data-quality queue.,True
LN100582,2021-05,Arcadia Capital Servicing,Current,0.022466,0.014279,1e-06,0.999999,0.004793,Current,0.899902,0.059028,servicer feed record present,none,0.496642,credit score band (-0.92) | state (+0.87) | loan age (+0.63),high,5.7e-05,retention_review,Prepayment risk is elevated; refer for retention pricing review.,True
LN100572,2026-06,Pioneer Mortgage Ops,Current,0.031907,0.013331,1e-06,0.03006,0.004306,Current,0.982622,0.029527,balance against expected amortisation for term elapsed,none,0.963749,state (+0.51) | original balance (-0.37) | share of term elapsed (-0.32),high,1.8e-05,monitor_no_action,All model scores below action thresholds.,True
LN100570,2026-06,Northgate Servicing,Current,0.015583,0.002474,1e-06,0.003945,0.004055,Current,0.995252,0.132704,balance against expected amortisation for term elapsed,none,0.709156,credit score band (-0.91) | state (-0.70) | share of term elapsed (+0.49),high,1.8e-05,monitor_no_action,All model scores below action thresholds.,True
LN100568,2020-10,Arcadia Capital Servicing,Current,0.005006,0.005077,1e-06,0.999999,0.004046,Current,0.880183,0.002867,scheduled payment relative to balance,none,0.450024,credit score band (-0.97) | market rate delta 12m (-0.44) | property type (-0.43),high,7e-06,retention_review,Prepayment risk is elevated; refer for retention pricing review.,True
LN100593,2026-06,Northgate Servicing,Current,0.010238,0.002669,1e-06,0.003945,0.004295,Current,0.99582,0.107076,servicer feed record present,none,0.865504,credit score band (-0.85) | share of term elapsed (+0.51) | scheduled monthly payment (-0.41),high,1.2e-05,monitor_no_action,All model scores below action thresholds.,True
LN100515,2021-05,Northgate Servicing,Current,0.000798,0.000457,1e-06,0.999999,0.055235,Current,0.827166,0.112341,servicer feed record present,none,0.45723,credit score band (-1.03) | state (+0.42) | market rate delta 12m (-0.30),high,9e-06,retention_review,Prepayment risk is elevated; refer for retention pricing review.,True
LN100514,2019-09,Belmont Loan Services,Current,0.006021,0.002998,1e-06,0.999999,0.004456,Current,0.841357,0.030721,balance against expected amortisation for term elapsed,none,0.527677,credit score band (-1.13) | property type (-0.45) | loan age (+0.43),high,2.1e-05,retention_review,Prepayment risk is elevated; refer for retention pricing review.,True
LN100513,2026-06,Northgate Servicing,Current,0.01522,0.003966,1e-06,0.03006,0.004011,Current,0.992328,0.039076,balance against expected amortisation for term elapsed,none,0.592253,credit score band (-1.11) | original balance (-0.31) | state (+0.29),high,1e-05,monitor_no_action,All model scores below action thresholds.,True
LN100509,2026-06,Belmont Loan Services,Current,0.009968,0.005053,1e-06,0.03006,0.816344,Current,0.983839,0.582851,servicer feed days-past-due gap,invalid_date_relationship,0.996812,credit score band (-1.10) | credit score band (-0.47) | loan purpose (-0.36),high,5e-06,raise_exception_for_review,Operational exception is more likely than not; route to the data-quality queue.,True
LN100506,2026-06,Northgate Servicing,Current,0.00661,0.007066,1e-06,0.03006,0.749011,Current,0.985626,0.312024,document file incomplete,missing_documentation,0.998994,credit score band (-1.01) | note rate (+0.56) | credit score band (-0.31),high,2e-05,raise_exception_for_review,Operational exception is more likely than not; route to the data-quality queue.,True
LN101220,2024-03,Arcadia Capital Servicing,Current,0.002499,0.00098,1e-06,0.806847,0.003952,Current,0.956787,0.0,three-month balance movement,none,0.460205,credit score band (-1.08) | refinance incentive (note rate less market rate) (+0.48) | credit score band (-0.38),high,3.7e-05,retention_review,Prepayment risk is elevated; refer for retention pricing review.,True
LN101217,2024-05,Northgate Servicing,Current,0.003305,0.004117,1e-06,0.145631,0.003957,Current,0.959198,0.015828,balance against expected amortisation for term elapsed,none,0.823388,credit score band (-1.21) | market mortgage rate (+0.42) | credit score band (-0.39),high,1.2e-05,monitor_no_action,All model scores below action thresholds.,True
LN101213,2020-11,Belmont Loan Services,Current,0.001568,0.001616,1e-06,0.999999,0.00424,Current,0.91704,0.068633,servicer feed record present,none,0.751983,credit score band (-1.00) | state (+0.68) | loan age (-0.48),high,1.2e-05,retention_review,Prepayment risk is elevated; refer for retention pricing review.,True
LN100535,2022-05,Belmont Loan Services,Current,0.002331,0.000983,1e-06,0.999999,0.004414,Current,0.955828,0.155382,servicer feed record present,none,0.702622,credit score band (-1.11) | scheduled monthly payment (-0.64) | state (+0.46),high,1.2e-05,retention_review,Prepayment risk is elevated; refer for retention pricing review.,True
LN100533,2020-08,Belmont Loan Services,Current,0.023796,0.013889,1e-06,0.999999,0.004164,Current,0.931741,0.5144,three-month balance movement,none,0.649676,credit score band (-1.40) | loan age (+0.63) | debt-to-income band (-0.40),high,2.2e-05,retention_review,Prepayment risk is elevated; refer for retention pricing review.,True
LN100529,2021-09,Northgate Servicing,Current,0.007017,0.002464,1e-06,0.999999,0.004083,Current,0.946723,0.02532,balance against expected amortisation for term elapsed,none,0.819066,credit score band (-1.06) | state (+0.42) | share of term elapsed (-0.33),high,3.4e-05,retention_review,Prepayment risk is elevated; refer for retention pricing review.,True
LN100528,2026-06,Northgate Servicing,Current,0.017839,0.006234,1e-06,0.03006,0.003988,Current,0.995782,0.095859,balance against expected amortisation for term elapsed,none,0.823807,credit score band (-1.01) | share of term elapsed (+0.35) | credit score band (-0.34),high,2.6e-05,monitor_no_action,All model scores below action thresholds.,True
LN100527,2021-10,Kestrel Financial,Current,0.036441,0.009122,1e-06,0.999999,0.005024,Current,0.935482,0.049984,servicer feed record present,none,0.270801,credit score band (+1.17) | debt-to-income band (-0.36) | loan-to-value band (-0.34),high,0.0001,retention_review,Prepayment risk is elevated; refer for retention pricing review.,True
LN100524,2026-06,Belmont Loan Services,Current,0.00583,0.002297,1e-06,0.934783,0.845988,Current,0.967083,0.233553,servicer feed balance gap,balance_reconciliation_break,0.99869,credit score band (-1.21) | property type (-0.62) | note rate (+0.58),high,5e-05,raise_exception_for_review,Operational exception is more likely than not; route to the data-quality queue.,True
LN100520,2026-06,Pioneer Mortgage Ops,Current,0.014485,0.013516,1e-06,0.03006,0.004941,Current,0.990947,0.183048,count of missing credit fields,none,0.540268,credit score band (-1.08) | loan age (+0.60) | scheduled monthly payment (-0.54),high,1.8e-05,monitor_no_action,All model scores below action thresholds.,True
LN100538,2022-03,Belmont Loan Services,Current,0.008021,0.004164,1e-06,0.999999,0.004336,Current,0.959209,0.282826,three-month balance movement,none,0.732104,credit score band (-1.13) | remaining term months (-0.26) | balance against expected amortisation (-0.25),high,1.2e-05,retention_review,Prepayment risk is elevated; refer for retention pricing review.,True
LN100456,2021-07,Belmont Loan Services,Current,0.006901,0.008677,1e-06,0.999999,0.004052,Current,0.92888,0.005092,scheduled payment relative to balance,none,0.818932,credit score band (-1.26) | loan purpose (-0.38) | credit score band (-0.38),high,8e-06,retention_review,Prepayment risk is elevated; refer for retention pricing review.,True
LN100487,2024-08,Belmont Loan Services,Current,0.008979,0.016962,1e-06,0.03006,0.003945,Current,0.974807,0.081714,scheduled payment relative to balance,none,0.359624,credit score band (-1.21) | note rate (+0.56) | debt-to-income band (-0.43),high,3.1e-05,monitor_no_action,All model scores below action thresholds.,True
LN100484,2020-05,Arcadia Capital Servicing,Current,0.005727,0.005083,1e-06,0.999999,0.004406,Current,0.738653,0.090672,balance against expected amortisation for term elapsed,none,0.807452,credit score band (-1.23) | loan age (+0.37) | debt-to-income band (-0.27),high,1.5e-05,retention_review,Prepayment risk is elevated; refer for retention pricing review.,True
LN100476,2019-02,Northgate Servicing,Current,0.002189,0.001276,1e-06,0.999999,0.004574,Current,0.73682,0.106267,balance against expected amortisation for term elapsed,none,0.681092,credit score band (-0.92) | current balance (-0.47) | state (-0.40),high,1.1e-05,retention_review,Prepayment risk is elevated; refer for retention pricing review.,True
LN100473,2019-09,Belmont Loan Services,Current,0.002509,0.001288,1e-06,0.999999,0.00452,Current,0.806974,0.014489,balance against expected amortisation for term elapsed,none,0.816105,credit score band (-1.25) | state (-0.46) | debt-to-income band (-0.38),high,9e-06,retention_review,Prepayment risk is elevated; refer for retention pricing review.,True
LN101239,2026-06,Kestrel Financial,Current,0.016514,0.006932,1e-06,0.03006,0.006406,Current,0.990849,0.228258,count of missing credit fields,none,0.715714,credit score band (-0.95) | scheduled monthly payment (-0.38) | state (-0.35),high,1e-05,monitor_no_action,All model scores below action thresholds.,True
LN101237,2026-06,Pioneer Mortgage Ops,Current,0.012996,0.006192,1e-06,0.023684,0.849475,Current,0.994488,0.185527,balance against expected amortisation for term elapsed,balance_reconciliation_break,0.997583,credit score band (-1.01) | share of term elapsed (+0.45) | credit score band (-0.35),high,9e-06,raise_exception_for_review,Operational exception is more likely than not; route to the data-quality queue.,True
LN101236,2025-12,Arcadia Capital Servicing,Current,0.00813,0.003288,1e-06,0.03006,0.004357,Current,0.99323,0.053748,servicer feed record present,none,0.793991,credit score band (-1.05) | scheduled monthly payment (-0.59) | loan purpose (-0.53),high,4e-06,monitor_no_action,All model scores below action thresholds.,True
LN101227,2026-01,Arcadia Capital Servicing,Current,0.010255,0.002913,1e-06,0.145631,0.003223,Current,0.983811,0.045792,balance against expected amortisation for term elapsed,none,0.351126,credit score band (-1.17) | state (+0.42) | market rate delta 12m (-0.33),high,2.1e-05,monitor_no_action,All model scores below action thresholds.,True
LN100499,2026-06,Pioneer Mortgage Ops,Current,0.003328,0.00288,1e-06,0.222222,0.004457,Current,0.974015,0.236198,scheduled payment relative to balance,none,0.81086,credit score band (-1.31) | property type (-0.46) | note rate (+0.42),high,1.6e-05,monitor_no_action,All model scores below action thresholds.,True
LN100496,2025-05,Arcadia Capital Servicing,Current,0.004584,0.006268,1e-06,0.235294,0.004012,Current,0.988128,0.075262,scheduled payment relative to balance,none,0.727415,credit score band (-1.09) | note rate (+0.70) | state (-0.45),high,3.3e-05,monitor_no_action,All model scores below action thresholds.,True
LN100495,2026-06,Belmont Loan Services,Current,0.008265,0.00444,1e-06,0.03006,0.004295,Current,0.99225,0.053573,servicer feed record present,none,0.849968,credit score band (-0.97) | scheduled monthly payment (-0.54) | original balance (-0.47),high,2.6e-05,monitor_no_action,All model scores below action thresholds.,True
LN100494,2026-06,Northgate Servicing,Current,0.010906,0.00872,1e-06,0.03006,0.004055,Current,0.982857,0.078019,balance against expected amortisation for term elapsed,none,0.468526,scheduled monthly payment (-0.73) | loan age (+0.63) | loan purpose (-0.52),high,2.5e-05,monitor_no_action,All model scores below action thresholds.,True
LN100493,2020-06,Pioneer Mortgage Ops,Current,0.004121,0.002296,1e-06,0.999999,0.004752,Current,0.944327,0.380286,servicer feed days-past-due gap,none,0.722835,loan purpose (-0.38) | unemployment rate (+0.36) | ltv band (+0.31),high,1.6e-05,retention_review,Prepayment risk is elevated; refer for retention pricing review.,True
LN100519,2019-03,Northgate Servicing,Current,0.002682,0.00247,1e-06,0.999999,0.004782,Current,0.898255,0.055475,servicer feed record present,none,0.442781,property type (-0.50) | debt-to-income band (-0.34) | current balance (+0.28),high,4.5e-05,retention_review,Prepayment risk is elevated; refer for retention pricing review.,True
LN100517,2020-05,Northgate Servicing,Current,0.007656,0.006986,1e-06,0.999999,0.004138,Current,0.784774,0.020577,balance against expected amortisation for term elapsed,none,0.529332,credit score band (-1.13) | state (-0.96) | property type (+0.45),high,7e-06,retention_review,Prepayment risk is elevated; refer for retention pricing review.,True
LN100426,2021-12,Arcadia Capital Servicing,Current,0.017782,0.011548,1e-06,0.999999,0.847788,Current,0.941094,0.256217,servicer feed balance gap,balance_reconciliation_break,0.998935,current balance (-0.55) | loan purpose (-0.49) | balance against expected amortisation (-0.43),high,4.1e-05,raise_exception_for_review,Operational exception is more likely than not; route to the data-quality queue.,True
LN100452,2025-10,Arcadia Capital Servicing,Current,0.004761,0.005418,1e-06,0.060606,0.004366,Current,0.990709,0.099705,servicer feed record present,none,0.873389,credit score band (-0.92) | loan age (+0.47) | market rate delta 12m (-0.42),high,1.1e-05,monitor_no_action,All model scores below action thresholds.,True
LN100449,2024-03,Pioneer Mortgage Ops,Current,0.002312,0.003187,1e-06,0.222222,0.003567,Current,0.975336,0.066679,scheduled payment relative to balance,none,0.404346,credit score band (-1.20) | market mortgage rate (+0.45) | current balance (-0.45),high,2.2e-05,monitor_no_action,All model scores below action thresholds.,True
LN100443,2025-07,Belmont Loan Services,Current,0.025728,0.030468,1e-06,0.145631,0.059189,Current,0.977744,0.271357,three-month balance movement,none,0.400535,credit score band (-1.14) | market rate delta 12m (-0.45) | note rate (+0.39),high,1.1e-05,monitor_no_action,All model scores below action thresholds.,True
LN101251,2026-06,Kestrel Financial,Current,0.010324,0.008842,1e-06,0.03352,0.004211,Current,0.98664,0.113537,servicer feed record present,none,0.842542,credit score band (-0.85) | loan age (+0.42) | loan purpose (-0.30),high,1.6e-05,monitor_no_action,All model scores below action thresholds.,True
LN101250,2026-06,Pioneer Mortgage Ops,Current,0.010885,0.003837,1e-06,0.145631,0.004961,Current,0.978663,0.044762,three-month balance movement,none,0.3195,credit score band (-0.88) | scheduled monthly payment (+0.84) | property type (-0.54),high,1.4e-05,monitor_no_action,All model scores below action thresholds.,True
LN100471,2020-04,Pioneer Mortgage Ops,Current,0.00385,0.001934,1e-06,0.999999,0.004148,Current,0.927002,0.000943,servicer reporting lag,none,0.575629,credit score band (-1.22) | scheduled monthly payment (-0.54) | debt-to-income band (-0.43),high,1e-05,retention_review,Prepayment risk is elevated; refer for retention pricing review.,True
LN100469,2026-06,Northgate Servicing,Current,0.071357,0.044023,1e-06,0.03006,0.00412,Current,0.981864,0.222798,three-month balance movement,none,0.939582,credit score band (-1.05) | state (-0.62) | share of term elapsed (+0.56),high,7e-06,monitor_no_action,All model scores below action thresholds.,True
LN100468,2026-06,Pioneer Mortgage Ops,Current,0.018236,0.006494,1e-06,0.010363,0.757583,Current,0.993294,0.2161,document file incomplete,missing_documentation,0.996713,credit score band (-1.10) | share of term elapsed (+0.56) | credit score band (-0.46),high,9e-06,raise_exception_for_review,Operational exception is more likely than not; route to the data-quality queue.,True
LN100466,2021-03,Northgate Servicing,Current,0.006922,0.002279,1e-06,0.999999,0.004426,Current,0.93296,0.002757,servicer reporting lag,none,0.548186,market rate delta 12m (-0.39) | servicer (-0.37) | loan age (+0.31),high,7.4e-05,retention_review,Prepayment risk is elevated; refer for retention pricing review.,True
LN100465,2021-02,Arcadia Capital Servicing,Current,0.005332,0.003227,1e-06,0.999999,0.758413,Current,0.962764,0.179549,document file incomplete,missing_documentation,0.999025,credit score band (-1.02) | loan age (+0.71) | market rate delta 12m (-0.54),high,9e-06,raise_exception_for_review,Operational exception is more likely than not; route to the data-quality queue.,True
LN100464,2019-02,Northgate Servicing,Current,0.011899,0.009479,1e-06,0.999999,0.004689,Current,0.572101,0.112145,balance against expected amortisation for term elapsed,none,0.617595,credit score band (-1.05) | property type (-0.43) | debt-to-income band (-0.25),high,4e-05,retention_review,Prepayment risk is elevated; refer for retention pricing review.,True
LN100462,2026-06,Northgate Servicing,Current,0.012638,0.002486,1e-06,0.03006,0.004371,Current,0.9965,0.085663,servicer feed record present,none,0.750408,credit score band (-0.99) | share of term elapsed (+0.64) | scheduled monthly payment (-0.40),high,3.3e-05,monitor_no_action,All model scores below action thresholds.,True
LN100460,2020-03,Pioneer Mortgage Ops,Current,0.047224,0.043656,1e-06,0.999999,0.004313,Current,0.890252,0.159047,three-month balance movement,none,0.692728,credit score band (-1.26) | property type (-0.42) | original balance (-0.26),high,3e-06,retention_review,Prepayment risk is elevated; refer for retention pricing review.,True
LN100459,2019-06,Belmont Loan Services,Current,0.00743,0.006371,1e-06,0.999999,0.005258,Current,0.822546,0.071076,servicer feed record present,none,0.66647,credit score band (-0.89) | property type (-0.50) | balance change 1m (+0.45),high,1.6e-05,retention_review,Prepayment risk is elevated; refer for retention pricing review.,True
LN100457,2019-01,Pioneer Mortgage Ops,Current,0.010012,0.003064,1e-06,0.999999,0.079143,Current,0.924479,0.055238,servicer feed record present,none,0.316694,credit score band (-0.90) | loan age (-0.52) | original balance (-0.35),high,9e-06,retention_review,Prepayment risk is elevated; refer for retention pricing review.,True
LN100405,2020-11,Northgate Servicing,Current,0.000771,0.000343,1e-06,0.999999,0.00424,Current,0.882186,0.074287,servicer feed record present,none,0.763529,credit score band (-1.04) | market rate delta 12m (-0.34) | loan age (-0.31),high,4e-06,retention_review,Prepayment risk is elevated; refer for retention pricing review.,True
LN100403,2025-05,Arcadia Capital Servicing,Current,0.006324,0.006764,1e-06,0.03006,0.537785,Current,0.989558,0.364235,servicer reporting lag,stale_servicer_reporting,0.995337,credit score band (-1.29) | note rate (+0.82) | state (-0.58),high,1.5e-05,raise_exception_for_review,Operational exception is more likely than not; route to the data-quality queue.,True
LN100422,2022-01,Belmont Loan Services,Current,0.011839,0.009372,1e-06,0.999999,0.003837,Current,0.908527,0.102114,three-month balance movement,none,0.365601,credit score band (-1.10) | scheduled monthly payment (+0.60) | credit score band (-0.45),high,2.8e-05,retention_review,Prepayment risk is elevated; refer for retention pricing review.,True
LN100417,2024-06,Pioneer Mortgage Ops,Current,0.003497,0.003414,1e-06,0.03352,0.00432,Current,0.94703,0.110949,servicer feed record present,none,0.599532,credit score band (-0.93) | note rate (+0.67) | loan age (-0.48),high,1.1e-05,monitor_no_action,All model scores below action thresholds.,True
LN100414,2026-06,Pioneer Mortgage Ops,Current,0.005381,0.005924,1e-06,0.458333,0.880575,Current,0.971411,0.584944,loan age required repair,invalid_date_relationship,0.999606,credit score band (-1.09) | state (-0.72) | note rate (+0.58),high,1.6e-05,raise_exception_for_review,Operational exception is more likely than not; route to the data-quality queue.,True
LN100411,2026-06,Belmont Loan Services,Current,0.009385,0.002203,1e-06,0.010363,0.003988,Current,0.994975,0.039159,month-over-month balance movement,none,0.746251,credit score band (-1.19) | share of term elapsed (+0.60) | property type (-0.31),high,1.6e-05,monitor_no_action,All model scores below action thresholds.,True
LN100408,2021-02,Pioneer Mortgage Ops,Current,0.002473,0.001901,1e-06,0.999999,0.004845,Current,0.806821,0.178615,three-month balance movement,none,0.40807,credit score band (-1.08) | state (+0.61) | market rate delta 12m (-0.46),high,2.4e-05,retention_review,Prepayment risk is elevated; refer for retention pricing review.,True
LN101265,2021-09,Belmont Loan Services,Current,0.005,0.004525,1e-06,0.999999,0.004083,Current,0.75427,0.00464,servicer reporting lag,none,0.552182,credit score band (-1.23) | property type (-0.43) | loan purpose (-0.31),high,1e-05,retention_review,Prepayment risk is elevated; refer for retention pricing review.,True
LN101261,2019-07,Kestrel Financial,Current,0.004975,0.005042,1e-06,0.999999,0.004574,Current,0.711778,0.102421,month-over-month balance movement,none,0.766283,credit score band (-1.26) | loan purpose (-0.36) | state (+0.29),high,2.9e-05,retention_review,Prepayment risk is elevated; refer for retention pricing review.,True
LN101259,2020-03,Belmont Loan Services,Current,0.004451,0.001987,1e-06,0.999999,0.004373,Current,0.885265,0.053892,servicer feed record present,none,0.909812,state (-1.25) | credit score band (-1.16) | debt-to-income band (-0.40),high,2e-06,retention_review,Prepayment risk is elevated; refer for retention pricing review.,True
LN101256,2026-06,Northgate Servicing,Current,0.039201,0.004061,1e-06,0.03006,0.003988,Current,0.98397,0.031866,balance against expected amortisation for term elapsed,none,0.520856,credit score band (-1.19) | state (+0.40) | credit score band (-0.36),high,2.4e-05,monitor_no_action,All model scores below action thresholds.,True
LN100439,2026-06,Northgate Servicing,Current,0.010684,0.008466,1e-06,0.03352,0.849475,Current,0.983622,0.225411,servicer feed balance gap,balance_reconciliation_break,0.997744,credit score band (-1.12) | loan purpose (-0.45) | credit score band (-0.39),high,8e-06,raise_exception_for_review,Operational exception is more likely than not; route to the data-quality queue.,True
LN100437,2020-06,Belmont Loan Services,Current,0.008209,0.008108,1e-06,0.999999,0.004596,Current,0.862083,0.072246,servicer feed record present,none,0.612084,credit score band (-1.17) | scheduled monthly payment (-0.48) | loan age (+0.37),high,6e-06,retention_review,Prepayment risk is elevated; refer for retention pricing review.,True
LN100436,2025-04,Northgate Servicing,Current,0.015802,0.019084,1e-06,0.4375,0.004431,Current,0.827854,0.092188,servicer feed record present,none,0.543138,credit score band (-1.23) | note rate (+0.55) | scheduled payment relative to balance (+0.33),high,7e-05,monitor_no_action,All model scores below action thresholds.,True
LN100435,2026-06,Pioneer Mortgage Ops,Current,0.013869,0.00935,1e-06,0.023684,0.004011,Current,0.996038,0.036289,month-over-month balance movement,none,0.574186,share of term elapsed (+0.48) | loan purpose (+0.38) | original balance (-0.29),high,5.5e-05,monitor_no_action,All model scores below action thresholds.,True
LN100432,2026-06,Northgate Servicing,Current,0.003509,0.001004,1e-06,0.222222,0.75123,Current,0.974654,0.457354,document file incomplete,missing_documentation,0.995099,credit score band (-1.08) | note rate (+0.51) | debt-to-income band (-0.31),high,4.5e-05,raise_exception_for_review,Operational exception is more likely than not; route to the data-quality queue.,True
LN100390,2026-06,Northgate Servicing,Current,0.01872,0.003706,1e-06,0.023684,0.0569,Current,0.993618,0.150775,balance against expected amortisation for term elapsed,none,0.558605,credit score band (-1.10) | share of term elapsed (+0.44) | state (-0.39),high,9e-06,monitor_no_action,All model scores below action thresholds.,True
LN100389,2026-06,Northgate Servicing,Current,0.010805,0.008415,1e-06,0.222222,0.759426,Current,0.98119,0.206468,document file incomplete,missing_documentation,0.999239,credit score band (-1.03) | note rate (+0.50) | credit score band (-0.39),high,2.2e-05,raise_exception_for_review,Operational exception is more likely than not; route to the data-quality queue.,True
LN100384,2026-06,Northgate Servicing,Current,0.048432,0.016948,1e-06,0.03006,0.747114,Current,0.976964,0.267705,document file incomplete,missing_documentation,0.99618,state (-0.46) | scheduled monthly payment (+0.37) | loan purpose (-0.31),high,1.8e-05,raise_exception_for_review,Operational exception is more likely than not; route to the data-quality queue.,True
LN100383,2020-02,Arcadia Capital Servicing,Current,0.007642,0.008451,1e-06,0.999999,0.851149,Current,0.740312,0.184447,servicer feed balance gap,balance_reconciliation_break,0.997938,credit score band (-0.98) | state (-0.93) | property type (-0.33),high,2e-06,raise_exception_for_review,Operational exception is more likely than not; route to the data-quality queue.,True
LN100382,2025-07,Arcadia Capital Servicing,Current,0.010437,0.009844,1e-06,0.999999,0.004483,Current,0.971208,0.165003,scheduled payment relative to balance,none,0.380536,credit score band (-1.13) | note rate (+0.47) | current balance (-0.41),high,1.4e-05,retention_review,Prepayment risk is elevated; refer for retention pricing review.,True
LN100381,2026-06,Belmont Loan Services,Current,0.01499,0.015231,1e-06,0.003945,0.003988,Current,0.987859,0.02727,balance against expected amortisation for term elapsed,none,0.94725,credit score band (-1.53) | credit score band (-0.43) | loan age (+0.38),high,1.3e-05,monitor_no_action,All model scores below action thresholds.,True
LN100380,2021-03,Belmont Loan Services,Current,0.004588,0.001859,1e-06,0.999999,0.004814,Current,0.926151,0.083686,count of missing credit fields,none,0.540069,credit score band (-1.06) | market rate delta 12m (-0.56) | debt-to-income band (+0.44),high,1.1e-05,retention_review,Prepayment risk is elevated; refer for retention pricing review.,True
LN100378,2026-06,Belmont Loan Services,Current,0.024467,0.008419,1e-06,0.023684,0.851149,Current,0.991459,0.388734,servicer feed balance gap,balance_reconciliation_break,0.998514,credit score band (-1.14) | state (-0.45) | credit score band (-0.40),high,2.9e-05,raise_exception_for_review,Operational exception is more likely than not; route to the data-quality queue.,True
LN101287,2022-11,Belmont Loan Services,Current,0.002093,0.002712,1e-06,0.999999,0.003837,Current,0.942802,0.028679,scheduled payment relative to balance,none,0.272295,credit score band (-0.89) | state (-0.49) | scheduled monthly payment (+0.44),high,1.6e-05,retention_review,Prepayment risk is elevated; refer for retention pricing review.,True
LN101284,2026-06,Northgate Servicing,Current,0.014254,0.015383,1e-06,0.458333,0.004195,Current,0.974108,0.111202,servicer feed record present,none,0.395902,credit score band (-0.82) | note rate (+0.64) | loan purpose (-0.51),high,1.1e-05,retention_review,Prepayment risk is elevated; refer for retention pricing review.,True
LN101280,2019-09,Northgate Servicing,Current,0.017561,0.029687,1e-06,0.999999,0.824185,Current,0.780868,0.11301,servicer reporting lag,invalid_date_relationship,0.998697,credit score band (-1.15) | state (+0.51) | scheduled payment relative to balance (+0.46),high,1e-05,raise_exception_for_review,Operational exception is more likely than not; route to the data-quality queue.,True
LN101278,2020-12,Belmont Loan Services,Current,0.003521,0.002401,1e-06,0.999999,0.590398,Current,0.883378,0.128441,servicer reporting lag,stale_servicer_reporting,0.999202,credit score band (-1.21) | market rate delta 12m (-0.55) | state (+0.32),high,8e-06,raise_exception_for_review,Operational exception is more likely than not; route to the data-quality queue.,True
LN101277,2019-01,Northgate Servicing,Current,0.005423,0.003561,1e-06,0.999999,0.748152,Current,0.845328,0.236458,document file incomplete,missing_documentation,0.997986,state (-0.97) | credit score band (-0.78) | scheduled monthly payment (-0.52),high,1.8e-05,raise_exception_for_review,Operational exception is more likely than not; route to the data-quality queue.,True
LN101274,2023-08,Arcadia Capital Servicing,Current,0.006962,0.004894,1e-06,0.999999,0.003865,Current,0.960312,0.047818,three-month balance movement,none,0.350433,credit score band (-0.90) | current balance (-0.72) | market mortgage rate (+0.34),high,1.2e-05,retention_review,Prepayment risk is elevated; refer for retention pricing review.,True
LN101273,2019-06,Kestrel Financial,Current,0.0083,0.006334,1e-06,0.999999,0.745915,Current,0.748193,0.467703,document file incomplete,missing_documentation,0.998184,state (-1.14) | credit score band (-0.93) | balance change 1m (+0.46),high,2.2e-05,raise_exception_for_review,Operational exception is more likely than not; route to the data-quality queue.,True
LN101272,2020-10,Northgate Servicing,Current,0.004824,0.002461,1e-06,0.999999,0.004972,Current,0.911943,0.354775,servicer feed days-past-due gap,none,0.435311,scheduled monthly payment (-0.67) | loan age (-0.55) | state (-0.37),high,2.3e-05,retention_review,Prepayment risk is elevated; refer for retention pricing review.,True
LN100352,2022-12,Pioneer Mortgage Ops,Current,0.003406,0.001144,1e-06,0.999999,0.003901,Current,0.965015,0.075596,month-over-month balance movement,none,0.858109,loan age (-0.52) | credit score band (+0.51) | scheduled monthly payment (-0.41),high,1.5e-05,retention_review,Prepayment risk is elevated; refer for retention pricing review.,True
LN100348,2025-08,Belmont Loan Services,Current,0.00671,0.00387,1e-06,0.458333,0.004064,Current,0.977619,0.028488,scheduled payment relative to balance,none,0.59126,credit score band (-1.08) | note rate (+0.48) | market rate delta 12m (-0.36),high,3.4e-05,retention_review,Prepayment risk is elevated; refer for retention pricing review.,True
LN100347,2026-04,Arcadia Capital Servicing,Current,0.01799,0.039841,1e-06,0.03006,0.004281,Current,0.993534,0.114467,servicer feed record present,none,0.627271,credit score band (-1.17) | loan age (+0.61) | credit score band (-0.44),high,7e-06,monitor_no_action,All model scores below action thresholds.,True
LN100375,2022-04,Northgate Servicing,Current,0.004418,0.001325,1e-06,0.999999,0.003808,Current,0.89694,0.011561,scheduled payment relative to balance,none,0.95076,state (-0.59) | debt-to-income band (+0.57) | credit score band (+0.56),high,5.3e-05,retention_review,Prepayment risk is elevated; refer for retention pricing review.,True
LN100371,2020-02,Northgate Servicing,Current,0.005149,0.005189,1e-06,0.999999,0.003363,Current,0.763976,0.014437,balance against expected amortisation for term elapsed,none,0.362814,state (-1.30) | credit score band (+0.32) | debt-to-income band (-0.31),high,3.9e-05,retention_review,Prepayment risk is elevated; refer for retention pricing review.,True
LN100364,2023-12,Northgate Servicing,Current,0.013973,0.005712,1e-06,0.934783,0.003616,Current,0.963819,0.186675,three-month balance movement,none,0.53784,credit score band (-1.28) | debt-to-income band (+0.50) | loan purpose (-0.44),high,2.1e-05,retention_review,Prepayment risk is elevated; refer for retention pricing review.,True
LN100361,2026-06,Northgate Servicing,Current,0.04584,0.053621,1e-06,0.023684,0.004123,Current,0.984484,0.661218,three-month balance movement,none,0.607189,credit score band (-1.28) | debt-to-income band (+0.51) | share of term elapsed (+0.38),high,1.9e-05,monitor_no_action,All model scores below action thresholds.,True
LN101303,2025-01,Arcadia Capital Servicing,Current,0.00723,0.004991,1e-06,0.03352,0.004243,Current,0.89708,0.058092,servicer feed record present,none,0.49679,credit score band (-1.05) | property type (-0.52) | note rate (+0.41),high,4.9e-05,monitor_no_action,All model scores below action thresholds.,True
LN101302,2026-06,Northgate Servicing,Current,0.004525,0.001709,1e-06,0.03352,0.004195,Current,0.988902,0.099327,servicer feed record present,none,0.67944,credit score band (-1.09) | note rate (+0.46) | state (-0.44),high,1.3e-05,monitor_no_action,All model scores below action thresholds.,True
LN101301,2020-07,Belmont Loan Services,Current,0.039909,0.037885,1e-06,0.999999,0.004298,Current,0.820144,0.0,three-month balance movement,none,0.413988,credit score band (-1.12) | market rate delta 12m (-0.41) | current balance (-0.39),high,1.2e-05,retention_review,Prepayment risk is elevated; refer for retention pricing review.,True
LN101300,2020-06,Pioneer Mortgage Ops,Current,0.014997,0.007896,1e-06,0.999999,0.748455,Current,0.913889,0.235827,document file incomplete,missing_documentation,0.99793,scheduled monthly payment (-0.60) | credit score band (+0.59) | original balance (-0.42),high,7.2e-05,raise_exception_for_review,Operational exception is more likely than not; route to the data-quality queue.,True
LN101297,2025-07,Belmont Loan Services,Current,0.006102,0.001266,1e-06,0.222222,0.004034,Current,0.981918,0.036745,servicer reporting lag,none,0.245436,credit score band (-0.96) | unemployment rate (+0.38) | balance change 1m (+0.38),high,4.4e-05,monitor_no_action,All model scores below action thresholds.,True
LN101294,2026-06,Northgate Servicing,Current,0.008147,0.011909,1e-06,0.12069,0.004378,Current,0.989741,0.071698,balance against expected amortisation for term elapsed,none,0.726285,credit score band (-1.38) | state (+0.73) | loan age (+0.64),high,2.5e-05,monitor_no_action,All model scores below action thresholds.,True
LN101290,2020-04,Arcadia Capital Servicing,Current,0.015321,0.005908,1e-06,0.999999,0.004082,Current,0.871517,0.152481,month-over-month balance movement,none,0.587256,loan purpose (-0.57) | balance against expected amortisation (-0.41) | original balance (-0.41),high,1.7e-05,retention_review,Prepayment risk is elevated; refer for retention pricing review.,True
LN101289,2020-02,Belmont Loan Services,Current,0.03161,0.042932,1e-06,0.999999,0.00499,Current,0.810312,0.05906,servicer feed record present,none,0.387333,state (-1.34) | current balance (-0.59) | credit score band (+0.33),high,2.1e-05,retention_review,Prepayment risk is elevated; refer for retention pricing review.,True
LN101288,2024-10,Northgate Servicing,Current,0.006554,0.003287,1e-06,0.03352,0.003964,Current,0.964859,0.099408,count of missing credit fields,none,0.43397,credit score band (-1.27) | state (-0.47) | refinance incentive (note rate less market rate) (+0.40),high,2e-05,monitor_no_action,All model scores below action thresholds.,True
LN101324,2020-06,Arcadia Capital Servicing,Current,0.004831,0.00291,1e-06,0.999999,0.711905,Current,0.789802,0.406836,document file incomplete,missing_documentation,0.998398,credit score band (-1.30) | market rate delta 12m (-0.44) | original balance (-0.30),high,1.4e-05,raise_exception_for_review,Operational exception is more likely than not; route to the data-quality queue.,True
LN101322,2026-06,Northgate Servicing,Current,0.005878,0.003529,1e-06,0.145631,0.004055,Current,0.982088,0.275325,record arrived by manual upload,none,0.694961,credit score band (-1.11) | note rate (+0.74) | loan purpose (-0.53),high,1.4e-05,monitor_no_action,All model scores below action thresholds.,True
LN101321,2025-04,Northgate Servicing,Current,0.004798,0.001855,1e-06,0.934783,0.00425,Current,0.899766,0.160004,count of missing credit fields,none,0.729716,credit score band (-1.22) | note rate (+0.46) | balance change 1m (+0.42),high,2.2e-05,retention_review,Prepayment risk is elevated; refer for retention pricing review.,True
LN100327,2020-05,Northgate Servicing,Current,0.006398,0.007478,1e-06,0.999999,0.004643,Current,0.89275,0.048989,servicer feed record present,none,0.514812,state (-0.86) | unemployment rate (+0.36) | servicer (-0.36),high,1.8e-05,retention_review,Prepayment risk is elevated; refer for retention pricing review.,True
LN100326,2021-08,Northgate Servicing,Current,0.001198,0.001791,1e-06,0.999999,0.828871,Current,0.916519,0.347594,servicer feed balance gap,balance_reconciliation_break,0.998326,credit score band (-0.85) | state (+0.57) | loan age (-0.42),high,2.1e-05,raise_exception_for_review,Operational exception is more likely than not; route to the data-quality queue.,True
LN100325,2019-05,Arcadia Capital Servicing,Current,0.010535,0.007298,1e-06,0.999999,0.004991,Current,0.934977,0.011872,balance against expected amortisation for term elapsed,none,0.875942,credit score band (-1.11) | state (+0.63) | debt-to-income band (-0.49),high,2.2e-05,retention_review,Prepayment risk is elevated; refer for retention pricing review.,True
LN100318,2019-01,Pioneer Mortgage Ops,Current,0.006747,0.00369,1e-06,0.999999,0.567271,Current,0.807797,0.117298,servicer reporting lag,stale_servicer_reporting,0.993671,credit score band (-0.88) | state (-0.56) | debt-to-income band (-0.36),high,2.6e-05,raise_exception_for_review,Operational exception is more likely than not; route to the data-quality queue.,True
LN100316,2026-06,Belmont Loan Services,Current,0.003996,0.004942,1e-06,0.222222,0.004027,Current,0.976539,0.055993,three-month balance movement,none,0.636307,credit score band (-1.03) | note rate (+0.60) | balance change 1m (+0.47),high,2.3e-05,monitor_no_action,All model scores below action thresholds.,True
LN100313,2025-07,Pioneer Mortgage Ops,Current,0.006343,0.002922,1e-06,0.03006,0.660725,Current,0.988741,0.215168,servicer reporting lag,stale_servicer_reporting,0.997966,credit score band (-0.97) | loan purpose (-0.42) | market rate delta 12m (-0.40),high,5e-06,raise_exception_for_review,Operational exception is more likely than not; route to the data-quality queue.,True
LN101318,2021-09,Northgate Servicing,Current,0.002398,0.004152,1e-06,0.999999,0.004161,Current,0.890163,0.247646,three-month balance movement,none,0.833975,credit score band (-1.12) | loan purpose (-0.40) | loan-to-value band (-0.29),high,6e-06,retention_review,Prepayment risk is elevated; refer for retention pricing review.,True
LN101317,2026-06,Northgate Servicing,Current,0.009748,0.003516,1e-06,0.03006,0.00732,Current,0.995326,0.096442,count of missing credit fields,none,0.347792,credit score band (-0.90) | share of term elapsed (+0.71) | state (-0.57),high,1.4e-05,monitor_no_action,All model scores below action thresholds.,True
LN101316,2019-02,Northgate Servicing,Current,0.028089,0.01886,1e-06,0.999999,0.056033,Current,0.846957,0.057127,servicer feed record present,none,0.275182,credit score band (-0.90) | balance change 1m (+0.38) | credit score band (-0.35),high,3.1e-05,retention_review,Prepayment risk is elevated; refer for retention pricing review.,True
LN101315,2026-06,Northgate Servicing,Current,0.003861,0.003139,1e-06,0.060606,0.004683,Current,0.992355,0.118683,servicer feed record present,none,0.813534,credit score band (-1.19) | state (+0.55) | loan age (+0.46),high,1.5e-05,monitor_no_action,All model scores below action thresholds.,True
LN100331,2025-12,Belmont Loan Services,Current,0.010853,0.006211,1e-06,0.03352,0.004106,Current,0.983643,0.011048,servicer reporting lag,none,0.414132,credit score band (-1.41) | note rate (+0.47) | credit score band (-0.43),high,1.3e-05,monitor_no_action,All model scores below action thresholds.,True
LN100328,2021-10,Arcadia Capital Servicing,Current,0.035967,0.085732,1e-06,0.999999,0.055819,Current,0.902223,0.052318,servicer feed record present,none,0.196841,credit score band (-1.18) | loan purpose (-0.52) | balance against expected amortisation (-0.37),high,2.3e-05,retention_review,Prepayment risk is elevated; refer for retention pricing review.,True
LN100354,2026-06,Pioneer Mortgage Ops,Current,0.006822,0.003162,1e-06,0.03006,0.775754,Current,0.996825,0.435558,balance required repair,unexpected_balance_movement,0.998014,credit score band (-1.03) | share of term elapsed (+0.48) | property type (-0.38),high,3.8e-05,raise_exception_for_review,Operational exception is more likely than not; route to the data-quality queue.,True
LN100285,2026-06,Pioneer Mortgage Ops,Current,0.013682,0.003703,1e-06,0.03006,0.75495,Current,0.99421,0.271181,document file incomplete,missing_documentation,0.981535,scheduled monthly payment (-0.57) | share of term elapsed (+0.47) | loan purpose (-0.44),high,1.7e-05,raise_exception_for_review,Operational exception is more likely than not; route to the data-quality queue.,True
LN100281,2019-03,Pioneer Mortgage Ops,Current,0.008278,0.005694,1e-06,0.999999,0.57644,Current,0.89493,0.144709,servicer reporting lag,stale_servicer_reporting,0.998434,state (-0.41) | credit score band (+0.38) | scheduled payment relative to balance (+0.33),high,0.000108,raise_exception_for_review,Operational exception is more likely than not; route to the data-quality queue.,True
LN100306,2026-06,Arcadia Capital Servicing,Current,0.038227,0.054667,1e-06,0.03006,0.004281,Current,0.991047,0.162961,balance against expected amortisation for term elapsed,none,0.721696,scheduled monthly payment (-0.56) | original balance (-0.42) | debt-to-income band (+0.41),high,6.3e-05,monitor_no_action,All model scores below action thresholds.,True
LN100305,2026-06,Pioneer Mortgage Ops,Current,0.044646,0.026925,1e-06,0.010363,0.533448,Current,0.978798,0.217699,servicer reporting lag,invalid_date_relationship,0.999189,credit score band (+1.19) | scheduled monthly payment (-1.01) | state (-0.68),high,6.6e-05,raise_exception_for_review,Operational exception is more likely than not; route to the data-quality queue.,True
LN100302,2026-06,Northgate Servicing,Current,0.013138,0.011843,1e-06,0.010363,0.004218,Current,0.992325,0.819248,three-month balance movement,none,0.664839,credit score band (-0.93) | share of term elapsed (+0.64) | loan age (+0.35),high,1.4e-05,monitor_no_action,All model scores below action thresholds.,True
LN100300,2021-02,Pioneer Mortgage Ops,Current,0.001864,0.001356,1e-06,0.999999,0.004636,Current,0.970363,0.00282,scheduled payment relative to balance,none,0.958749,state (-0.76) | credit score band (+0.50) | market rate delta 12m (-0.46),high,4.6e-05,retention_review,Prepayment risk is elevated; refer for retention pricing review.,True
LN100299,2025-10,Pioneer Mortgage Ops,Current,0.015299,0.005086,1e-06,0.003945,0.004122,Current,0.993001,0.015584,balance against expected amortisation for term elapsed,none,0.923283,credit score band (-1.24) | market rate delta 12m (-0.45) | credit score band (-0.35),high,9e-06,monitor_no_action,All model scores below action thresholds.,True
LN100298,2026-06,Kestrel Financial,Current,0.031987,0.014088,1e-06,0.010363,0.004278,Current,0.993501,0.201506,three-month balance movement,none,0.947644,credit score band (-0.83) | share of term elapsed (+0.39) | credit score band (-0.31),high,1e-05,monitor_no_action,All model scores below action thresholds.,True
LN100296,2020-02,Northgate Servicing,Current,0.007715,0.002588,1e-06,0.999999,0.004485,Current,0.906503,0.054609,servicer feed record present,none,0.515619,credit score band (-1.19) | servicer (-0.37) | property type (+0.36),high,1.4e-05,retention_review,Prepayment risk is elevated; refer for retention pricing review.,True
LN101333,2026-06,Northgate Servicing,Current,0.003253,0.003655,1e-06,0.458333,0.004027,Current,0.983663,0.039698,three-month balance movement,none,0.538222,credit score band (-0.98) | note rate (+0.59) | balance change 1m (+0.49),high,3.9e-05,retention_review,Prepayment risk is elevated; refer for retention pricing review.,True
LN101332,2021-12,Belmont Loan Services,Current,0.00557,0.008872,1e-06,0.999999,0.003888,Current,0.974749,0.051716,servicer reporting lag,none,0.632355,credit score band (-0.85) | property type (-0.41) | state (+0.34),high,4.7e-05,retention_review,Prepayment risk is elevated; refer for retention pricing review.,True
LN101331,2026-01,Northgate Servicing,Current,0.008838,0.005058,1e-06,0.003945,0.004024,Current,0.993798,0.012861,balance against expected amortisation for term elapsed,none,0.903515,credit score band (-1.34) | market rate delta 12m (-0.42) | credit score band (-0.34),high,1.1e-05,monitor_no_action,All model scores below action thresholds.,True
LN101329,2019-12,Northgate Servicing,Current,0.001648,0.001019,1e-06,0.999999,0.004486,Current,0.925869,0.008419,servicer reporting lag,none,0.940274,state (-1.19) | credit score band (-0.89) | current balance (-0.41),high,2e-06,retention_review,Prepayment risk is elevated; refer for retention pricing review.,True
LN101328,2026-06,Northgate Servicing,Current,0.055149,0.04323,1e-06,0.03006,0.004207,Current,0.983696,0.073055,servicer feed record present,none,0.775024,credit score band (+0.38) | state (+0.32) | scheduled payment relative to balance (+0.29),high,4.4e-05,monitor_no_action,All model scores below action thresholds.,True
LN101327,2026-03,Belmont Loan Services,Current,0.026824,0.013374,1e-06,0.666667,0.875286,Current,0.971876,0.426525,loan age required repair,invalid_date_relationship,0.999332,credit score band (-0.98) | note rate (+0.64) | state (-0.63),high,1e-05,raise_exception_for_review,Operational exception is more likely than not; route to the data-quality queue.,True
LN101325,2026-06,Kestrel Financial,Current,0.002504,0.001794,1e-06,0.458333,0.790477,Current,0.972137,0.823093,servicer reporting lag,missing_documentation,0.692803,credit score band (-1.13) | debt-to-income band (+0.37) | scheduled monthly payment (+0.30),high,4.9e-05,raise_exception_for_review,Operational exception is more likely than not; route to the data-quality queue.,True
LN100276,2021-03,Belmont Loan Services,Current,0.001524,0.002074,1e-06,0.999999,0.851149,Current,0.880383,0.200318,servicer feed balance gap,balance_reconciliation_break,0.995249,state (-0.51) | market rate delta 12m (-0.46) | loan age (-0.34),high,4.9e-05,raise_exception_for_review,Operational exception is more likely than not; route to the data-quality queue.,True
LN100275,2020-12,Arcadia Capital Servicing,Current,0.002628,0.001549,1e-06,0.999999,0.004594,Current,0.897889,0.053781,servicer feed record present,none,0.726681,credit score band (-1.12) | market rate delta 12m (-0.63) | property type (+0.49),high,7e-06,retention_review,Prepayment risk is elevated; refer for retention pricing review.,True
LN100274,2026-06,Arcadia Capital Servicing,Current,0.0093,0.005936,1e-06,0.03006,0.003988,Current,0.969087,0.122036,scheduled payment relative to balance,none,0.647205,credit score band (-1.41) | note rate (+0.53) | credit score band (-0.37),high,3.3e-05,monitor_no_action,All model scores below action thresholds.,True
LN100272,2020-08,Arcadia Capital Servicing,Current,0.010729,0.006729,1e-06,0.999999,0.004223,Current,0.900327,0.013314,balance against expected amortisation for term elapsed,none,0.438444,loan purpose (-0.53) | property type (-0.49) | state (+0.46),high,2.8e-05,retention_review,Prepayment risk is elevated; refer for retention pricing review.,True
LN100268,2021-05,Arcadia Capital Servicing,Current,0.036159,0.053636,1e-06,0.999999,0.005437,Current,0.82856,0.100467,servicer reporting lag,none,0.741306,credit score band (+0.96) | share of term elapsed (-0.39) | balance against expected amortisation (+0.39),high,4.6e-05,retention_review,Prepayment risk is elevated; refer for retention pricing review.,True
LN100265,2026-06,Northgate Servicing,Current,0.001345,0.00157,1e-06,0.060606,0.004253,Current,0.981375,0.150266,three-month balance movement,none,0.730637,credit score band (-1.13) | note rate (+0.59) | property type (-0.50),high,6e-06,monitor_no_action,All model scores below action thresholds.,True
LN100264,2024-09,Arcadia Capital Servicing,Current,0.018628,0.009103,1e-06,0.023684,0.004425,Current,0.980782,0.068901,servicer feed record present,none,0.468597,credit score band (-1.24) | market mortgage rate (+0.43) | refinance incentive (note rate less market rate) (+0.42),high,9e-06,monitor_no_action,All model scores below action thresholds.,True
LN101347,2019-01,Kestrel Financial,Current,0.007515,0.00246,1e-06,0.999999,0.853154,Current,0.76212,0.184599,scheduled payment relative to balance,balance_reconciliation_break,0.99635,credit score band (-1.01) | property type (-0.44) | scheduled monthly payment (+0.38),high,2.8e-05,raise_exception_for_review,Operational exception is more likely than not; route to the data-quality queue.,True
LN101346,2026-06,Belmont Loan Services,Current,0.009196,0.006239,1e-06,0.03006,0.004055,Current,0.990827,0.05419,balance against expected amortisation for term elapsed,none,0.604862,credit score band (-0.97) | scheduled monthly payment (-0.39) | loan purpose (-0.39),high,6e-06,monitor_no_action,All model scores below action thresholds.,True
LN101345,2026-06,Arcadia Capital Servicing,Current,0.016414,0.029254,1e-06,0.03006,0.004055,Current,0.992579,0.032124,balance against expected amortisation for term elapsed,none,0.828034,credit score band (-1.13) | scheduled monthly payment (-0.54) | loan age (+0.43),high,5e-06,monitor_no_action,All model scores below action thresholds.,True
LN101344,2020-07,Pioneer Mortgage Ops,Current,0.004824,0.002717,1e-06,0.999999,0.005048,Current,0.923402,0.063549,count of missing credit fields,none,0.679514,credit score band (-1.32) | debt-to-income band (+0.49) | loan age (-0.43),high,2e-05,retention_review,Prepayment risk is elevated; refer for retention pricing review.,True
LN101339,2026-06,Northgate Servicing,Current,0.005936,0.005268,1e-06,0.145631,0.00427,Current,0.948019,0.269824,record arrived by manual upload,none,0.467686,credit score band (-1.10) | note rate (+0.58) | property type (-0.58),high,9e-06,monitor_no_action,All model scores below action thresholds.,True
LN101337,2020-03,Northgate Servicing,Current,0.008622,0.002764,1e-06,0.999999,0.004138,Current,0.833892,0.00129,three-month balance movement,none,0.547697,credit score band (-1.06) | loan purpose (-0.43) | debt-to-income band (-0.42),high,4e-06,retention_review,Prepayment risk is elevated; refer for retention pricing review.,True
LN100294,2025-05,Northgate Servicing,Current,0.00254,0.001931,1e-06,0.222222,0.004012,Current,0.979631,0.074654,scheduled payment relative to balance,none,0.472404,credit score band (-1.01) | note rate (+0.64) | scheduled payment relative to balance (+0.48),high,4.7e-05,monitor_no_action,All model scores below action thresholds.,True
LN100291,2021-10,Northgate Servicing,Current,0.002485,0.001306,1e-06,0.999999,0.003915,Current,0.955608,0.026797,scheduled payment relative to balance,none,0.846827,loan age (-0.58) | credit score band (+0.54) | credit score band (+0.36),high,1.2e-05,retention_review,Prepayment risk is elevated; refer for retention pricing review.,True
LN100286,2019-06,Kestrel Financial,Current,0.005839,0.007009,1e-06,0.999999,0.004513,Current,0.647921,0.354335,record arrived by manual upload,none,0.584879,credit score band (-0.98) | state (-0.45) | loan purpose (-0.30),high,1.1e-05,retention_review,Prepayment risk is elevated; refer for retention pricing review.,True
LN100217,2019-09,Belmont Loan Services,Current,0.002828,0.001262,1e-06,0.999999,0.004893,Current,0.896598,0.056036,servicer feed record present,none,0.872668,credit score band (-1.03) | scheduled monthly payment (-0.49) | credit score band (-0.34),high,8e-06,retention_review,Prepayment risk is elevated; refer for retention pricing review.,True
LN100216,2020-06,Northgate Servicing,Current,0.010962,0.003579,1e-06,0.999999,0.004909,Current,0.840901,0.078148,servicer feed record present,none,0.625781,credit score band (-1.32) | servicer (-0.39) | loan purpose (-0.39),high,4e-06,retention_review,Prepayment risk is elevated; refer for retention pricing review.,True
LN100240,2026-06,Arcadia Capital Servicing,Current,0.010962,0.01194,1e-06,0.023684,0.003988,Current,0.986648,0.043532,balance against expected amortisation for term elapsed,none,0.70197,credit score band (-1.31) | state (-0.87) | credit score band (-0.39),high,6e-06,monitor_no_action,All model scores below action thresholds.,True
LN100235,2020-03,Belmont Loan Services,Current,0.02596,0.008249,1e-06,0.999999,0.551467,Current,0.717355,0.117821,servicer reporting lag,invalid_date_relationship,0.998903,state (-1.13) | scheduled payment relative to balance (+0.27) | loan purpose (-0.26),high,1.4e-05,raise_exception_for_review,Operational exception is more likely than not; route to the data-quality queue.,True
LN100233,2020-06,Kestrel Financial,Current,0.004274,0.002982,1e-06,0.999999,0.004757,Current,0.858955,0.233975,record arrived by manual upload,none,0.441097,state (-0.56) | scheduled monthly payment (-0.43) | loan purpose (-0.40),high,1.6e-05,retention_review,Prepayment risk is elevated; refer for retention pricing review.,True
LN100232,2021-12,Arcadia Capital Servicing,Current,0.015557,0.011667,1e-06,0.999999,0.003901,Current,0.960375,0.17246,record arrived by manual upload,none,0.618062,credit score band (-1.06) | scheduled monthly payment (-0.53) | state (+0.41),high,4e-06,retention_review,Prepayment risk is elevated; refer for retention pricing review.,True
LN101364,2026-06,Pioneer Mortgage Ops,Current,0.009618,0.005211,1e-06,0.010363,0.004393,Current,0.99622,0.222421,three-month balance movement,none,0.916868,share of term elapsed (+0.59) | scheduled monthly payment (-0.42) | loan purpose (-0.41),high,2.7e-05,monitor_no_action,All model scores below action thresholds.,True
LN101359,2019-02,Pioneer Mortgage Ops,Current,0.002379,0.001615,1e-06,0.999999,0.004782,Current,0.939575,0.05292,servicer feed record present,none,0.372786,credit score band (-0.69) | property type (-0.55) | balance change 1m (+0.50),high,1.6e-05,retention_review,Prepayment risk is elevated; refer for retention pricing review.,True
LN101358,2026-03,Pioneer Mortgage Ops,Current,0.022594,0.016899,1e-06,0.999999,0.004194,Current,0.964189,0.076275,scheduled payment relative to balance,none,0.364721,credit score band (-1.08) | state (-0.95) | note rate (+0.63),high,3.1e-05,retention_review,Prepayment risk is elevated; refer for retention pricing review.,True
LN101356,2019-03,Northgate Servicing,Current,0.002781,0.001204,1e-06,0.999999,0.004658,Current,0.845725,0.010705,scheduled payment relative to balance,none,0.733139,state (-1.48) | credit score band (-1.09) | debt-to-income band (+0.42),high,8e-06,retention_review,Prepayment risk is elevated; refer for retention pricing review.,True
LN100258,2021-06,Arcadia Capital Servicing,Current,0.007662,0.006542,1e-06,0.999999,0.004212,Current,0.891988,0.006835,servicer reporting lag,none,0.554855,credit score band (-1.23) | loan age (+0.50) | market rate delta 12m (-0.41),high,2.2e-05,retention_review,Prepayment risk is elevated; refer for retention pricing review.,True
LN100257,2019-06,Arcadia Capital Servicing,Current,0.008694,0.006781,1e-06,0.999999,0.004954,Current,0.94507,0.015239,three-month balance movement,none,0.941066,state (+0.44) | loan purpose (-0.35) | debt-to-income band (-0.34),high,2.2e-05,retention_review,Prepayment risk is elevated; refer for retention pricing review.,True
LN100254,2022-08,Northgate Servicing,Current,0.014521,0.005729,1e-06,0.999999,0.757583,Current,0.949253,0.178225,document file incomplete,missing_documentation,0.999597,loan age (-0.46) | credit score band (+0.43) | debt-to-income band (+0.42),high,5.4e-05,raise_exception_for_review,Operational exception is more likely than not; route to the data-quality queue.,True
LN100249,2019-05,Pioneer Mortgage Ops,Current,0.003807,0.001185,1e-06,0.999999,0.004665,Current,0.95912,0.016594,servicer reporting lag,none,0.528948,scheduled monthly payment (-0.56) | debt-to-income band (-0.48) | original balance (-0.35),high,1.8e-05,retention_review,Prepayment risk is elevated; refer for retention pricing review.,True
LN100248,2022-04,Arcadia Capital Servicing,Current,0.009599,0.006129,1e-06,0.999999,0.004142,Current,0.97968,0.117996,three-month balance movement,none,0.791224,credit score band (-1.37) | credit score band (-0.53) | loan purpose (-0.43),high,1.8e-05,retention_review,Prepayment risk is elevated; refer for retention pricing review.,True
LN100277,2026-06,Northgate Servicing,Current,0.011864,0.003665,1e-06,0.003945,0.004055,Current,0.996189,0.031087,month-over-month balance movement,none,0.648779,credit score band (-0.92) | share of term elapsed (+0.76) | scheduled monthly payment (-0.39),high,9e-06,monitor_no_action,All model scores below action thresholds.,True
LN100194,2026-06,Arcadia Capital Servicing,Current,0.005107,0.003836,1e-06,0.145631,0.0635,Current,0.979406,0.519862,scheduled payment relative to balance,none,0.338788,credit score band (-1.14) | credit score band (-0.33) | state (+0.29),high,3.8e-05,monitor_no_action,All model scores below action thresholds.,True
LN100193,2023-08,Belmont Loan Services,Current,0.003355,0.001089,1e-06,0.999999,0.00407,Current,0.971423,0.06379,servicer feed record present,none,0.382011,credit score band (-1.11) | refinance incentive (note rate less market rate) (+0.47) | loan purpose (-0.47),high,1.6e-05,retention_review,Prepayment risk is elevated; refer for retention pricing review.,True
LN100190,2021-06,Northgate Servicing,Current,0.003037,0.003061,1e-06,0.999999,0.004547,Current,0.924262,0.011878,servicer reporting lag,none,0.529009,credit score band (-1.06) | balance against expected amortisation (-0.49) | state (+0.48),high,9e-06,retention_review,Prepayment risk is elevated; refer for retention pricing review.,True
LN100215,2020-02,Pioneer Mortgage Ops,Current,0.011632,0.011828,1e-06,0.999999,0.004855,Current,0.845366,0.05885,servicer feed record present,none,0.853096,credit score band (-1.05) | scheduled monthly payment (-0.49) | debt-to-income band (-0.30),high,1e-05,retention_review,Prepayment risk is elevated; refer for retention pricing review.,True
LN100211,2026-06,Northgate Servicing,Current,0.015999,0.003184,1e-06,0.023684,0.004055,Current,0.993231,0.219222,record arrived by manual upload,none,0.675759,credit score band (-0.82) | scheduled monthly payment (-0.49) | loan purpose (-0.42),high,3e-06,monitor_no_action,All model scores below action thresholds.,True
LN100209,2019-01,Belmont Loan Services,Current,0.007547,0.007115,1e-06,0.999999,0.004948,Current,0.819313,0.067084,scheduled payment relative to balance,none,0.337812,state (-1.21) | credit score band (-0.92) | credit score band (-0.43),high,1.6e-05,retention_review,Prepayment risk is elevated; refer for retention pricing review.,True
LN100208,2026-06,Northgate Servicing,Current,0.019902,0.009204,1e-06,0.145631,0.003961,Current,0.980604,0.052647,three-month balance movement,none,0.325865,credit score band (-1.01) | state (-0.50) | debt-to-income band (-0.43),high,3e-06,monitor_no_action,All model scores below action thresholds.,True
LN100200,2025-10,Arcadia Capital Servicing,Current,0.013535,0.003773,1e-06,0.03006,0.759613,Current,0.992943,0.378682,three-month balance movement,missing_documentation,0.997093,credit score band (-0.91) | loan purpose (-0.39) | share of term elapsed (+0.36),high,1.6e-05,raise_exception_for_review,Operational exception is more likely than not; route to the data-quality queue.,True
LN101383,2019-12,Northgate Servicing,Current,0.009389,0.013514,1e-06,0.999999,0.004561,Current,0.935712,0.007119,servicer reporting lag,none,0.918847,credit score band (-1.08) | scheduled monthly payment (-0.46) | loan purpose (-0.46),high,2.2e-05,retention_review,Prepayment risk is elevated; refer for retention pricing review.,True
LN101380,2026-06,Pioneer Mortgage Ops,Current,0.016122,0.005124,1e-06,0.03006,0.0043,Current,0.989673,0.08878,servicer feed record present,none,0.854956,credit score band (-1.09) | loan purpose (-0.47) | credit score band (-0.38),high,7e-06,monitor_no_action,All model scores below action thresholds.,True
LN101375,2021-04,Pioneer Mortgage Ops,Current,0.012337,0.007557,1e-06,0.999999,0.004202,Current,0.86641,0.00657,servicer reporting lag,none,0.728979,worst days past due in last 12 months (+1.45) | credit score band (-0.94) | state (-0.59),high,6.5e-05,retention_review,Prepayment risk is elevated; refer for retention pricing review.,True
LN101374,2025-11,Belmont Loan Services,Current,0.006262,0.004715,1e-06,0.222222,0.004774,Current,0.971794,0.130121,servicer feed record present,none,0.438387,credit score band (-0.96) | debt-to-income band (-0.38) | property type (+0.33),high,4.3e-05,monitor_no_action,All model scores below action thresholds.,True
LN101373,2026-06,Kestrel Financial,Current,0.006425,0.007786,1e-06,0.060606,0.004004,Current,0.972969,0.039631,three-month balance movement,none,0.356724,credit score band (-0.96) | note rate (+0.46) | credit score band (-0.37),high,5.2e-05,monitor_no_action,All model scores below action thresholds.,True
LN101371,2026-06,Northgate Servicing,Current,0.011654,0.011004,1e-06,0.03006,0.004061,Current,0.987077,0.151774,balance against expected amortisation for term elapsed,none,0.640321,credit score band (-1.27) | credit score band (-0.49) | loan age (+0.47),high,9e-06,monitor_no_action,All model scores below action thresholds.,True
LN100230,2026-06,Arcadia Capital Servicing,Current,0.01051,0.002367,1e-06,0.03006,0.757583,Current,0.995481,0.225297,document file incomplete,missing_documentation,0.996415,credit score band (-0.95) | share of term elapsed (+0.50) | loan purpose (-0.48),high,1.5e-05,raise_exception_for_review,Operational exception is more likely than not; route to the data-quality queue.,True
LN100225,2019-05,Northgate Servicing,Current,0.002678,0.001705,1e-06,0.999999,0.004513,Current,0.784255,0.079312,count of missing credit fields,none,0.682852,credit score band (-0.97) | state (-0.40) | debt-to-income band (-0.26),high,9e-06,retention_review,Prepayment risk is elevated; refer for retention pricing review.,True
LN100158,2026-06,Northgate Servicing,Current,0.022188,0.006622,1e-06,0.010363,0.004224,Current,0.992699,0.090897,servicer feed record present,none,0.625503,credit score band (-1.09) | state (-0.60) | share of term elapsed (+0.57),high,1.4e-05,monitor_no_action,All model scores below action thresholds.,True
LN100157,2026-06,Arcadia Capital Servicing,Current,0.018451,0.006035,1e-06,0.03006,0.0043,Current,0.992551,0.082818,servicer feed record present,none,0.56846,credit score band (-0.98) | state (+0.54) | credit score band (-0.39),high,5.7e-05,monitor_no_action,All model scores below action thresholds.,True
LN100153,2026-06,Arcadia Capital Servicing,Current,0.002454,0.002145,1e-06,0.145631,0.058126,Current,0.975265,0.216363,three-month balance movement,none,0.481925,credit score band (-1.19) | loan purpose (-0.59) | note rate (+0.54),high,1.2e-05,monitor_no_action,All model scores below action thresholds.,True
LN100152,2024-06,Northgate Servicing,Current,0.004581,0.002304,1e-06,0.023684,0.003957,Current,0.970698,0.049248,balance against expected amortisation for term elapsed,none,0.666835,credit score band (-1.41) | market mortgage rate (+0.41) | credit score band (-0.34),high,3.8e-05,monitor_no_action,All model scores below action thresholds.,True
LN101397,2023-03,Belmont Loan Services,Current,0.00272,0.002254,1e-06,0.999999,0.003808,Current,0.95555,0.173419,record arrived by manual upload,none,0.439048,credit score band (-1.27) | credit score band (-0.33) | debt-to-income band (-0.28),high,4e-06,retention_review,Prepayment risk is elevated; refer for retention pricing review.,True
LN101396,2020-07,Northgate Servicing,Current,0.004578,0.001854,1e-06,0.999999,0.004387,Current,0.928358,0.049585,servicer feed record present,none,0.621337,property type (-0.56) | market rate delta 12m (-0.55) | state (-0.34),high,1.6e-05,retention_review,Prepayment risk is elevated; refer for retention pricing review.,True
LN101393,2026-06,Belmont Loan Services,Current,0.032904,0.022125,1e-06,0.145631,0.003988,Current,0.987077,0.009169,balance against expected amortisation for term elapsed,none,0.624531,state (-0.94) | loan purpose (-0.39) | scheduled monthly payment (+0.35),high,4.1e-05,monitor_no_action,All model scores below action thresholds.,True
LN101385,2019-08,Northgate Servicing,Current,0.004161,0.001621,1e-06,0.999999,0.849475,Current,0.887908,0.274159,servicer feed balance gap,balance_reconciliation_break,0.998032,credit score band (-0.95) | state (-0.48) | debt-to-income band (-0.38),high,9e-06,raise_exception_for_review,Operational exception is more likely than not; route to the data-quality queue.,True
LN100181,2023-02,Pioneer Mortgage Ops,Current,0.001334,0.000965,1e-06,0.999999,0.003719,Current,0.974279,0.052171,scheduled payment relative to balance,none,0.485387,credit score band (-1.00) | original balance (-0.36) | credit score band (-0.29),high,3e-06,retention_review,Prepayment risk is elevated; refer for retention pricing review.,True
LN100178,2019-01,Northgate Servicing,Current,0.011092,0.004655,1e-06,0.999999,0.005617,Current,0.767134,0.082505,servicer reporting lag,none,0.422079,credit score band (-1.17) | credit score band (-0.42) | servicer (-0.27),high,3.4e-05,retention_review,Prepayment risk is elevated; refer for retention pricing review.,True
LN100174,2026-06,Northgate Servicing,Current,0.014574,0.015198,1e-06,0.003945,0.004387,Current,0.992054,0.88892,three-month balance movement,none,0.839383,credit score band (-0.87) | share of term elapsed (+0.60) | credit score band (-0.28),high,9e-06,monitor_no_action,All model scores below action thresholds.,True
LN100173,2019-06,Northgate Servicing,Current,0.005339,0.001363,1e-06,0.999999,0.004669,Current,0.928164,0.011439,servicer reporting lag,none,0.570451,state (-1.41) | scheduled monthly payment (-0.51) | loan purpose (-0.27),high,1.1e-05,retention_review,Prepayment risk is elevated; refer for retention pricing review.,True
LN100168,2026-06,Northgate Servicing,Current,0.029419,0.023067,1e-06,0.003945,0.003988,Current,0.992831,0.065569,balance against expected amortisation for term elapsed,none,0.969928,share of term elapsed (+0.44) | state (-0.39) | loan age (-0.33),high,1.8e-05,monitor_no_action,All model scores below action thresholds.,True
LN100198,2025-10,Northgate Servicing,Current,0.015289,0.003793,1e-06,0.023684,0.004122,Current,0.994389,0.024583,month-over-month balance movement,none,0.597554,credit score band (-1.14) | market rate delta 12m (-0.45) | loan-to-value band (+0.41),high,1.6e-05,monitor_no_action,All model scores below action thresholds.,True
LN100196,2026-06,Northgate Servicing,Current,0.02752,0.016188,1e-06,0.023684,0.004011,Current,0.99313,0.066789,balance against expected amortisation for term elapsed,none,0.715985,loan purpose (-0.35) | share of term elapsed (+0.33) | refinance incentive (note rate less market rate) (-0.29),high,2.7e-05,monitor_no_action,All model scores below action thresholds.,True
LN100195,2026-06,Pioneer Mortgage Ops,Current,0.035885,0.013413,1e-06,0.03006,0.003988,Current,0.982785,0.067498,balance against expected amortisation for term elapsed,none,0.666536,credit score band (-1.27) | state (-0.45) | credit score band (-0.35),high,1.2e-05,monitor_no_action,All model scores below action thresholds.,True
LN100143,2019-04,Northgate Servicing,Current,0.003961,0.003227,1e-06,0.999999,0.005293,Current,0.703957,0.076333,servicer feed record present,none,0.485144,credit score band (-1.05) | servicer (-0.33) | property type (+0.27),high,1.6e-05,retention_review,Prepayment risk is elevated; refer for retention pricing review.,True
LN100142,2019-04,Belmont Loan Services,Current,0.01385,0.006459,1e-06,0.999999,0.005118,Current,0.706162,0.186927,three-month balance movement,none,0.911026,credit score band (-1.29) | credit score band (-0.46) | scheduled monthly payment (+0.36),high,2e-05,retention_review,Prepayment risk is elevated; refer for retention pricing review.,True
LN100139,2019-03,Pioneer Mortgage Ops,Current,0.011298,0.002976,1e-06,0.999999,0.758214,Current,0.864446,0.187837,document file incomplete,missing_documentation,0.999422,state (-1.29) | property type (-0.40) | debt-to-income band (+0.37),high,3e-05,raise_exception_for_review,Operational exception is more likely than not; route to the data-quality queue.,True
LN100138,2019-01,Northgate Servicing,Current,0.007588,0.003646,1e-06,0.999999,0.005628,Current,0.725944,0.078091,servicer feed record present,none,0.314719,state (-1.27) | credit score band (-0.82) | property type (+0.34),high,1.9e-05,retention_review,Prepayment risk is elevated; refer for retention pricing review.,True
LN100137,2024-05,Northgate Servicing,Current,0.005882,0.006939,1e-06,0.934783,0.00388,Current,0.900995,0.006458,servicer reporting lag,none,0.507756,credit score band (-1.08) | state (+0.72) | current balance (-0.41),high,3.3e-05,retention_review,Prepayment risk is elevated; refer for retention pricing review.,True
LN101414,2022-06,Pioneer Mortgage Ops,Current,0.000707,0.000393,1e-06,0.999999,0.004088,Current,0.965777,0.080399,servicer feed record present,none,0.797138,credit score band (-0.94) | state (-0.80) | original balance (-0.38),high,3e-06,retention_review,Prepayment risk is elevated; refer for retention pricing review.,True
LN101409,2026-06,Belmont Loan Services,Current,0.067326,0.04137,1e-06,0.03006,0.004075,Current,0.991738,0.453893,three-month balance movement,none,0.950668,credit score band (-1.13) | share of term elapsed (+0.41) | credit score band (-0.38),high,1e-05,monitor_no_action,All model scores below action thresholds.,True
LN101408,2021-05,Arcadia Capital Servicing,Current,0.005344,0.004583,1e-06,0.999999,0.004715,Current,0.946564,0.049751,servicer feed record present,none,0.804339,credit score band (-1.50) | state (+0.57) | market rate delta 12m (-0.50),high,4.4e-05,retention_review,Prepayment risk is elevated; refer for retention pricing review.,True
LN101407,2026-06,Arcadia Capital Servicing,Current,0.017942,0.00692,1e-06,0.03006,0.004224,Current,0.992262,0.115657,balance against expected amortisation for term elapsed,none,0.93057,loan purpose (-0.51) | share of term elapsed (+0.35) | loan age (-0.32),high,4e-05,monitor_no_action,All model scores below action thresholds.,True
LN101406,2020-12,Pioneer Mortgage Ops,Current,0.005913,0.004455,1e-06,0.999999,0.004373,Current,0.935578,0.001047,three-month balance movement,none,0.719538,credit score band (-1.03) | market rate delta 12m (-0.47) | credit score band (-0.43),high,1e-06,retention_review,Prepayment risk is elevated; refer for retention pricing review.,True
LN101405,2022-01,Northgate Servicing,Current,0.001061,0.001039,1e-06,0.999999,0.003673,Current,0.915138,0.051427,scheduled payment relative to balance,none,0.485008,credit score band (-1.12) | credit score band (-0.33) | loan age (-0.28),high,1.3e-05,retention_review,Prepayment risk is elevated; refer for retention pricing review.,True
LN101403,2026-06,Arcadia Capital Servicing,Current,0.016598,0.007928,1e-06,0.003945,0.004055,Current,0.995055,0.031893,month-over-month balance movement,none,0.899768,scheduled monthly payment (-0.59) | share of term elapsed (+0.58) | state (-0.27),high,3.1e-05,monitor_no_action,All model scores below action thresholds.,True
LN100166,2020-10,Belmont Loan Services,Current,0.002855,0.001773,1e-06,0.999999,0.004835,Current,0.924865,0.234572,three-month balance movement,none,0.691569,credit score band (-1.21) | market rate delta 12m (-0.50) | balance change 3m (-0.34),high,2e-05,retention_review,Prepayment risk is elevated; refer for retention pricing review.,True
LN100163,2025-07,Belmont Loan Services,Current,0.055973,0.028786,1e-06,0.03006,0.853154,Current,0.974718,0.463447,three-month balance movement,balance_reconciliation_break,0.982904,share of term elapsed (+0.62) | credit score band (+0.50) | balance change 3m (-0.42),high,3.7e-05,raise_exception_for_review,Operational exception is more likely than not; route to the data-quality queue.,True
LN100161,2021-01,Kestrel Financial,Current,0.002771,0.00131,1e-06,0.999999,0.005498,Current,0.768383,0.08328,three-month balance movement,none,0.879942,credit score band (-1.13) | market rate delta 12m (-0.46) | loan purpose (-0.41),high,9e-06,retention_review,Prepayment risk is elevated; refer for retention pricing review.,True
LN100159,2026-06,Belmont Loan Services,Current,0.013347,0.005984,1e-06,0.003945,0.004224,Current,0.994069,0.096889,servicer feed record present,none,0.734231,credit score band (-1.07) | credit score band (-0.40) | share of term elapsed (+0.33),high,1e-05,monitor_no_action,All model scores below action thresholds.,True
LN100105,2022-07,Northgate Servicing,Current,0.001798,0.000414,1e-06,0.999999,0.003808,Current,0.974601,0.016884,scheduled payment relative to balance,none,0.409648,credit score band (-1.08) | property type (-0.49) | state (+0.43),high,8e-06,retention_review,Prepayment risk is elevated; refer for retention pricing review.,True
LN100135,2025-11,Northgate Servicing,Current,0.003232,0.002576,1e-06,0.222222,0.004122,Current,0.973116,0.066945,scheduled payment relative to balance,none,0.769083,credit score band (-0.99) | current balance (-0.37) | market rate delta 12m (-0.37),high,8e-06,monitor_no_action,All model scores below action thresholds.,True
LN100133,2019-05,Arcadia Capital Servicing,Current,0.011033,0.003489,1e-06,0.999999,0.004693,Current,0.918086,0.271083,record arrived by manual upload,none,0.957048,state (-1.18) | loan age (-0.44) | property type (-0.40),high,9e-06,retention_review,Prepayment risk is elevated; refer for retention pricing review.,True
LN100132,2025-04,Northgate Servicing,Current,0.038941,0.110808,1e-06,0.12069,0.004645,Current,0.796182,0.214404,three-month balance movement,none,0.874322,months delinquent in last 12 months (+1.08) | credit score band (-0.97) | months delinquent in last 6 months (+0.55),high,1e-05,monitor_no_action,All model scores below action thresholds.,True
LN100130,2019-11,Belmont Loan Services,Current,0.006499,0.007131,1e-06,0.999999,0.009529,Current,0.888214,0.277857,three-month balance movement,none,0.939315,credit score band (-1.40) | property type (-0.54) | balance change 3m (-0.52),high,1.7e-05,retention_review,Prepayment risk is elevated; refer for retention pricing review.,True
LN100129,2020-06,Northgate Servicing,Current,0.004804,0.003702,1e-06,0.999999,0.004316,Current,0.913967,0.00297,scheduled payment relative to balance,none,0.847372,credit score band (-1.13) | state (+0.78) | scheduled monthly payment (-0.66),high,1.7e-05,retention_review,Prepayment risk is elevated; refer for retention pricing review.,True
LN100126,2026-06,Arcadia Capital Servicing,Current,0.009055,0.004849,1e-06,0.03006,0.003988,Current,0.990992,0.079063,balance against expected amortisation for term elapsed,none,0.509733,credit score band (-0.97) | state (-0.42) | loan purpose (-0.27),high,6e-06,monitor_no_action,All model scores below action thresholds.,True
LN100122,2021-02,Belmont Loan Services,Current,0.008877,0.00844,1e-06,0.999999,0.004717,Current,0.936405,0.180552,record arrived by manual upload,none,0.299028,credit score band (-1.20) | market rate delta 12m (-0.53) | property type (+0.52),high,6.2e-05,retention_review,Prepayment risk is elevated; refer for retention pricing review.,True
LN100121,2021-10,Northgate Servicing,Current,0.002646,0.001329,1e-06,0.999999,0.003915,Current,0.874494,0.025182,scheduled payment relative to balance,none,0.614112,loan age (-0.36) | servicer (-0.34) | note rate (-0.30),high,1.3e-05,retention_review,Prepayment risk is elevated; refer for retention pricing review.,True
LN101429,2021-10,Belmont Loan Services,Current,0.043607,0.022847,1e-06,0.999999,0.813843,Current,0.890991,0.544741,servicer feed balance gap,balance_reconciliation_break,0.999299,loan purpose (-0.42) | debt-to-income band (+0.27) | scheduled payment relative to balance (-0.23),high,2.3e-05,raise_exception_for_review,Operational exception is more likely than not; route to the data-quality queue.,True
LN101427,2024-04,Northgate Servicing,Current,0.005867,0.0049,1e-06,0.145631,0.00388,Current,0.914442,0.086568,servicer reporting lag,none,0.409419,credit score band (-1.08) | note rate (+0.44) | servicer (-0.37),high,1.7e-05,monitor_no_action,All model scores below action thresholds.,True
LN101426,2021-02,Belmont Loan Services,Current,0.002867,0.00175,1e-06,0.999999,0.004369,Current,0.908989,0.0,three-month balance movement,none,0.345002,market rate delta 12m (-0.59) | loan purpose (-0.41) | debt-to-income band (-0.38),high,6e-06,retention_review,Prepayment risk is elevated; refer for retention pricing review.,True
LN101419,2026-06,Arcadia Capital Servicing,Current,0.010078,0.005696,1e-06,0.03006,0.003988,Current,0.988346,0.092053,balance against expected amortisation for term elapsed,none,0.769772,loan purpose (-0.54) | state (-0.44) | occupancy type (-0.30),high,2.7e-05,monitor_no_action,All model scores below action thresholds.,True
LN101418,2026-06,Arcadia Capital Servicing,Current,0.055472,0.015232,1e-06,0.03006,0.003988,Current,0.990689,0.056627,servicer reporting lag,none,0.672218,loan purpose (-0.68) | state (+0.26) | loan age (-0.22),high,2.5e-05,monitor_no_action,All model scores below action thresholds.,True
LN100149,2026-01,Northgate Servicing,Current,0.043345,0.004713,1e-06,0.03006,0.056443,Current,0.955146,0.075528,servicer feed record present,none,0.335493,state (+0.42) | loan purpose (-0.39) | debt-to-income band (-0.33),high,3.2e-05,monitor_no_action,All model scores below action thresholds.,True
LN100147,2026-06,Northgate Servicing,Current,0.005985,0.004772,1e-06,0.03352,0.569161,Current,0.981301,0.50622,servicer reporting lag,stale_servicer_reporting,0.998097,credit score band (-1.28) | debt-to-income band (-0.54) | note rate (+0.51),high,4.2e-05,raise_exception_for_review,Operational exception is more likely than not; route to the data-quality queue.,True
LN100076,2021-12,Northgate Servicing,Current,0.00141,0.000934,1e-06,0.999999,0.003714,Current,0.968123,0.04469,scheduled payment relative to balance,none,0.536394,credit score band (-1.10) | scheduled monthly payment (-0.54) | credit score band (-0.30),high,6e-06,retention_review,Prepayment risk is elevated; refer for retention pricing review.,True
LN100075,2025-12,Northgate Servicing,Current,0.007814,0.006711,1e-06,0.185185,0.004304,Current,0.982206,0.238036,three-month balance movement,none,0.854133,credit score band (-1.17) | market rate delta 12m (-0.44) | scheduled monthly payment (+0.42),high,1.2e-05,monitor_no_action,All model scores below action thresholds.,True
LN100100,2021-06,Pioneer Mortgage Ops,Current,0.003088,0.001435,1e-06,0.999999,0.004818,Current,0.817837,0.050634,servicer feed record present,none,0.601761,credit score band (-0.89) | state (-0.59) | credit score band (-0.38),high,3e-06,retention_review,Prepayment risk is elevated; refer for retention pricing review.,True
LN100092,2019-09,Northgate Servicing,Current,0.012876,0.00855,1e-06,0.999999,0.004456,Current,0.84246,0.018012,three-month balance movement,none,0.475394,property type (-0.40) | loan purpose (+0.31) | servicer (-0.24),high,7.5e-05,retention_review,Prepayment risk is elevated; refer for retention pricing review.,True
LN101446,2026-06,Northgate Servicing,Current,0.003096,0.002639,1e-06,0.999999,0.847694,Current,0.961257,0.302712,servicer feed balance gap,balance_reconciliation_break,0.997669,credit score band (-1.01) | note rate (+0.57) | property type (-0.53),high,2.1e-05,raise_exception_for_review,Operational exception is more likely than not; route to the data-quality queue.,True
LN101445,2021-04,Northgate Servicing,Current,0.007887,0.005814,1e-06,0.999999,0.004202,Current,0.901138,0.19543,record arrived by manual upload,none,0.464376,credit score band (-1.08) | loan age (+0.57) | market rate delta 12m (-0.57),high,6e-06,retention_review,Prepayment risk is elevated; refer for retention pricing review.,True
LN101443,2020-10,Northgate Servicing,Current,0.012377,0.012695,1e-06,0.999999,0.004711,Current,0.907791,0.049407,servicer feed record present,none,0.693478,scheduled monthly payment (-0.48) | credit score band (+0.43) | balance change 1m (-0.32),high,5.1e-05,retention_review,Prepayment risk is elevated; refer for retention pricing review.,True
LN101441,2021-02,Belmont Loan Services,Current,0.003044,0.001471,1e-06,0.999999,0.004401,Current,0.951195,0.001081,three-month balance movement,none,0.821593,credit score band (-1.05) | market rate delta 12m (-0.49) | credit score band (-0.44),high,1.5e-05,retention_review,Prepayment risk is elevated; refer for retention pricing review.,True
LN101438,2021-04,Belmont Loan Services,Current,0.003561,0.004466,1e-06,0.999999,0.004451,Current,0.86362,0.147532,month-over-month balance movement,none,0.814144,credit score band (-1.16) | balance against expected amortisation (-0.46) | market rate delta 12m (-0.45),high,3e-06,retention_review,Prepayment risk is elevated; refer for retention pricing review.,True
LN101436,2023-10,Northgate Servicing,Current,0.004512,0.002737,1e-06,0.934783,0.757583,Current,0.913951,0.2441,document file incomplete,missing_documentation,0.999521,credit score band (-1.23) | note rate (+0.44) | market mortgage rate (+0.37),high,2.9e-05,raise_exception_for_review,Operational exception is more likely than not; route to the data-quality queue.,True
LN101434,2026-06,Northgate Servicing,Current,0.009145,0.004222,1e-06,0.03006,0.003988,Current,0.994579,0.009631,balance against expected amortisation for term elapsed,none,0.877471,state (-0.61) | credit score band (+0.52) | loan age (+0.48),high,3.1e-05,monitor_no_action,All model scores below action thresholds.,True
LN101432,2026-06,Pioneer Mortgage Ops,Current,0.013495,0.008176,1e-06,0.03006,0.00399,Current,0.98153,0.062226,scheduled payment relative to balance,none,0.314855,credit score band (-1.23) | note rate (+0.63) | loan purpose (-0.60),high,3.4e-05,monitor_no_action,All model scores below action thresholds.,True
LN100112,2020-12,Arcadia Capital Servicing,Current,0.005027,0.001795,1e-06,0.999999,0.004337,Current,0.941035,0.0,servicer reporting lag,none,0.346367,credit score band (-1.15) | state (-0.84) | market rate delta 12m (-0.61),high,1.1e-05,retention_review,Prepayment risk is elevated; refer for retention pricing review.,True
LN100110,2019-09,Belmont Loan Services,Current,0.003184,0.003609,1e-06,0.999999,0.00452,Current,0.824768,0.009348,balance against expected amortisation for term elapsed,none,0.937532,credit score band (-0.87) | balance against expected amortisation (+0.39) | debt-to-income band (-0.35),high,3.1e-05,retention_review,Prepayment risk is elevated; refer for retention pricing review.,True
LN100109,2026-06,Arcadia Capital Servicing,Current,0.009435,0.00367,1e-06,0.03006,0.849475,Current,0.993155,0.208001,servicer feed balance gap,balance_reconciliation_break,0.998223,credit score band (-0.85) | original balance (-0.30) | loan purpose (+0.25),high,8e-06,raise_exception_for_review,Operational exception is more likely than not; route to the data-quality queue.,True
LN100108,2026-06,Pioneer Mortgage Ops,Current,0.010758,0.019225,1e-06,0.010363,0.004543,Current,0.983119,0.266757,three-month balance movement,none,0.825763,balance change 3m (-0.39) | remaining term months (-0.33) | debt-to-income band (-0.33),high,1.4e-05,monitor_no_action,All model scores below action thresholds.,True
LN101490,2019-05,Northgate Servicing,Current,0.003522,0.001957,1e-06,0.999999,0.854095,Current,0.746752,0.1635,servicer feed balance gap,balance_reconciliation_break,0.997406,credit score band (-1.34) | servicer (-0.32) | occupancy type (-0.30),high,1.1e-05,raise_exception_for_review,Operational exception is more likely than not; route to the data-quality queue.,True
LN101498,2019-09,Northgate Servicing,Current,0.002933,0.002205,1e-06,0.999999,0.004595,Current,0.749322,0.015688,scheduled payment relative to balance,none,0.861097,credit score band (-0.88) | scheduled monthly payment (-0.50) | credit score band (-0.30),high,1.4e-05,retention_review,Prepayment risk is elevated; refer for retention pricing review.,True
LN100007,2021-01,Arcadia Capital Servicing,Current,0.002868,0.001452,1e-06,0.999999,0.005224,Current,0.915554,0.398642,three-month balance movement,none,0.269207,market rate delta 12m (-0.56) | loan purpose (-0.42) | scheduled monthly payment (+0.42),high,5.9e-05,retention_review,Prepayment risk is elevated; refer for retention pricing review.,True
LN101496,2019-07,Arcadia Capital Servicing,Current,0.002651,0.002117,1e-06,0.999999,0.005137,Current,0.922949,0.228224,record arrived by manual upload,none,0.513364,property type (-0.60) | loan age (-0.42) | scheduled payment relative to balance (+0.33),high,2.5e-05,retention_review,Prepayment risk is elevated; refer for retention pricing review.,True
LN101476,2019-10,Northgate Servicing,Current,0.006424,0.003095,1e-06,0.999999,0.757399,Current,0.906643,0.456445,three-month balance movement,missing_documentation,0.99936,credit score band (-1.12) | balance change 3m (-0.35) | scheduled monthly payment (+0.31),high,8e-06,raise_exception_for_review,Operational exception is more likely than not; route to the data-quality queue.,True
LN101475,2021-08,Northgate Servicing,Current,0.016567,0.022035,1e-06,0.999999,0.005097,Current,0.851778,0.566404,record arrived by manual upload,none,0.600087,loan purpose (-0.35) | occupancy type (-0.30) | state (+0.28),high,3.5e-05,retention_review,Prepayment risk is elevated; refer for retention pricing review.,True
LN101471,2026-06,Arcadia Capital Servicing,Current,0.016979,0.002848,1e-06,0.023684,0.356176,Current,0.995439,0.725437,days past due required repair,none,0.990702,credit score band (-0.96) | state (-0.59) | credit score band (-0.40),high,1.3e-05,monitor_no_action,All model scores below action thresholds.,True
LN101467,2022-11,Belmont Loan Services,Current,0.010781,0.004729,1e-06,0.999999,0.003898,Current,0.961312,0.197601,three-month balance movement,none,0.772989,credit score band (-1.11) | loan purpose (-0.44) | scheduled monthly payment (+0.33),high,1.7e-05,retention_review,Prepayment risk is elevated; refer for retention pricing review.,True
LN101466,2025-06,Belmont Loan Services,Current,0.001335,0.001168,1e-06,0.6,0.004522,Current,0.970492,0.398384,scheduled payment relative to balance,none,0.713072,credit score band (-1.17) | note rate (+0.82) | market rate delta 12m (-0.51),high,2.6e-05,retention_review,Prepayment risk is elevated; refer for retention pricing review.,True
LN100039,2022-09,Northgate Servicing,Current,0.00521,0.00226,1e-06,0.999999,0.003837,Current,0.930401,0.104015,three-month balance movement,none,0.733781,credit score band (-1.24) | credit score band (-0.44) | loan purpose (-0.38),high,6e-06,retention_review,Prepayment risk is elevated; refer for retention pricing review.,True
LN100035,2019-01,Belmont Loan Services,Current,0.005762,0.006926,1e-06,0.999999,0.005326,Current,0.736951,0.022121,balance against expected amortisation for term elapsed,none,0.374906,state (-1.16) | credit score band (-0.96) | scheduled payment relative to balance (+0.34),high,4.5e-05,retention_review,Prepayment risk is elevated; refer for retention pricing review.,True
LN100032,2026-06,Belmont Loan Services,Current,0.005577,0.003363,1e-06,0.934783,0.004194,Current,0.971676,0.073851,scheduled payment relative to balance,none,0.471323,credit score band (-1.06) | debt-to-income band (-0.58) | property type (-0.47),high,2.5e-05,retention_review,Prepayment risk is elevated; refer for retention pricing review.,True
LN100030,2021-05,Belmont Loan Services,Current,0.005115,0.002862,1e-06,0.999999,0.00418,Current,0.882579,0.036172,balance against expected amortisation for term elapsed,none,0.582089,credit score band (-1.09) | market rate delta 12m (-0.45) | credit score band (-0.32),high,7e-06,retention_review,Prepayment risk is elevated; refer for retention pricing review.,True
LN100029,2019-10,Belmont Loan Services,Current,0.009213,0.008864,1e-06,0.999999,0.004456,Current,0.897401,0.017425,balance against expected amortisation for term elapsed,none,0.847079,state (-1.37) | debt-to-income band (-0.29) | balance change 1m (-0.27),high,1.3e-05,retention_review,Prepayment risk is elevated; refer for retention pricing review.,True
LN100028,2019-02,Arcadia Capital Servicing,Current,0.021805,0.016057,1e-06,0.999999,0.00451,Current,0.800439,0.01219,balance against expected amortisation for term elapsed,none,0.364736,scheduled monthly payment (+0.73) | debt-to-income band (-0.32) | state (-0.30),high,2.4e-05,retention_review,Prepayment risk is elevated; refer for retention pricing review.,True
LN100024,2020-08,Northgate Servicing,Current,0.00626,0.005502,1e-06,0.999999,0.004843,Current,0.871084,0.05712,servicer feed record present,none,0.59368,state (-1.11) | credit score band (-1.07) | credit score band (-0.43),high,2e-06,retention_review,Prepayment risk is elevated; refer for retention pricing review.,True
LN100958,2026-04,Kestrel Financial,Current,0.004571,0.004765,1e-06,0.060606,0.004061,Current,0.98863,0.248396,count of missing credit fields,none,0.650909,credit score band (-1.24) | loan age (+0.58) | refinance incentive (note rate less market rate) (+0.32),high,4e-06,monitor_no_action,All model scores below action thresholds.,True
LN100957,2026-06,Northgate Servicing,Current,0.009907,0.011498,1e-06,0.03006,0.004281,Current,0.990466,0.108501,servicer feed record present,none,0.598261,credit score band (-0.96) | state (-0.65) | scheduled monthly payment (-0.53),high,6e-06,monitor_no_action,All model scores below action thresholds.,True
LN100955,2026-06,Kestrel Financial,Current,0.023696,0.004321,1e-06,0.03006,0.004928,Current,0.994292,0.104783,count of missing credit fields,none,0.335766,credit score band (-0.96) | share of term elapsed (+0.44) | unemployment rate (+0.27),high,3e-05,monitor_no_action,All model scores below action thresholds.,True
LN100981,2026-06,Northgate Servicing,Current,0.015049,0.003061,1e-06,0.03006,0.824185,Current,0.994781,0.302437,servicer reporting lag,invalid_date_relationship,0.994446,credit score band (-0.94) | share of term elapsed (+0.54) | state (-0.53),high,1.5e-05,raise_exception_for_review,Operational exception is more likely than not; route to the data-quality queue.,True
LN100980,2026-06,Arcadia Capital Servicing,Current,0.062971,0.010998,1e-06,0.03006,0.005079,Current,0.984632,0.026496,balance against expected amortisation for term elapsed,none,0.363176,state (+0.33) | share of term elapsed (-0.28) | original balance (-0.28),high,1.8e-05,monitor_no_action,All model scores below action thresholds.,True
LN100976,2026-06,Arcadia Capital Servicing,Current,0.015177,0.005425,1e-06,0.03006,0.003988,Current,0.994731,0.06269,balance against expected amortisation for term elapsed,none,0.852357,credit score band (-1.12) | credit score band (-0.42) | share of term elapsed (+0.33),high,3.6e-05,monitor_no_action,All model scores below action thresholds.,True
LN100972,2021-05,Northgate Servicing,Current,0.003043,0.003791,1e-06,0.999999,0.734088,Current,0.903704,0.162497,document file incomplete,missing_documentation,0.998452,loan age (-0.43) | current balance (-0.25) | market rate delta 12m (-0.24),high,2.6e-05,raise_exception_for_review,Operational exception is more likely than not; route to the data-quality queue.,True
LN100971,2026-06,Belmont Loan Services,Current,0.020847,0.006927,1e-06,0.4375,0.004871,Current,0.972664,0.27769,scheduled payment relative to balance,none,0.771609,note rate (+0.62) | loan purpose (-0.54) | current balance (-0.51),high,4.6e-05,monitor_no_action,All model scores below action thresholds.,True
LN100968,2026-06,Northgate Servicing,Current,0.008638,0.003206,1e-06,0.03352,0.00706,Current,0.983975,0.173701,count of missing credit fields,none,0.380257,credit score band (-1.24) | loan age (+0.63) | scheduled monthly payment (-0.61),high,8e-06,monitor_no_action,All model scores below action thresholds.,True
LN101009,2020-03,Arcadia Capital Servicing,Current,0.035602,0.031394,1e-06,0.999999,0.004245,Current,0.808831,0.028598,balance against expected amortisation for term elapsed,none,0.46594,credit score band (-1.05) | state (+0.90) | loan age (+0.65),high,1.6e-05,retention_review,Prepayment risk is elevated; refer for retention pricing review.,True
LN101008,2026-06,Belmont Loan Services,Current,0.009325,0.014872,1e-06,0.934783,0.004057,Current,0.945544,0.067764,scheduled payment relative to balance,none,0.415018,credit score band (-0.97) | note rate (+0.56) | credit score band (-0.45),high,4.4e-05,retention_review,Prepayment risk is elevated; refer for retention pricing review.,True
LN101006,2026-06,Arcadia Capital Servicing,Current,0.019225,0.007332,1e-06,0.023684,0.0043,Current,0.99604,0.092769,servicer feed record present,none,0.756175,credit score band (-0.91) | share of term elapsed (+0.40) | state (+0.37),high,3.5e-05,monitor_no_action,All model scores below action thresholds.,True
LN100995,2025-04,Northgate Servicing,Current,0.01069,0.010052,1e-06,0.145631,0.005105,Current,0.949351,0.095657,count of missing credit fields,none,0.611579,credit score band (-0.89) | scheduled monthly payment (-0.59) | loan age (+0.57),high,8e-06,monitor_no_action,All model scores below action thresholds.,True
LN100993,2020-11,Kestrel Financial,Current,0.002416,0.000804,1e-06,0.999999,0.005091,Current,0.913111,0.053936,servicer feed record present,none,0.780501,credit score band (-1.08) | market rate delta 12m (-0.54) | credit score band (-0.41),high,1.3e-05,retention_review,Prepayment risk is elevated; refer for retention pricing review.,True
LN100984,2019-07,Belmont Loan Services,Current,0.005372,0.00484,1e-06,0.999999,0.004886,Current,0.888607,0.057402,servicer feed record present,none,0.783662,credit score band (-1.20) | state (+0.50) | scheduled payment relative to balance (+0.45),high,3.4e-05,retention_review,Prepayment risk is elevated; refer for retention pricing review.,True
LN101493,2021-03,Northgate Servicing,Current,0.011693,0.004282,1e-06,0.999999,0.854743,Current,0.809396,0.304251,three-month balance movement,invalid_date_relationship,0.998825,credit score band (-1.07) | share of term elapsed (+0.41) | market rate delta 12m (-0.37),high,8e-06,raise_exception_for_review,Operational exception is more likely than not; route to the data-quality queue.,True
